Post id,Date,Post text,Post Link,Impressions,Likes,Engagements,Bookmarks,Shares,New follows,Replies,Reposts,Profile visits,Detail Expands,URL Clicks,Hashtag Clicks,Permalink Clicks
2007960033766830110,"Sun, Jan 4, 2026","@tolibear_ Honestly, I'm there, and it's so healthy. For me, X is work now and I don’t want to passively work; not worth it. I only open the app to create.",https://x.com/Tuteth_/status/2007960033766830110,103,2,6,0,0,0,1,0,3,0,0,0,0
2002107923858964875,"Fri, Dec 19, 2025","The @MezoNetwork x @xeetdotai campaign just had a MASSIVE update. The prize pool is now worth 200k (up from 50k) and has been extended to Jan 22nd. Even if you hate inf0fi, you should look into Mezo's - BTC DeFi is the future and the Mezo is the clear leader.",https://x.com/Tuteth_/status/2002107923858964875,593,12,48,0,0,0,7,0,5,24,0,0,0
2013058445880988079,"Mon, Jan 19, 2026",@Tyler_Did_It sad to see how money gets liquidated that fast. brutal,https://x.com/Tuteth_/status/2013058445880988079,116,0,2,0,0,0,1,0,0,1,0,0,0
2012509045555359938,"Sat, Jan 17, 2026","@pawnie_ yeah, not what I want to do at all. I create full experiences - full go to market activations, includes branding, design, IP etc. Working with a few teams already and it's extremely valuable for them.",https://x.com/Tuteth_/status/2012509045555359938,17,2,3,0,0,0,1,0,0,0,0,0,0
1987956168346542142,"Mon, Nov 10, 2025",@anradioshow @ACthreeNFT @thepeengwin @Realeks_2 @d00liv @KaruptKP @Satoshi_MZ @Maximus_0812 @DaFameless @Yummy_TheArtist @MayanMango @MichyAsg @rocksonabstract @itzmemoryyy @PacmanNFT @joxiecoxie lmao so brutal,https://x.com/Tuteth_/status/1987956168346542142,76,6,14,0,0,0,1,1,1,5,0,0,0
1989150797410758908,"Fri, Nov 14, 2025",@greenytrades but it could go higher ser,https://x.com/Tuteth_/status/1989150797410758908,206,3,9,0,0,0,2,0,4,0,0,0,0
1999493724855017816,"Fri, Dec 12, 2025",Fugz making some big moves. 👀👀👀,https://x.com/Tuteth_/status/1999493724855017816,1572,30,68,3,0,0,8,1,3,26,0,0,0
2008636307837173969,"Tue, Jan 6, 2026","@icobeast hahaha let me show YOU how to turn $1 &gt; $100,000 I have never done it, but I know how.",https://x.com/Tuteth_/status/2008636307837173969,95,3,6,0,0,0,0,0,1,2,0,0,0
2007635158749642784,"Sun, Jan 4, 2026",@QTRBlackGarrett https://t.co/Uw9ES5mbLa,https://x.com/Tuteth_/status/2007635158749642784,4098,2,9,0,0,0,0,0,2,0,2,0,0
1997485799999431079,"Sun, Dec 7, 2025",@icobeast Let's hear the recipe.,https://x.com/Tuteth_/status/1997485799999431079,110,3,8,0,0,0,0,0,3,2,0,0,0
2009333663805394999,"Thu, Jan 8, 2026","@datadashboards @Polymarket @Kalshi @TheBlock__ yeah, it's a dishonest tactic",https://x.com/Tuteth_/status/2009333663805394999,15,1,2,0,0,0,1,0,0,0,0,0,0
2011882701394231329,"Thu, Jan 15, 2026","@askofemma KOLs were not the only ones eating, that is a myth.",https://x.com/Tuteth_/status/2011882701394231329,10,1,1,0,0,0,0,0,0,0,0,0,0
1994430132422123534,"Fri, Nov 28, 2025",@EarlybscH @djDriverless @megaeth you need a testnet nft to mint this,https://x.com/Tuteth_/status/1994430132422123534,49,4,9,0,0,0,2,0,2,1,0,0,0
2011413429366702281,"Wed, Jan 14, 2026",@playsomo @animocabrands Where is our money?,https://x.com/Tuteth_/status/2011413429366702281,1703,9,14,0,1,0,0,0,0,5,0,0,0
2003580997158469779,"Tue, Dec 23, 2025",@pixilyssa So cute,https://x.com/Tuteth_/status/2003580997158469779,93,2,4,0,0,0,1,0,1,0,0,0,0
2013820078760849469,"Wed, Jan 21, 2026",@AKAMoneyX holy shit this is sad as hell.,https://x.com/Tuteth_/status/2013820078760849469,134,1,1,0,0,0,0,0,0,0,0,0,0
2013264466486448369,"Mon, Jan 19, 2026",@JSVaughn1 @Zeneca I'm really done with that self regulation mindset myself.,https://x.com/Tuteth_/status/2013264466486448369,16,0,1,0,0,0,0,0,1,0,0,0,0
1996314995421012157,"Wed, Dec 3, 2025",TokenWorks is the most creative on-chain mechanism we've had since staking. Nakamigos is the first NFT to launch on the TW decentralized platform. $MEEGSTR is at 650k MC on 750k volume in 2 hours. Nakamigos NFTs are up 25% on the day as well. Pretty sure the success of Good,https://x.com/Tuteth_/status/1996314995421012157,1520,22,84,2,0,1,8,3,5,45,0,0,0
2014336524037370073,"Thu, Jan 22, 2026","@serpinxbt very cool, but I'm a UI guy, and I don't want to work in github lol",https://x.com/Tuteth_/status/2014336524037370073,70,0,1,0,0,0,0,0,1,0,0,0,0
2003509134390624762,"Tue, Dec 23, 2025",@imluidji perfect. lol,https://x.com/Tuteth_/status/2003509134390624762,121,2,2,0,0,0,0,0,0,0,0,0,0
2013093973619777614,"Mon, Jan 19, 2026","@adamagb I just built a dashboard for this, thinking about adding a user vote section",https://x.com/Tuteth_/status/2013093973619777614,142,3,9,0,0,0,1,0,1,4,0,0,0
1990638221647323644,"Tue, Nov 18, 2025",@NightOwlCapital Can I do both?,https://x.com/Tuteth_/status/1990638221647323644,389,5,10,0,0,0,1,0,4,0,0,0,0
2003867720606199960,"Wed, Dec 24, 2025",@danielgothits my mom is muslim and says merry christmas. nobody outside of western culture cares.,https://x.com/Tuteth_/status/2003867720606199960,160,5,10,0,0,0,2,0,0,3,0,0,0
2013377823252046202,"Mon, Jan 19, 2026",I built an intelligent strategy agent for the DeadBitNation team. This agent will be a dynamic market maker for both DeadBitNation and $HOMIE. You are not ready for the DBN on @megaeth. Only a select few will be able to take the pledge.,https://x.com/Tuteth_/status/2013377823252046202,928,33,66,1,0,0,9,3,2,19,0,0,0
1994913690466845021,"Sat, Nov 29, 2025","Hot take: Most people on CT operate with good intentions and are smarter than you give them credit for. If you are still treating your community like mouth-breathing idiots, then you’re severely out of touch with who operates in this space.",https://x.com/Tuteth_/status/1994913690466845021,1834,53,170,2,0,1,21,3,14,78,0,0,0
2013447775132729579,"Tue, Jan 20, 2026",@PEIStateOfMind @megaeth thats appropriate lol,https://x.com/Tuteth_/status/2013447775132729579,19,1,1,0,0,0,0,0,0,0,0,0,0
2003853288522072530,"Wed, Dec 24, 2025","I DID IT I solved the X bot problem months ago. It's brilliant. We turn removing AI Slop into a video game. Elon would love this. Here's the mockup, sound on: https://t.co/NGsAnM18vv",https://x.com/Tuteth_/status/2003853288522072530,3545,77,207,5,0,2,36,0,8,82,0,0,0
1993363951338635764,"Tue, Nov 25, 2025",Looks like megaETH is no longer moving forward with the 1mil cap USDm deposit. So the 500m cap was it. I thought the breadio bakery being fckd would be the worst thing to happen on megaETH today. https://t.co/QVYMutJLYw,https://x.com/Tuteth_/status/1993363951338635764,3438,45,143,1,0,0,8,4,23,53,0,0,0
2011656631621202053,"Thu, Jan 15, 2026",GUUUUUYS Institutions are now earning rewards on their passive BTC vie Mezo Network (@MezoNetwork) Institutions are the new airdrop hunters. We are going so much higher.,https://x.com/Tuteth_/status/2011656631621202053,824,24,72,0,0,0,15,0,2,31,0,0,0
2008919026181841185,"Wed, Jan 7, 2026",@chinsanity big boy tings,https://x.com/Tuteth_/status/2008919026181841185,39,2,4,0,0,0,1,0,0,1,0,0,0
2012227621069664679,"Fri, Jan 16, 2026","@punk9059 I actually think about this all the time, and cannot unsee a future where this keeps going.",https://x.com/Tuteth_/status/2012227621069664679,79,0,0,0,0,0,0,0,0,0,0,0,0
2015358291577032918,"Sun, Jan 25, 2026",@DavidPrenticeJr 🫣,https://x.com/Tuteth_/status/2015358291577032918,4135,1,1,0,0,0,0,0,0,0,0,0,0
2013290044656673157,"Mon, Jan 19, 2026",@signatureXNG @stogolp https://t.co/0sotN4qhLr getting a more robust update soon,https://x.com/Tuteth_/status/2013290044656673157,18,0,17,0,0,0,1,0,3,6,7,0,0
1993520034837414095,"Wed, Nov 26, 2025",tomorrow - there will be bread. gn https://t.co/uxMDc2AIqK,https://x.com/Tuteth_/status/1993520034837414095,2094,116,223,0,0,0,30,2,31,33,0,0,0
2013833504056819977,"Wed, Jan 21, 2026",@joe_the_ET me rn https://t.co/a8KEvQfWXr,https://x.com/Tuteth_/status/2013833504056819977,10,1,1,0,0,0,0,0,0,0,0,0,0
1989299192318112070,"Fri, Nov 14, 2025",dont look at the charts this am bros https://t.co/ifVkdFeeJT,https://x.com/Tuteth_/status/1989299192318112070,710,17,39,0,0,0,9,0,0,11,0,0,0
2004556212831158350,"Fri, Dec 26, 2025",@leonabboud This is my exact mindset,https://x.com/Tuteth_/status/2004556212831158350,113,2,3,0,0,0,0,0,0,1,0,0,0
2010049611755651174,"Sat, Jan 10, 2026",@Disob340 @xeetdotai I've actually made this feeling a real meme. https://t.co/Ri9A9ejjFT,https://x.com/Tuteth_/status/2010049611755651174,27,1,2,0,0,0,1,0,0,0,0,0,0
2009314374406852907,"Thu, Jan 8, 2026",@JordanSour1 right - like you can be a republican you can not want illegal immigrants in your country and you can also defend against rigger happy enforcements agents killing at will. It is possible to hold all these views guys. lol,https://x.com/Tuteth_/status/2009314374406852907,54,2,2,0,0,0,0,0,0,0,0,0,0
1988024589793087647,"Mon, Nov 10, 2025",@LegionHoops @khobi_price LeG-League,https://x.com/Tuteth_/status/1988024589793087647,1240,6,16,0,0,0,1,0,1,8,0,0,0
2009267571011260780,"Thu, Jan 8, 2026",@tinoch The devils juice,https://x.com/Tuteth_/status/2009267571011260780,90,2,2,0,0,0,0,0,0,0,0,0,0
1996737626963923439,"Fri, Dec 5, 2025",@djDriverless @monad I'm such an outside-the-box thinker. Real credibility comes from doing things with ethics. It's important to take risks for expression and creativity. The thought of my behavior being influenced by an ethos score is irrelevant to me—because what I bring is far beyond what that,https://x.com/Tuteth_/status/1996737626963923439,95,3,5,0,0,0,1,0,0,1,0,0,0
2012546740973347120,"Sat, Jan 17, 2026","@SOLsesame I know, but it will cost you, my free consultation period has been used up.",https://x.com/Tuteth_/status/2012546740973347120,231,1,7,0,0,0,0,0,6,0,0,0,0
2010814834988777499,"Mon, Jan 12, 2026",@CrypSaf @deadbitnation yes ser,https://x.com/Tuteth_/status/2010814834988777499,53,1,3,0,0,0,0,0,1,1,0,0,0
1988322131474870340,"Tue, Nov 11, 2025",@BOBBYBIGYIELD @prjx_hl lets gooooo bobbbyyyyyy,https://x.com/Tuteth_/status/1988322131474870340,144,3,7,0,0,0,0,0,1,3,0,0,0
,,,https://x.com/Tuteth_/status/undefined,0,0,0,0,0,0,0,0,0,0,0,0,0
2012342313574395922,"Sat, Jan 17, 2026",@ripchillpill I have 3 - where should I go?,https://x.com/Tuteth_/status/2012342313574395922,62,1,3,0,0,0,0,0,0,2,0,0,0
1992755003564708218,"Mon, Nov 24, 2025",@BOBBYBIGYIELD @Lamboland_ @prjx_hl Are you serious? you guys are insane,https://x.com/Tuteth_/status/1992755003564708218,230,3,4,0,0,0,0,0,1,0,0,0,0
2009630051198001244,"Fri, Jan 9, 2026",@boldleonidas @Pumpfun @krakenpro @opensea @rektmando @zashi_app @kumadotbid Honestly bold - how you’ve made art your career and monetized it like this is extremely inspiring. Respect to you ser,https://x.com/Tuteth_/status/2009630051198001244,207,8,9,0,0,0,0,0,1,0,0,0,0
2003994256348737572,"Thu, Dec 25, 2025",Don’t just bake cookies for yourself this holiday season - make them for your friends here too! Stats started a trend and I’m going to continue it. Here are 4 pals of mine that have inspired a lot of my creativity here: Stats @punk9059 Ultra @0x_ultra ICO @icobeast Bread https://t.co/c6DWCoCMnM,https://x.com/Tuteth_/status/2003994256348737572,3190,94,264,2,0,0,36,3,24,77,0,0,0
2010055362792300710,"Sat, Jan 10, 2026",@Yasmeen07765101 @xeetdotai whatever https://t.co/9Tvmiez8Zh,https://x.com/Tuteth_/status/2010055362792300710,73,0,2,0,0,0,0,0,1,0,0,0,0
2015447127137112244,"Sun, Jan 25, 2026",@ivaavimusic So smart,https://x.com/Tuteth_/status/2015447127137112244,123,1,2,0,0,0,1,0,0,0,0,0,0
2007674885167054895,"Sun, Jan 4, 2026",@cz_binance how was the snow? looks like good ride.,https://x.com/Tuteth_/status/2007674885167054895,226,2,6,0,0,0,0,0,4,0,0,0,0
2009641494580486649,"Fri, Jan 9, 2026",@xeetdotai the list is titled: ??? 50 members right now 👀 what are the boys up to? https://t.co/JlN6Gc3bP7,https://x.com/Tuteth_/status/2009641494580486649,341,9,23,0,0,0,3,0,4,1,0,0,0
2011836207731179812,"Thu, Jan 15, 2026",@vohvohh an industry dead in one blow,https://x.com/Tuteth_/status/2011836207731179812,325,1,2,0,0,0,1,0,0,0,0,0,0
2011877009585275034,"Thu, Jan 15, 2026",@hesperocypress @ezcontra I made an app that can scratch the hardest-to-reach place on my back.,https://x.com/Tuteth_/status/2011877009585275034,721,2,9,0,0,0,1,0,3,3,0,0,0
2012264159656730775,"Fri, Jan 16, 2026",@SOLsesame please tell me this a troll,https://x.com/Tuteth_/status/2012264159656730775,197,1,3,0,0,0,0,0,0,2,0,0,0
2001660761609732407,"Thu, Dec 18, 2025","Attention Artists! The team at @rarible has up to 20k in funding to help you launch an NFT collection. I secured 5k for @deadbitnation to help out my pal @irmanhilmi1 bring his IP to market. If this interests you, let me know - I can help you set up an application and advise",https://x.com/Tuteth_/status/2001660761609732407,1506,42,111,4,0,0,14,1,13,41,0,0,0
2012368753015587264,"Sat, Jan 17, 2026",@MktMates so excited.,https://x.com/Tuteth_/status/2012368753015587264,9,1,1,0,0,0,0,0,0,0,0,0,0
2010048250049618053,"Sat, Jan 10, 2026",@nftchains @xeetdotai I am https://t.co/j1uqkcp5gN,https://x.com/Tuteth_/status/2010048250049618053,99,0,1,0,0,0,0,0,0,0,0,0,0
1991968143284306048,"Fri, Nov 21, 2025",@megaeth lets ride bro https://t.co/Fr7db3TiNE,https://x.com/Tuteth_/status/1991968143284306048,1153,4,21,0,0,0,0,0,2,2,0,0,0
2008995035677905305,"Wed, Jan 7, 2026",@Soathefirstt just had a call with rarible,https://x.com/Tuteth_/status/2008995035677905305,113,2,4,0,0,0,1,0,1,0,0,0,0
2007624419783651782,"Sun, Jan 4, 2026",@CrypSaf I'm here to tell you all there is a way to do it with style.,https://x.com/Tuteth_/status/2007624419783651782,78,3,8,0,0,0,1,0,1,3,0,0,0
2012966493080662167,"Sun, Jan 18, 2026",@meta_alchemist here for this....,https://x.com/Tuteth_/status/2012966493080662167,149,0,0,0,0,0,0,0,0,0,0,0,0
2010191108282953973,"Sun, Jan 11, 2026",@agbowo_chi7938 @MezoNetwork https://t.co/sc3vGyUwLv,https://x.com/Tuteth_/status/2010191108282953973,61,0,0,0,0,0,0,0,0,0,0,0,0
2010922686336163889,"Tue, Jan 13, 2026",@deltasauce @opensea @OliverMaroney @HollanderAdam thanks delta!,https://x.com/Tuteth_/status/2010922686336163889,72,2,3,0,0,0,0,0,0,1,0,0,0
2009440822480314437,"Fri, Jan 9, 2026",@lynoronchain @xeetdotai ty friend,https://x.com/Tuteth_/status/2009440822480314437,43,0,1,0,0,0,0,0,0,1,0,0,0
1990493832644120714,"Mon, Nov 17, 2025","@rarible oh, didn't know i was the first. gg",https://x.com/Tuteth_/status/1990493832644120714,191,10,11,0,0,0,1,0,0,0,0,0,0
2014795607907684504,"Fri, Jan 23, 2026",@Legendaryy @clawdbot @meta_alchemist Will try it out.,https://x.com/Tuteth_/status/2014795607907684504,46,0,0,0,0,0,0,0,0,0,0,0,0
2011141672768622872,"Tue, Jan 13, 2026","@emilios_eth @thedankoe Yeah - but we’re time of building tools, it’s too fun",https://x.com/Tuteth_/status/2011141672768622872,8,1,1,0,0,0,0,0,0,0,0,0,0
2011133776600944817,"Tue, Jan 13, 2026",@MeltedMindz gm,https://x.com/Tuteth_/status/2011133776600944817,86,1,1,0,0,0,0,0,0,0,0,0,0
2009342998681952420,"Thu, Jan 8, 2026","A lot of people lack the mental capacity to understand how good megaETH tech really is. With megaETH, you don't need Solana. Yes, it's that good. I built this comprehensive infographic for you if you're struggling - it should help: https://t.co/QqWybiL0OW",https://x.com/Tuteth_/status/2009342998681952420,1218,48,112,2,0,0,14,4,7,34,0,0,0
2014390769595842915,"Thu, Jan 22, 2026",@SOLsesame hire me I'm doing this right now on two sites lol,https://x.com/Tuteth_/status/2014390769595842915,442,3,14,0,0,0,0,0,9,2,0,0,0
2001352591125762399,"Wed, Dec 17, 2025",@levithefirst I just want to understand the logic. why is it such a discrepancy?,https://x.com/Tuteth_/status/2001352591125762399,60,3,4,0,0,0,1,0,0,0,0,0,0
1996415979899978173,"Thu, Dec 4, 2025",@ethos_network @monad @MyriadMarkets participate in the market here: https://t.co/7AjbWyWqW0,https://x.com/Tuteth_/status/1996415979899978173,733,8,91,1,0,0,2,0,16,25,40,0,0
2012551517086138709,"Sat, Jan 17, 2026","@R3birth just depends on what we're selling. like AI is onboarding like crazy because it's making our lives easier for tedious tasks. If people are going to switch from fiat to crypto, then it should perform better than fiat products.",https://x.com/Tuteth_/status/2012551517086138709,30,2,2,0,0,0,0,0,0,0,0,0,0
1988319630554001909,"Tue, Nov 11, 2025","@BawsaXBT Same, been trying to mix it up myself, find a balancing of creating for creations sake, and creating to get some financial return.",https://x.com/Tuteth_/status/1988319630554001909,103,3,7,0,0,0,1,0,2,1,0,0,0
2007586367384236131,"Sat, Jan 3, 2026",@Darkfarms1 This is a banger ser,https://x.com/Tuteth_/status/2007586367384236131,247,2,4,0,0,0,0,0,1,1,0,0,0
2006920243742937362,"Fri, Jan 2, 2026","My goals for 2026: - Cheat on my wife but not get caught. - Scam my way to millions by abusing my followers. - Go the entire year without wearing deodorant. - Learn to use chopsticks with my feet. - Harness AI to replace 100,000 human jobs. - Go bald, then go to Turkey to",https://x.com/Tuteth_/status/2006920243742937362,2106,63,193,2,0,0,55,1,10,64,0,0,0
1991343175693455628,"Thu, Nov 20, 2025","too quiet, that's okay, I'll save it for another day",https://x.com/Tuteth_/status/1991343175693455628,371,9,10,0,0,0,0,0,1,0,0,0,0
2006053784972054538,"Tue, Dec 30, 2025","@everyonebpup That's amazing. I love talking about the things nobody wants to talk about. I've found most of my growth has happened when I dig into those subjects. Happy to be connected, friend.",https://x.com/Tuteth_/status/2006053784972054538,11,2,3,0,0,0,1,0,0,0,0,0,0
2011944208026780070,"Thu, Jan 15, 2026",@SOLsesame @SOLsesame Option 1 https://t.co/lej2r3jHR1,https://x.com/Tuteth_/status/2011944208026780070,239,2,17,0,0,0,1,0,1,6,0,0,0
2012916289845555578,"Sun, Jan 18, 2026","@icobeast hold on, has the competition even started yet?",https://x.com/Tuteth_/status/2012916289845555578,238,0,1,0,0,0,0,0,1,0,0,0,0
1999626080697581590,"Fri, Dec 12, 2025","HOLY F-ING SHIIIIII Fantasy Top is making some moves that I really like. Travis and the boys have built a prediction market on top of X. This has the potential to be the best ""niche"" prediction market for all of CT—and Fantasy Top has all the resources to pull it off. You can",https://x.com/Tuteth_/status/1999626080697581590,4301,64,189,2,1,0,26,5,17,77,0,0,0
1997718747507839440,"Sun, Dec 7, 2025",I’m so proud to report that I have never once paid for or used any methods to boost my content impressions. not for: Loudio Kaito boards Xeet boards or tut activations. I am 100% organic. Paying for fake impressions is the lamest thing any creator could do in this space. If,https://x.com/Tuteth_/status/1997718747507839440,3643,72,196,1,0,1,28,0,27,68,0,0,0
1998837252617642364,"Wed, Dec 10, 2025",@seanmundyphoto 2 things. 1. defending that is fucked up 2. he is rapping? lol,https://x.com/Tuteth_/status/1998837252617642364,47,3,8,0,0,0,1,0,3,1,0,0,0
2011924744589730123,"Thu, Jan 15, 2026",@tapdotfun wtf - you copied the tut™ color hex code,https://x.com/Tuteth_/status/2011924744589730123,811,7,40,0,0,1,3,0,16,13,0,0,0
2012915900253356036,"Sun, Jan 18, 2026",@meta_alchemist @Lennart_up 👀,https://x.com/Tuteth_/status/2012915900253356036,153,1,5,0,0,0,0,0,2,2,0,0,0
1988003032018112732,"Mon, Nov 10, 2025",@zaimiriQ can at least blur their name lmao.,https://x.com/Tuteth_/status/1988003032018112732,512,7,17,0,0,0,1,0,7,2,0,0,0
2009334091993501821,"Thu, Jan 8, 2026","@datadashboards @Polymarket @Kalshi @TheBlock__ ah fair. have you seen my site? i use your data for the data page, but i have to do it manually as dune credits get smoke",https://x.com/Tuteth_/status/2009334091993501821,15,1,3,0,0,0,1,0,0,1,0,0,0
2004670358670979104,"Fri, Dec 26, 2025",@R2D2zen solid year broski,https://x.com/Tuteth_/status/2004670358670979104,48,2,2,0,0,0,0,0,0,0,0,0,0
1991551518710128870,"Thu, Nov 20, 2025","@WatcherGuru no way, that is so low fuk fuk fuk",https://x.com/Tuteth_/status/1991551518710128870,298,6,11,0,0,0,1,0,0,4,0,0,0
1987963478338941184,"Mon, Nov 10, 2025",@themagic_trader BWO,https://x.com/Tuteth_/status/1987963478338941184,478,7,15,0,0,0,2,0,3,3,0,0,0
2014772135655297180,"Fri, Jan 23, 2026",@CrypSaf We gym,https://x.com/Tuteth_/status/2014772135655297180,74,1,1,0,0,0,0,0,0,0,0,0,0
2013439888419381307,"Tue, Jan 20, 2026",@OBAxbt this is you - enjoy! https://t.co/M94vtmxMdQ,https://x.com/Tuteth_/status/2013439888419381307,25,0,1,0,0,0,0,0,0,0,0,0,0
2005368890994589824,"Sun, Dec 28, 2025","@ThatLife101 That’s the point tho, even X is still nerfing stuff. Working in this space means accepting that complicated data sets managed by an ai system will always be in development. One day the ai loves you. The next it hates you. So rather than focus on the algos, I focus on",https://x.com/Tuteth_/status/2005368890994589824,28,2,10,1,0,0,1,0,2,5,0,0,0
2009749846119342198,"Fri, Jan 9, 2026",@serpinxbt @ethos_network BRING ME THE SERPIN https://t.co/KBb76NbjDl,https://x.com/Tuteth_/status/2009749846119342198,112,1,3,0,0,0,0,0,0,1,0,0,0
2010897126310785071,"Tue, Jan 13, 2026","@Ahmedhaq01 @deadbitnation it's coming, follow @deadbitnation and @meowkillmeow",https://x.com/Tuteth_/status/2010897126310785071,9,1,6,0,0,0,1,0,0,4,0,0,0
1990522007189180875,"Mon, Nov 17, 2025","yoooo, the @opencampus_xyz and @R3ACHNTWRK resume builder just updated based on current market conditions. I just got demolished by their algo. 14k a year, Uber Driver? wtf. https://t.co/hqK8Ralqjq",https://x.com/Tuteth_/status/1990522007189180875,835,20,94,0,0,0,9,0,7,40,0,0,0
2012979086147158349,"Sun, Jan 18, 2026",@man_versus_coin yes ser!,https://x.com/Tuteth_/status/2012979086147158349,18,1,1,0,0,0,0,0,0,0,0,0,0
1993783872924856686,"Wed, Nov 26, 2025",secondary here: https://t.co/VFErAZ4lgz,https://x.com/Tuteth_/status/1993783872924856686,2391,18,709,10,3,0,1,2,16,241,431,0,0
2011863694687215747,"Thu, Jan 15, 2026",@yotdog69 tut loudio,https://x.com/Tuteth_/status/2011863694687215747,76,1,5,0,0,0,1,0,0,3,0,0,0
2010050607047159822,"Sat, Jan 10, 2026",@Bijon_BB truly,https://x.com/Tuteth_/status/2010050607047159822,13,1,2,0,0,0,0,0,0,1,0,0,0
2013686008663969797,"Tue, Jan 20, 2026",@AzFlin This is a stupid token anyway.,https://x.com/Tuteth_/status/2013686008663969797,145,2,3,0,0,0,0,0,1,0,0,0,0
1996311287861481732,"Wed, Dec 3, 2025",@Jampzey how da fuk did this get 1.4k views in 8 minutes.,https://x.com/Tuteth_/status/1996311287861481732,137,3,7,0,0,0,1,0,1,2,0,0,0
1991527086981357604,"Thu, Nov 20, 2025",@0x_ultra Things/people to follow: @legendtrade @badbunnz_ @Tuteth_ @nics_off @bread_ @hotpot_dao @AveForge @rarible @meganacci @hellotradeapp @joinsyndicate_ + so many I'm forgetting - I linked myself because I'm building so cool shit that I truly believe in and i feel is,https://x.com/Tuteth_/status/1991527086981357604,669,33,100,2,0,13,3,1,31,19,0,0,0
1993345314326016095,"Tue, Nov 25, 2025","MegaETH USDM Deposits reopened to 1bil, but then capped again at 500M. NO idea what's going, I got in just under the new cap. I assume the team is managing the demand and will make a plan. IMO - as a builder on megaETH I want as many people incentivised to use the chain. I https://t.co/FTmnk9yF9L",https://x.com/Tuteth_/status/1993345314326016095,5687,48,392,1,0,2,17,1,22,187,0,0,0
1995173600186580994,"Sun, Nov 30, 2025","Just got my Pudgy Penguin mystery box. Pretty excited for this one. Also, my @dyli_io collection is looking good. https://t.co/IUPUtvVW4K",https://x.com/Tuteth_/status/1995173600186580994,1005,43,162,0,0,0,12,0,8,36,0,0,0
2008269880793891063,"Mon, Jan 5, 2026",@nics_off This is from @munchPRMR https://t.co/mC7IdgAs9T,https://x.com/Tuteth_/status/2008269880793891063,375,7,10,0,0,0,1,0,0,2,0,0,0
2003464286597705932,"Tue, Dec 23, 2025","The Bakery is Open for EVERYONE! To celebrate the holiday season, I built a website where you can get your own Breadio custom cookie by tut™. Bonus: I'm giving everyone who uses the site an Xmas present. Happy Holidays Everyone! (link below) tut™ https://t.co/yuPorrBmeZ",https://x.com/Tuteth_/status/2003464286597705932,6501,126,586,10,2,2,81,14,27,311,0,0,0
2012495685136867477,"Sat, Jan 17, 2026",@AlienW3b sup https://t.co/gEKKHSBm4O,https://x.com/Tuteth_/status/2012495685136867477,23,1,2,0,0,0,0,0,0,0,0,0,0
2011417375342727569,"Wed, Jan 14, 2026",@mcgeth Time for $MEGA,https://x.com/Tuteth_/status/2011417375342727569,162,7,12,0,0,0,1,0,0,4,0,0,0
2011937930105729095,"Thu, Jan 15, 2026",@SOLsesame because i took a screenshot for speeeeed relax boss.,https://x.com/Tuteth_/status/2011937930105729095,44,1,6,0,0,0,1,0,1,3,0,0,0
2011863506434629881,"Thu, Jan 15, 2026",@bread_ This is why you're the best at this.,https://x.com/Tuteth_/status/2011863506434629881,300,0,4,0,0,0,0,0,0,4,0,0,0
,,,https://x.com/Tuteth_/status/undefined,0,0,0,0,0,0,0,0,0,0,0,0,0
1994082145837408545,"Thu, Nov 27, 2025",@MisterPonX @monad @opensea brutal,https://x.com/Tuteth_/status/1994082145837408545,295,5,8,0,0,0,1,0,2,0,0,0,0
2014493148521570792,"Fri, Jan 23, 2026",@Kerna_01 lmao,https://x.com/Tuteth_/status/2014493148521570792,115,2,3,0,0,0,0,0,1,0,0,0,0
2011881146167279927,"Thu, Jan 15, 2026","@J_pxlr yes - exactly. I def fell for the xeet guys as I'm close with them, and the had the right intentions.",https://x.com/Tuteth_/status/2011881146167279927,51,0,0,0,0,0,0,0,0,0,0,0,0
2005271967973449793,"Sun, Dec 28, 2025",gm This is algorithmic art made by me https://t.co/ofSUKnrfGf,https://x.com/Tuteth_/status/2005271967973449793,1371,62,231,0,0,3,42,3,3,113,0,0,0
2000626958548300128,"Mon, Dec 15, 2025",@punk9059 @piovincenzo_ @vohvohh @saylor I will engage with every stats hot take video. more more,https://x.com/Tuteth_/status/2000626958548300128,66,5,7,0,0,0,0,0,0,2,0,0,0
1990248093691134052,"Mon, Nov 17, 2025","May I connect with you more deeply, so we can explore our shared journey toward self-actualization giving each other grace, humility, and understanding along the way?",https://x.com/Tuteth_/status/1990248093691134052,1292,39,85,1,0,0,18,1,8,19,0,0,0
1991165081585938602,"Wed, Nov 19, 2025",@megaeth OOOOOO WHAT DO I NEED A CAR FOR ITS SO MYSTERIOUS OOOOO,https://x.com/Tuteth_/status/1991165081585938602,918,4,7,0,0,0,0,0,2,1,0,0,0
2010054498765746593,"Sat, Jan 10, 2026","@0xCygaar thats actually amazing, love this.",https://x.com/Tuteth_/status/2010054498765746593,52,1,1,0,0,0,0,0,0,0,0,0,0
2003505968622284967,"Tue, Dec 23, 2025",@rarifoundation @rarible @megaeth we love rarible.,https://x.com/Tuteth_/status/2003505968622284967,146,4,4,0,0,0,0,0,0,0,0,0,0
2013627260465455293,"Tue, Jan 20, 2026","@antpalkin community votes, but it's been updated https://t.co/jGHcmDzfjf",https://x.com/Tuteth_/status/2013627260465455293,9,0,0,0,0,0,0,0,0,0,0,0,0
1994449098712227956,"Fri, Nov 28, 2025",@Kerna_01 @rarible That’s hustle,https://x.com/Tuteth_/status/1994449098712227956,327,3,4,0,0,0,1,0,0,0,0,0,0
2012265054347858426,"Fri, Jan 16, 2026",@ripchillpill nothing has changed really if you're doing it right.,https://x.com/Tuteth_/status/2012265054347858426,20,0,0,0,0,0,0,0,0,0,0,0,0
1991906426147488032,"Fri, Nov 21, 2025",Tip #2: If english is not your native language - compose your content in your native language and ask for the English output to be as similar to you casual style. AI will take your content and turn it into Slop that people won't like.,https://x.com/Tuteth_/status/1991906426147488032,290,3,7,0,0,0,1,0,0,3,0,0,0
1996983013469516281,"Fri, Dec 5, 2025",So extremely sick Won’t hear much from tut today. https://t.co/XdHIYF6r3Y,https://x.com/Tuteth_/status/1996983013469516281,4047,103,242,1,0,0,50,4,12,72,0,0,0
2011823874225156330,"Thu, Jan 15, 2026",@AzFlin Game is game lol,https://x.com/Tuteth_/status/2011823874225156330,111,2,3,0,0,0,0,0,0,1,0,0,0
2010024381767135584,"Sat, Jan 10, 2026",@levithefirst “That art is fucking sick dad”,https://x.com/Tuteth_/status/2010024381767135584,13,1,2,0,0,0,1,0,0,0,0,0,0
2013695624114237659,"Tue, Jan 20, 2026",@zemoon_xbt Ultra is the goat,https://x.com/Tuteth_/status/2013695624114237659,24,2,3,0,0,0,1,0,0,0,0,0,0
2013339302319489141,"Mon, Jan 19, 2026",@R3birth Nope,https://x.com/Tuteth_/status/2013339302319489141,5,1,1,0,0,0,0,0,0,0,0,0,0
2013993651806814241,"Wed, Jan 21, 2026",@deadbitnation the nation,https://x.com/Tuteth_/status/2013993651806814241,83,1,2,0,0,0,0,0,1,0,0,0,0
2011840508356936034,"Thu, Jan 15, 2026",@whenmo0n @wallchain this is actually bullish for individual creators as the deal flows go direct now.,https://x.com/Tuteth_/status/2011840508356936034,9,2,7,0,0,1,1,0,0,3,0,0,0
2012952050825384158,"Sun, Jan 18, 2026",@meta_alchemist IdeaRalph - I'm imagining a haram with 2000 women.,https://x.com/Tuteth_/status/2012952050825384158,167,1,6,0,0,0,1,0,2,2,0,0,0
2003174043873096159,"Mon, Dec 22, 2025","At this point, if we're not sponsoring gas, then shut the whole thing down. Nobody has time to click and bridge, and transfer this out all day. The general public is definitely not going to figure it out. Trying to claim my @opensea bizzy, and I need Flow. Trying to get BTC on https://t.co/Tl90AHr0Q4",https://x.com/Tuteth_/status/2003174043873096159,1915,47,203,0,0,1,21,2,4,52,0,0,0
2012955161690288587,"Sun, Jan 18, 2026",@zacxbt @base @meta_alchemist commenting to boost :),https://x.com/Tuteth_/status/2012955161690288587,268,1,7,0,0,0,2,0,2,2,0,0,0
1991156677924540420,"Wed, Nov 19, 2025","If I was looking for the next play, I would go all in on prediction markets. There are countless opportunities in this new economy that no one is fully capitalising on yet. The infra is still super raw - but people are building layers on top so they will operate exactly like https://t.co/x8HLxp8IVa",https://x.com/Tuteth_/status/1991156677924540420,4168,37,233,6,0,1,16,3,13,110,0,0,0
2012583953245306956,"Sat, Jan 17, 2026",@icobeast I would argue it's 1:1 lmao,https://x.com/Tuteth_/status/2012583953245306956,96,1,1,0,0,0,0,0,0,0,0,0,0
2010053762845684195,"Sat, Jan 10, 2026",@Pons_ETH he deleted.... lol,https://x.com/Tuteth_/status/2010053762845684195,43,2,4,0,0,0,0,0,0,2,0,0,0
2011417043929583849,"Wed, Jan 14, 2026",I lied - looks like chests will continue to operate even during TGE https://t.co/aTktaC8NnA,https://x.com/Tuteth_/status/2011417043929583849,241,5,10,0,0,0,0,1,0,1,0,0,0
2013327704502788462,"Mon, Jan 19, 2026",@man_versus_coin @R2D2zen @Pons_ETH That’s right,https://x.com/Tuteth_/status/2013327704502788462,9,1,1,0,0,0,0,0,0,0,0,0,0
2013807490010403115,"Wed, Jan 21, 2026",@Degenplayer_1 for real! love you man,https://x.com/Tuteth_/status/2013807490010403115,9,1,2,0,0,0,1,0,0,0,0,0,0
2013081675333337275,"Mon, Jan 19, 2026",@imthatdexter there ya go!,https://x.com/Tuteth_/status/2013081675333337275,8,1,4,0,0,0,1,0,0,2,0,0,0
2011603308067373375,"Thu, Jan 15, 2026",@AdenJax2012 Thanks Dennis,https://x.com/Tuteth_/status/2011603308067373375,30,1,1,0,0,0,0,0,0,0,0,0,0
1989039609989271557,"Thu, Nov 13, 2025",@0xWalido @rarifoundation @deadbitnation in time habibi https://t.co/Gw0n46T6nr,https://x.com/Tuteth_/status/1989039609989271557,80,4,6,0,0,0,1,0,0,1,0,0,0
2012543273403834469,"Sat, Jan 17, 2026",@ghostcutter pretty simple. there's a reason why AI is taking off as a tech...,https://x.com/Tuteth_/status/2012543273403834469,18,1,1,0,0,0,0,0,0,0,0,0,0
1998810086115070025,"Wed, Dec 10, 2025",@Pons_ETH So like great we have this data - now what?,https://x.com/Tuteth_/status/1998810086115070025,474,3,15,0,0,0,2,0,4,6,0,0,0
2012570058493399430,"Sat, Jan 17, 2026",@Gamejudge_ This is coming from smart people. I think it's more of an issue with facing reality vs. a WAGMI mindset,https://x.com/Tuteth_/status/2012570058493399430,18,1,4,0,0,0,0,0,0,3,0,0,0
1994376319501828398,"Fri, Nov 28, 2025",I’m advising a team that’s built a solution to failed token launches on @megaeth. It’s going to revolutionize how we build financial ecosystems on chain. It’s a shame to see hyped launches like chog get ruined on mint day. More on this soon.,https://x.com/Tuteth_/status/1994376319501828398,1537,33,98,2,0,0,6,1,11,47,0,0,0
1989165292631802156,"Fri, Nov 14, 2025","Sooo, what part of the cycle are we in right now? https://t.co/gq0dhp6nUZ",https://x.com/Tuteth_/status/1989165292631802156,1669,51,179,1,0,0,17,2,3,50,0,0,0
2014495307388661930,"Fri, Jan 23, 2026",@Nobrakes_x Haha there we go!,https://x.com/Tuteth_/status/2014495307388661930,101,1,1,0,0,0,0,0,0,0,0,0,0
1988614191289184516,"Wed, Nov 12, 2025",Building a 400k revenue generating app in public - Post #3. My prediction market site now has aggregated categories for the top volume markets across the big 4 - Kalshi/Polymarket/Myriad/Limitless Design is to be the central hub for All Prediction Markets https://t.co/b7wgIy7mem,https://x.com/Tuteth_/status/1988614191289184516,1296,30,148,0,0,0,15,2,13,47,0,0,0
2013267320127307893,"Mon, Jan 19, 2026",@0xbrlian lmao,https://x.com/Tuteth_/status/2013267320127307893,47,1,1,0,0,0,0,0,0,0,0,0,0
2011585321704833412,"Wed, Jan 14, 2026",@0xxbeacon Hmmm maybe need to buy more,https://x.com/Tuteth_/status/2011585321704833412,58,0,1,0,0,0,0,0,1,0,0,0,0
2012568961171272095,"Sat, Jan 17, 2026",@Gamejudge_ I'm so surprised there are still people who don't get this.,https://x.com/Tuteth_/status/2012568961171272095,26,1,6,0,0,0,1,0,1,3,0,0,0
2008708096655569293,"Wed, Jan 7, 2026",@Slayed_eth turn this into a contemporary art piece.,https://x.com/Tuteth_/status/2008708096655569293,72,2,4,0,0,0,0,0,0,2,0,0,0
2013800566627962975,"Wed, Jan 21, 2026","@meodik24 oh no. lol You are living it too, is it your first?",https://x.com/Tuteth_/status/2013800566627962975,16,1,2,0,0,0,1,0,0,0,0,0,0
2009641755533312047,"Fri, Jan 9, 2026",@Joepcxc @xeetdotai I am a hungry bro,https://x.com/Tuteth_/status/2009641755533312047,36,1,4,0,0,0,1,0,1,1,0,0,0
2003092772241490036,"Mon, Dec 22, 2025",gm Reminder: Mint your LOB for megaETH mainnet airdrop. You have 2 hours. Then the baker will burn.,https://x.com/Tuteth_/status/2003092772241490036,2316,84,293,1,3,1,36,7,12,153,0,0,0
1987919787419226355,"Mon, Nov 10, 2025",@pudgypenguins pengu on top,https://x.com/Tuteth_/status/1987919787419226355,206,3,14,0,0,0,0,0,1,10,0,0,0
2000992492364423486,"Tue, Dec 16, 2025",@Pons_ETH this is deranged pons. lmao,https://x.com/Tuteth_/status/2000992492364423486,157,3,8,0,0,0,1,0,3,1,0,0,0
2013048599651721422,"Mon, Jan 19, 2026",@GianTheRios Once an app is built*,https://x.com/Tuteth_/status/2013048599651721422,70,0,0,0,0,0,0,0,0,0,0,0,0
2013332716939256260,"Mon, Jan 19, 2026",@zaddyfi zaddy zad zad,https://x.com/Tuteth_/status/2013332716939256260,58,0,0,0,0,0,0,0,0,0,0,0,0
2013059386483028473,"Mon, Jan 19, 2026","@thedankoe if you want to see your competition, I built the only x article dashboard. you are ahead by a lot! lol https://t.co/0CfAWr6dl6",https://x.com/Tuteth_/status/2013059386483028473,166,1,15,0,0,0,0,0,3,0,0,0,0
1995168160312332497,"Sun, Nov 30, 2025",@OlricOnlyfornft then why participate here?,https://x.com/Tuteth_/status/1995168160312332497,63,3,6,0,0,0,1,0,0,2,0,0,0
2008708835037401324,"Wed, Jan 7, 2026",@CrypSaf safz rn https://t.co/yjTNewrMSb,https://x.com/Tuteth_/status/2008708835037401324,119,2,4,1,0,0,1,0,1,0,0,0,0
1993781551826653263,"Wed, Nov 26, 2025",@0xwakes more more,https://x.com/Tuteth_/status/1993781551826653263,206,4,4,0,0,0,0,0,0,0,0,0,0
2007925949371924560,"Sun, Jan 4, 2026",https://t.co/HARptwRkbs,https://x.com/Tuteth_/status/2007925949371924560,8483,108,818,80,6,1,21,12,18,620,38,0,0
2014365657320628243,"Thu, Jan 22, 2026","@0xxbeacon hold on, they are all suspended? wtf am i looking at?",https://x.com/Tuteth_/status/2014365657320628243,324,2,2,0,0,0,0,0,0,0,0,0,0
2002740897319199125,"Sun, Dec 21, 2025",@headsUp_ETH gm,https://x.com/Tuteth_/status/2002740897319199125,141,4,5,0,0,0,1,0,0,0,0,0,0
2001668051121602636,"Thu, Dec 18, 2025","BREAKING megaETH (@megaeth) Mainnet is live. This phase is called Frontier, so it's only available for builders to stress test the chain and prepare for the flood of users. The oven stays on!",https://x.com/Tuteth_/status/2001668051121602636,1212,52,107,2,1,0,12,2,5,36,0,0,0
2014017585931501670,"Wed, Jan 21, 2026",@Pons_ETH so when do we double down on people who operate with good ethics?,https://x.com/Tuteth_/status/2014017585931501670,100,1,1,0,0,0,0,0,0,0,0,0,0
1999882007111958679,"Sat, Dec 13, 2025",Post you and your celeb lookalike. Hard to find a booty that matches mine. Jenna Ortega will do though. https://t.co/19zXIVdVaB,https://x.com/Tuteth_/status/1999882007111958679,16971,65,876,6,0,0,37,1,24,87,0,0,0
2014493031605338513,"Fri, Jan 23, 2026",@0xWalido My man,https://x.com/Tuteth_/status/2014493031605338513,115,2,2,0,0,0,0,0,0,0,0,0,0
1988283970555924896,"Tue, Nov 11, 2025","A DeFi protocol Stream Finance just went insolvent for $93M. Again, crypto users get fckd by horrible management, and probably scammers. The middlemen here are @MEVCapital and @autopools and they are washing their hands of this. A lot of everyday CT users just losing 5 figs.",https://x.com/Tuteth_/status/1988283970555924896,2080,17,97,0,0,1,5,3,21,50,0,0,0
2012595936829014417,"Sat, Jan 17, 2026",@lol_c4tz @badbunnz_ I'm all in. lol,https://x.com/Tuteth_/status/2012595936829014417,106,3,11,0,0,0,2,1,1,4,0,0,0
2009817972454359191,"Sat, Jan 10, 2026",@SickAssPen @xeetdotai god i love you,https://x.com/Tuteth_/status/2009817972454359191,89,1,3,0,0,0,0,0,2,0,0,0,0
1993417530619170999,"Tue, Nov 25, 2025",@rarible 🙏,https://x.com/Tuteth_/status/1993417530619170999,246,3,6,0,0,0,0,0,2,1,0,0,0
2013277685930135904,"Mon, Jan 19, 2026",@useBackroom ▇▇▇▇ ▇▇ tut cooking,https://x.com/Tuteth_/status/2013277685930135904,321,3,22,0,0,0,1,0,15,3,0,0,0
2012997416161525770,"Sun, Jan 18, 2026","@gmoneyNFT haha yeah , I'm coming to that conclusion too. There's a massive field for ""let me create a bespoke app for you company that no SaaS can do exactly what you need""",https://x.com/Tuteth_/status/2012997416161525770,86,0,0,0,0,0,0,0,0,0,0,0,0
2010875629508673701,"Tue, Jan 13, 2026",@0xWalido @badlydrawnbarry @deadbitnation @meowkillmeow @irmanhilmi1 lets go brother.,https://x.com/Tuteth_/status/2010875629508673701,30,2,4,0,0,0,1,0,0,1,0,0,0
1990060455214432283,"Sun, Nov 16, 2025","@WatcherGuru also elon ""grok is the best"" its not",https://x.com/Tuteth_/status/1990060455214432283,450,7,14,0,0,0,1,0,2,4,0,0,0
2012268841267589281,"Fri, Jan 16, 2026",@DeeZe haha I'm the first.,https://x.com/Tuteth_/status/2012268841267589281,126,1,1,0,0,0,0,0,0,0,0,0,0
2010719027711361115,"Mon, Jan 12, 2026",@MadPottersBK thank you!,https://x.com/Tuteth_/status/2010719027711361115,13,0,0,0,0,0,0,0,0,0,0,0,0
1991580933556957606,"Thu, Nov 20, 2025",@crazynorth_eth with the share this morning,https://x.com/Tuteth_/status/1991580933556957606,316,4,11,0,0,0,0,0,6,1,0,0,0
2013960300551086245,"Wed, Jan 21, 2026",@kolkrypt well that's good. I'm all messed up. lolk,https://x.com/Tuteth_/status/2013960300551086245,15,1,1,0,0,0,0,0,0,0,0,0,0
2010785212217623035,"Mon, Jan 12, 2026",@maccurated @tapdotfun @SOLsesame gg lol,https://x.com/Tuteth_/status/2010785212217623035,24,3,3,0,0,0,0,0,0,0,0,0,0
2010920691793592582,"Tue, Jan 13, 2026",@mert I think it killed cursor for me too.,https://x.com/Tuteth_/status/2010920691793592582,300,0,0,0,0,0,0,0,0,0,0,0,0
2010902282792063415,"Tue, Jan 13, 2026",@fimmonaci @dingalingts @steveaoki bring me back,https://x.com/Tuteth_/status/2010902282792063415,82,1,1,0,0,0,0,0,0,0,0,0,0
2002528070041837794,"Sat, Dec 20, 2025","HIRING! tut™ needs an intern! Skills: - Can run/grow social accounts (X, Instagram, Sora, etc.) - Post content, memes, and be a reply guy - Help with research, building datasets/managing my inbound - Stroke my ego daily I'm posting this at 6:45pm on the Saturday before https://t.co/ZxPC75lc4o",https://x.com/Tuteth_/status/2002528070041837794,2929,104,374,6,2,2,40,6,83,112,0,0,0
2011524363779260885,"Wed, Jan 14, 2026",@FogoNPC Please god,https://x.com/Tuteth_/status/2011524363779260885,28,0,1,0,0,0,0,0,0,1,0,0,0
1993063498235232736,"Mon, Nov 24, 2025",BREAKING - MegaETH x Breadio The Tut™ LOB Bakery is open for secondary trading on @rarible Rarity/traits are now paired with your ETH NFT. The oven is turned off for now - no minting until the baker returns. Don’t fumble the bread bag. link in next tweet https://t.co/gJSvsTloxX,https://x.com/Tuteth_/status/1993063498235232736,8229,125,1169,20,3,0,42,17,101,476,0,0,0
2009369413779063245,"Thu, Jan 8, 2026",@icobeast fantasy top whyyyyyyyaaaaa,https://x.com/Tuteth_/status/2009369413779063245,292,1,2,0,0,0,0,0,0,1,0,0,0
2009655444361621924,"Fri, Jan 9, 2026","megaETH NFTs, whats hot, im shopping https://t.co/Sxbqvu0RtM",https://x.com/Tuteth_/status/2009655444361621924,974,38,93,2,0,0,6,0,3,14,32,0,0
2012251227438911927,"Fri, Jan 16, 2026",Another solid @opensea chest campaign for tut™. &gt; more $SEA &gt; All my trading fees back in USDC &gt; Pudgy Penguin SBT https://t.co/wgwdQElW22,https://x.com/Tuteth_/status/2012251227438911927,1955,30,233,0,0,0,8,1,8,38,0,0,0
2012279064996782431,"Fri, Jan 16, 2026","@XCreators This is actually wild, and I love it.",https://x.com/Tuteth_/status/2012279064996782431,329,2,7,0,0,0,0,0,4,1,0,0,0
2011943447595237807,"Thu, Jan 15, 2026",@SOLsesame black bg loses the fun factor. https://t.co/MwzMafCvGh,https://x.com/Tuteth_/status/2011943447595237807,102,2,20,0,0,0,1,0,1,1,0,0,0
2011916474705645797,"Thu, Jan 15, 2026",@Jampzey 100% agree here.,https://x.com/Tuteth_/status/2011916474705645797,83,2,5,0,0,0,1,0,1,1,0,0,0
1998485755107434919,"Tue, Dec 9, 2025",@VibekeAlvestad This performance is better art than her actual art.,https://x.com/Tuteth_/status/1998485755107434919,491,6,12,0,0,0,1,0,0,5,0,0,0
1987509899215978960,"Sun, Nov 9, 2025","I mostly agree with ICO here about airdrop farmers being bad. However, the concept of incentivizing users to perform actions and dangling a reward is a form of contract — and it’s not black and white. Users who complete the actions set out by a protocol do have expectations —",https://x.com/Tuteth_/status/1987509899215978960,9396,69,254,3,0,2,18,2,45,118,0,0,0
2010072350721749153,"Sat, Jan 10, 2026","@_matisei nope, last one was like 2023",https://x.com/Tuteth_/status/2010072350721749153,18,1,2,0,0,0,0,0,1,0,0,0,0
2011914953062547751,"Thu, Jan 15, 2026",@C0NWIC you know posting on X is incentivized right?,https://x.com/Tuteth_/status/2011914953062547751,5,0,0,0,0,0,0,0,0,0,0,0,0
1998486229864907106,"Tue, Dec 9, 2025",@icobeast your colleague made a site to do this lol,https://x.com/Tuteth_/status/1998486229864907106,355,4,9,0,0,0,1,0,2,2,0,0,0
2013054616896749754,"Mon, Jan 19, 2026",@RektBarrister ohh I had no idea.,https://x.com/Tuteth_/status/2013054616896749754,6,1,1,0,0,0,0,0,0,0,0,0,0
2012377707837874536,"Sat, Jan 17, 2026",I don't think most of CT realizes that we are at the forefront of AI technology. I work at a college and I was the first professor EVER to ask for an API code to the school learning platform we use. This is leading college in Cananda with over 6000 people on staff. And nobody,https://x.com/Tuteth_/status/2012377707837874536,1264,44,78,0,0,0,11,1,7,15,0,0,0
2010767516600082788,"Mon, Jan 12, 2026",@0xCryptozemoon @xeetdotai same,https://x.com/Tuteth_/status/2010767516600082788,12,1,2,0,0,0,1,0,0,0,0,0,0
2011914344032854235,"Thu, Jan 15, 2026",@Pons_ETH gm brother so sorry this happened to your work man.,https://x.com/Tuteth_/status/2011914344032854235,160,1,1,0,0,0,0,0,0,0,0,0,0
2011115987362558218,"Tue, Jan 13, 2026",@SickAssPen lmao SAP,https://x.com/Tuteth_/status/2011115987362558218,48,2,2,0,0,0,0,0,0,0,0,0,0
2013626981473026456,"Tue, Jan 20, 2026",@0x_ultra So happy we cooked on this.,https://x.com/Tuteth_/status/2013626981473026456,134,4,6,0,0,0,0,0,2,0,0,0,0
2014459370520601076,"Thu, Jan 22, 2026",6 hours. That's how long it took MegaETH to flip Hyperliquid and Polkadot's ALL-TIME transaction count. Combined. Watch the video - there's some secret alpha at the end that you don't want to miss. MegaETH will save crypto. https://t.co/mxcLdkylTK,https://x.com/Tuteth_/status/2014459370520601076,7721,181,496,16,8,1,47,15,22,223,0,0,0
2002131159640387591,"Fri, Dec 19, 2025",@Real_n3xt I moved my mom Into my house. Best thing ever,https://x.com/Tuteth_/status/2002131159640387591,96,5,9,0,0,0,2,0,2,0,0,0,0
1999210589818683485,"Thu, Dec 11, 2025","@punk9059 oh man. I was an avid reader from 10 &gt; 35. then, web3. It's my greatest regret and I can't get back in the habit.",https://x.com/Tuteth_/status/1999210589818683485,196,5,9,0,0,0,3,0,1,0,0,0,0
2014776620406501512,"Fri, Jan 23, 2026",@imthatdexter @deadbitnation @meowkillmeow where do we get a code?,https://x.com/Tuteth_/status/2014776620406501512,212,3,8,0,0,0,1,0,1,3,0,0,0
1988978839490552308,"Thu, Nov 13, 2025",Some big news coming up in relation to working with @rarifoundation x @deadbitnation 👀👀👀 tut™ family stays winning,https://x.com/Tuteth_/status/1988978839490552308,5162,91,251,6,0,5,29,9,28,89,0,0,0
1998475778049122582,"Tue, Dec 9, 2025",@Izzyalright the scandal if you are interested: https://t.co/yYKbtKWo6b,https://x.com/Tuteth_/status/1998475778049122582,855,12,22,0,0,0,2,0,2,6,0,0,0
2011878768777052493,"Thu, Jan 15, 2026",@0xCryptozemoon go look at the comment section under some top accounts. all slop,https://x.com/Tuteth_/status/2011878768777052493,61,1,1,0,0,0,0,0,0,0,0,0,0
2014004395877314828,"Wed, Jan 21, 2026",@Domingo_gou So stressful,https://x.com/Tuteth_/status/2014004395877314828,10,1,2,0,0,0,0,0,0,1,0,0,0
2010368423591919934,"Sun, Jan 11, 2026","""tut, what do you mean this will change the art world?"" you have no idea friend https://t.co/a62cBNrTz0",https://x.com/Tuteth_/status/2010368423591919934,1276,64,149,1,0,0,30,1,9,30,0,0,0
2002046748378959911,"Fri, Dec 19, 2025",@thebluepantherr @megaeth thats me,https://x.com/Tuteth_/status/2002046748378959911,107,3,5,0,0,0,1,0,1,0,0,0,0
2011648253175963774,"Thu, Jan 15, 2026",@fasterdotfun woooord https://t.co/IA8zItrZpl,https://x.com/Tuteth_/status/2011648253175963774,81,0,0,0,0,0,0,0,0,0,0,0,0
2007165264090255383,"Fri, Jan 2, 2026",@AzFlin please never look at my git hub.,https://x.com/Tuteth_/status/2007165264090255383,322,3,6,0,0,0,1,0,1,1,0,0,0
2014770787761455312,"Fri, Jan 23, 2026",@Legendaryy @clawdbot @meta_alchemist Really need this. A lot of my projects loose memory. Will this be a mcp?,https://x.com/Tuteth_/status/2014770787761455312,189,0,1,0,0,0,1,0,0,0,0,0,0
2001680573266362620,"Thu, Dec 18, 2025",@batzdu gm gm,https://x.com/Tuteth_/status/2001680573266362620,81,3,4,0,0,0,0,0,1,0,0,0,0
2010437033815405017,"Sun, Jan 11, 2026",@0xwakes It’s a sad but real truth.,https://x.com/Tuteth_/status/2010437033815405017,27,1,1,0,0,0,0,0,0,0,0,0,0
2007968830472200213,"Mon, Jan 5, 2026","@MeltedMindz It’s a rhythm thing with x right now. Once you get traction again, it’s really good",https://x.com/Tuteth_/status/2007968830472200213,97,2,5,0,0,0,1,0,1,1,0,0,0
2013806544626881022,"Wed, Jan 21, 2026",@vialba1990 that we can agree on lol,https://x.com/Tuteth_/status/2013806544626881022,54,0,0,0,0,0,0,0,0,0,0,0,0
2002848261531668776,"Sun, Dec 21, 2025",Hey @Berko_Crypto we may need a large PSA about this. Someone is going to get drained.,https://x.com/Tuteth_/status/2002848261531668776,329,5,19,1,0,0,1,1,5,7,0,0,0
2009601474255585582,"Fri, Jan 9, 2026",@ASvanevik I am! It’s live. https://t.co/xUFKBusY8R,https://x.com/Tuteth_/status/2009601474255585582,429,3,70,3,0,0,0,0,6,21,40,0,0
2010431999358681394,"Sun, Jan 11, 2026",@bread_ Homified: https://t.co/ALM6kXIOSx,https://x.com/Tuteth_/status/2010431999358681394,80,4,12,0,0,0,2,0,0,5,0,0,0
1993072023619407915,"Mon, Nov 24, 2025",@rarible https://t.co/VFErAZ4T67,https://x.com/Tuteth_/status/1993072023619407915,2618,22,900,5,1,0,6,0,12,296,564,0,0
2012577835706151205,"Sat, Jan 17, 2026","@ninja_dev3 @serpinxbt ahh got u! yup, been here since 2017 as well.",https://x.com/Tuteth_/status/2012577835706151205,9,1,4,0,0,0,1,0,0,2,0,0,0
2011945101497446791,"Thu, Jan 15, 2026",@SOLsesame I would explore this direction more.,https://x.com/Tuteth_/status/2011945101497446791,232,2,6,1,0,0,0,0,1,3,0,0,0
2011475864001630279,"Wed, Jan 14, 2026",@J_pxlr lol,https://x.com/Tuteth_/status/2011475864001630279,110,0,2,0,0,0,0,0,1,1,0,0,0
2014428478121062491,"Thu, Jan 22, 2026",@Tivurtirkuoh @deadbitnation always,https://x.com/Tuteth_/status/2014428478121062491,55,0,0,0,0,0,0,0,0,0,0,0,0
2013023642410439006,"Sun, Jan 18, 2026",access it here: https://t.co/0sotN4qhLr,https://x.com/Tuteth_/status/2013023642410439006,512,9,144,1,0,0,0,1,3,40,91,0,0
2014443300904685983,"Thu, Jan 22, 2026",@PEIStateOfMind @deadbitnation lets see it.,https://x.com/Tuteth_/status/2014443300904685983,35,2,2,0,0,0,0,0,0,0,0,0,0
1997744916978602134,"Sun, Dec 7, 2025",@k1rallik @eeelistar I already paid Elisa to comment - down 1k now.,https://x.com/Tuteth_/status/1997744916978602134,46,3,6,0,0,0,1,0,0,2,0,0,0
2009989958724145202,"Sat, Jan 10, 2026",@Joestar_sann @xeetdotai Higher,https://x.com/Tuteth_/status/2009989958724145202,38,1,2,0,0,0,0,0,0,1,0,0,0
2011584635684454875,"Wed, Jan 14, 2026",@cblkrypt @deadbitnation @meowkillmeow When pledge,https://x.com/Tuteth_/status/2011584635684454875,74,1,1,0,0,0,0,0,0,0,0,0,0
2005074301867774078,"Sun, Dec 28, 2025","Xeet fckn sucks, my account got nerfed. Guys, if you’re mad at Xeet or Wallchain or whatever, you’re doing this whole thing wrong. “but, but, they slashed me, my account is...” I’m going to stop you right there. And I mean this with a heart full of love and support. If you",https://x.com/Tuteth_/status/2005074301867774078,4865,73,233,2,1,1,37,4,37,81,0,0,0
2003492578818425161,"Tue, Dec 23, 2025","The XCOPY Grifter cookie goes hard. If you want your free tut™ cookie, follow the post below. https://t.co/mSBmd9O3xy",https://x.com/Tuteth_/status/2003492578818425161,1186,31,73,0,0,0,9,0,4,26,0,0,0
1999592830763680234,"Fri, Dec 12, 2025","Everyone should listen to Stats here. He's saying the quiet part out loud about much of the marketing and activations here and how we really feel About it. Stats, more of this style of content please - I love it.",https://x.com/Tuteth_/status/1999592830763680234,1448,23,50,2,0,1,11,0,2,13,0,0,0
1996406676023632115,"Thu, Dec 4, 2025",Join the movement and make your bet on myriad here: https://t.co/seZev6PZDd,https://x.com/Tuteth_/status/1996406676023632115,615,7,146,1,0,0,2,0,2,40,95,0,0
2012262420488540298,"Fri, Jan 16, 2026",@CryptoBlckParty @tapdotfun lets fuck some shit up,https://x.com/Tuteth_/status/2012262420488540298,15,1,4,0,0,0,0,0,2,1,0,0,0
2013816082960670991,"Wed, Jan 21, 2026",@nix_eth @Aborean my man nix! cooooooooooking,https://x.com/Tuteth_/status/2013816082960670991,78,2,3,0,0,0,1,0,0,0,0,0,0
2012313513822171251,"Fri, Jan 16, 2026",@0xdgw thanks friend!,https://x.com/Tuteth_/status/2012313513822171251,20,1,1,0,0,0,0,0,0,0,0,0,0
2013668851234349223,"Tue, Jan 20, 2026","@punk9059 dude, so adorable. name = oreo",https://x.com/Tuteth_/status/2013668851234349223,160,3,7,0,0,0,0,0,1,3,0,0,0
1988987612208722363,"Thu, Nov 13, 2025",@deadbitnation gm,https://x.com/Tuteth_/status/1988987612208722363,84,3,5,0,0,0,0,0,0,2,0,0,0
1995169165192179747,"Sun, Nov 30, 2025",@ozgeakn95 wtf is a privacy mixer?,https://x.com/Tuteth_/status/1995169165192179747,24,3,5,0,0,0,0,0,0,2,0,0,0
2010457116285542401,"Sun, Jan 11, 2026",@CrypSaf sigh https://t.co/gft8sg8twg,https://x.com/Tuteth_/status/2010457116285542401,28,2,5,0,0,0,1,0,0,1,0,0,0
2012257515543613552,"Fri, Jan 16, 2026",https://t.co/ceajKreoHm,https://x.com/Tuteth_/status/2012257515543613552,8262,241,1472,63,5,6,81,15,229,900,0,0,0
2012512191119753644,"Sat, Jan 17, 2026",@0x_ultra same! lol,https://x.com/Tuteth_/status/2012512191119753644,78,0,0,0,0,0,0,0,0,0,0,0,0
2014330203200237993,"Thu, Jan 22, 2026",@AzeezDephi gm,https://x.com/Tuteth_/status/2014330203200237993,9,1,1,0,0,0,0,0,0,0,0,0,0
2010875587057926574,"Tue, Jan 13, 2026",@badlydrawnbarry @deadbitnation @meowkillmeow @irmanhilmi1 lets get it barry,https://x.com/Tuteth_/status/2010875587057926574,103,4,5,0,0,0,0,0,0,1,0,0,0
2007210917629751503,"Fri, Jan 2, 2026",@ItsTymo @predictfully_ Noted!,https://x.com/Tuteth_/status/2007210917629751503,106,2,7,0,0,0,1,0,3,1,0,0,0
2013023538739925315,"Sun, Jan 18, 2026",https://t.co/a4vdFvf0qZ,https://x.com/Tuteth_/status/2013023538739925315,2740,62,569,8,0,1,21,6,12,464,3,0,0
2006002217183240576,"Tue, Dec 30, 2025",@fimmonaci @megaeth @TheFluffleNFT @badbunnz_ @WCNetizens @MegaRebelNFT @badlydrawnbarry @MegalioETH @digitrabbits @404bunnies @meganacci Breadio has no idea how to handle this situation. lol https://t.co/0R18Iht3nO,https://x.com/Tuteth_/status/2006002217183240576,272,8,23,0,0,0,2,0,1,3,0,0,0
1994445462254862684,"Fri, Nov 28, 2025",This is the calm before the storm on Abstract Chain. &gt; Xeet is about to roll out player cards (bearish has a lot coming too - toli and the team are cracked) &gt; Myriad is stealing more market share every week &gt; Fugz IP is doing millions of views on Instagram and IMO has the best https://t.co/klqnSFuf11,https://x.com/Tuteth_/status/1994445462254862684,1635,71,198,0,0,1,38,3,6,79,0,0,0
2014697021785936193,"Fri, Jan 23, 2026",@BetmanJoe @meta_alchemist Doing this for the fam,https://x.com/Tuteth_/status/2014697021785936193,106,1,1,0,0,0,0,0,0,0,0,0,0
2002131235976720850,"Fri, Dec 19, 2025",@DGMD22 @token_works I feel the same way,https://x.com/Tuteth_/status/2002131235976720850,131,3,3,0,0,0,0,0,0,0,0,0,0
2009337611912139231,"Thu, Jan 8, 2026",@datadashboards @Polymarket @Kalshi @TheBlock__ https://t.co/QyauOqVZgM This is what I want you to help me build! lol FYI: site data is very stale and I need to add your links!,https://x.com/Tuteth_/status/2009337611912139231,22,1,7,0,0,0,1,0,0,2,3,0,0
2014454234792468509,"Thu, Jan 22, 2026",@icobeast I'm happy to be working with blah... is about to be dead,https://x.com/Tuteth_/status/2014454234792468509,138,2,4,0,0,0,0,0,0,2,0,0,0
2004216447837561244,"Thu, Dec 25, 2025","Merry Christmas, everyone. Love to you and your families. https://t.co/C2Hs7Gw37X",https://x.com/Tuteth_/status/2004216447837561244,2046,127,254,1,0,0,53,3,10,37,0,0,0
2014415672961323228,"Thu, Jan 22, 2026",@jicamanx @deadbitnation awwwwe,https://x.com/Tuteth_/status/2014415672961323228,66,0,0,0,0,0,0,0,0,0,0,0,0
2009989559908757797,"Sat, Jan 10, 2026",@badbunnz_ @xeetdotai I’m a hoe,https://x.com/Tuteth_/status/2009989559908757797,64,1,2,0,0,0,1,0,0,0,0,0,0
2013467553973027282,"Tue, Jan 20, 2026",@Cooopahtroopa megaETH!,https://x.com/Tuteth_/status/2013467553973027282,163,4,4,0,0,0,0,0,0,0,0,0,0
2007597310503756064,"Sat, Jan 3, 2026",@bread_ @Megawarren87 @planetai Checking it out asap,https://x.com/Tuteth_/status/2007597310503756064,136,2,3,0,0,0,0,0,0,1,0,0,0
2013428909564477729,"Tue, Jan 20, 2026",@0xFTWR @megaeth Same! It’s already working,https://x.com/Tuteth_/status/2013428909564477729,17,2,2,0,0,0,0,0,0,0,0,0,0
2015358214749987093,"Sun, Jan 25, 2026",@bobtabor 😅,https://x.com/Tuteth_/status/2015358214749987093,963,1,2,0,0,0,0,0,1,0,0,0,0
2007445711990686062,"Sat, Jan 3, 2026","Staying in a hotel on my last night of vacation. As I went to bed, the sheets were tucked so tightly I could hardly fit my 6' 180lb frame inside. However, I accepted it, and slept pretty well. It left me thinking, though: What's the standard practice? Leave them tucked or https://t.co/IvnzetI8mT",https://x.com/Tuteth_/status/2007445711990686062,1296,36,106,0,0,0,19,0,2,40,0,0,0
2011478825733910777,"Wed, Jan 14, 2026",@Degenplayer_1 It’s a psyops,https://x.com/Tuteth_/status/2011478825733910777,30,1,3,0,0,0,1,0,0,1,0,0,0
1995242793179201883,"Sun, Nov 30, 2025","If you use AI you’re about to get destroyed across all mediums. Real users are hating it more and more, infoFI like xeet is slashing slop. The race to human created content will be legendary. In a world full of regurgitated AI slop, human creation will be gold. STOP USING AI",https://x.com/Tuteth_/status/1995242793179201883,3904,55,135,0,0,0,24,1,9,46,0,0,0
2013274143953670200,"Mon, Jan 19, 2026","@Joestar_sann @stogolp okay, so what's really cool about the dashboard is you can see what the best hooks are.",https://x.com/Tuteth_/status/2013274143953670200,121,2,3,0,0,0,0,0,0,1,0,0,0
2010902826080485382,"Tue, Jan 13, 2026",@0xNairolf still the best incentive is to be here. until that changes...,https://x.com/Tuteth_/status/2010902826080485382,41,0,0,0,0,0,0,0,0,0,0,0,0
2002525100810383703,"Sat, Dec 20, 2025","@icobeast i hate to say it, but grok sucks ass.",https://x.com/Tuteth_/status/2002525100810383703,235,5,8,0,0,0,0,0,1,2,0,0,0
2013442120049115144,"Tue, Jan 20, 2026",@bunnie0xeth ayyyyye exciting jay.,https://x.com/Tuteth_/status/2013442120049115144,87,0,2,0,0,0,0,0,1,1,0,0,0
1994060254280065464,"Thu, Nov 27, 2025",Just got off a call with with my team and what we are building for megaETH is going to break the space. If we do this right then we will change how think about on-chain communities moving forward. If you hold breadio and deadbits you are in good hands. THE OVEN STAYS ON https://t.co/BXJZpmXSrS,https://x.com/Tuteth_/status/1994060254280065464,2743,115,383,1,0,0,54,13,23,163,0,0,0
2013334379603325338,"Mon, Jan 19, 2026",@meta_alchemist The goat speaks,https://x.com/Tuteth_/status/2013334379603325338,50,0,0,0,0,0,0,0,0,0,0,0,0
2009714866979017204,"Fri, Jan 9, 2026","@tolibear_ this was so fun! love the idea toli, super creative.",https://x.com/Tuteth_/status/2009714866979017204,52,0,0,0,0,0,0,0,0,0,0,0,0
2012355678707318809,"Sat, Jan 17, 2026",@FogoNPC I wrote this yesterday. https://t.co/CoBV7cKuoh,https://x.com/Tuteth_/status/2012355678707318809,62,2,11,0,0,0,2,0,0,7,0,0,0
2012275105867378860,"Fri, Jan 16, 2026",@FogoNPC you are in,https://x.com/Tuteth_/status/2012275105867378860,72,1,4,0,0,0,1,0,0,2,0,0,0
2012269553967915488,"Fri, Jan 16, 2026","@bunya_eth well that's the thing - you've done everything so far. just another day for Bunya, creating.",https://x.com/Tuteth_/status/2012269553967915488,20,0,0,0,0,0,0,0,0,0,0,0,0
1993147918123954457,"Tue, Nov 25, 2025",BREAKING Leaked polymarket internal chat leading up now deleted post. https://t.co/al1PrSkvrn,https://x.com/Tuteth_/status/1993147918123954457,3460,25,135,1,0,0,7,1,18,32,0,0,0
2009411675695558884,"Thu, Jan 8, 2026",@0xFTWR i think the best way is to just start doing it! experiential.,https://x.com/Tuteth_/status/2009411675695558884,19,1,1,0,0,0,0,0,0,0,0,0,0
2011125684803108886,"Tue, Jan 13, 2026",@0xKhees Yes ser,https://x.com/Tuteth_/status/2011125684803108886,27,1,1,0,0,0,0,0,0,0,0,0,0
2015201004396896275,"Sat, Jan 24, 2026",@BetmanJoe 🙏🏼,https://x.com/Tuteth_/status/2015201004396896275,59,1,2,0,0,0,0,0,1,0,0,0,0
1998890222122348877,"Wed, Dec 10, 2025",@MoarkyMoark @metabloxx @Shills_81 @kerryechoesAI @Pons_ETH Getting tagged and having to read each reply has been incredibly entertaining. I’m an insder account used to pumped xeet metrics. Lmao,https://x.com/Tuteth_/status/1998890222122348877,68,6,15,0,0,0,1,0,2,6,0,0,0
2003151323177578721,"Mon, Dec 22, 2025",@710_eth @fantasy_top_ I think you guys need to go all in on this. would be so sick.,https://x.com/Tuteth_/status/2003151323177578721,101,4,9,0,0,0,0,0,1,4,0,0,0
2011899910267027734,"Thu, Jan 15, 2026",CT logic right now: “REJOICE — InfoFi is DEAD 🎉” “Now we can go back to undisclosed deals where KOLs market insider shitcoins and ICO brand partnership deals to dump on our heads again. We are so fcking back! https://t.co/oiHkJZF8Kp,https://x.com/Tuteth_/status/2011899910267027734,690,17,54,0,0,0,10,0,0,25,0,0,0
2012529725126635932,"Sat, Jan 17, 2026",@wataminoodles thank you!,https://x.com/Tuteth_/status/2012529725126635932,41,1,3,0,0,0,0,0,2,0,0,0,0
1988991377116684705,"Thu, Nov 13, 2025",@0xAuraeth @rarifoundation @deadbitnation cooking bros https://t.co/57m9UR9cJW,https://x.com/Tuteth_/status/1988991377116684705,117,3,12,0,0,0,4,0,0,2,0,0,0
2011612760409587761,"Thu, Jan 15, 2026",@xeetdotai thank you for giving the extra badge: https://t.co/UrWAMBuzEY,https://x.com/Tuteth_/status/2011612760409587761,151,4,8,0,0,0,0,0,2,2,0,0,0
,,,https://x.com/Tuteth_/status/undefined,0,0,0,0,0,0,0,0,0,0,0,0,0
2009740198498766959,"Fri, Jan 9, 2026",@Disob340 ty!,https://x.com/Tuteth_/status/2009740198498766959,22,1,1,0,0,0,0,0,0,0,0,0,0
2011901359004561514,"Thu, Jan 15, 2026",@0xZhao888 lmao - brain rot logic. lol,https://x.com/Tuteth_/status/2011901359004561514,22,0,1,0,0,0,1,0,0,0,0,0,0
2011937668628652398,"Thu, Jan 15, 2026",@SOLsesame second version (before your comment) with a more detailed and degenerate button. Banner - I'm thinking I want to represent the 100k image concept in an abstract way - I'll show you some ideas. https://t.co/z0rahfqVsv,https://x.com/Tuteth_/status/2011937668628652398,196,1,26,0,0,0,2,0,1,7,0,0,0
1992272851601347057,"Sat, Nov 22, 2025",It's also important to note that Bold plays by his own rules more than anyone here. He only follows 378 accounts to his ~100k. I can almost guarantee Bold is not going to reciprocate unless he actually wants to. He responded once to me and I felt extremely validated. https://t.co/ZBQMPGY77f,https://x.com/Tuteth_/status/1992272851601347057,4080,36,128,0,0,0,16,0,19,40,0,0,0
1987915755376054712,"Mon, Nov 10, 2025",@deadbitnation yo these are sick as f,https://x.com/Tuteth_/status/1987915755376054712,279,5,16,0,0,0,2,0,4,5,0,0,0
1994442820979929323,"Fri, Nov 28, 2025","@Slayed_eth I like where this is going more, this says ""you"", we can cook more on it i think too",https://x.com/Tuteth_/status/1994442820979929323,290,6,12,0,0,0,0,0,6,0,0,0,0
2006017969449513259,"Tue, Dec 30, 2025","Two days left in 2025. I have a challenge for you as we move into a new year. Don’t judge the year. Try not to build a narrative around it just to make yourself feel a certain way. Don’t put it in a box labeled “good” or “bad.” Because the reality is, every year contains https://t.co/s5k8WDEFs1",https://x.com/Tuteth_/status/2006017969449513259,2569,220,380,2,1,0,41,5,8,95,0,0,0
2011971153594642855,"Fri, Jan 16, 2026",@deltasauce I don’t even have an end game. Just ride everyday,https://x.com/Tuteth_/status/2011971153594642855,122,2,3,0,0,0,1,0,0,0,0,0,0
2012342989004112290,"Sat, Jan 17, 2026","@R3birth Let’s lean into LinkedIn composition. “I broke my foot, and in that moment I came up with the idea for tut. And now I can help you break your foot and come up with a brand. “",https://x.com/Tuteth_/status/2012342989004112290,58,1,2,0,0,0,1,0,0,0,0,0,0
2012520776432300420,"Sat, Jan 17, 2026",@the_killazone please make this go viral.,https://x.com/Tuteth_/status/2012520776432300420,17,1,1,0,0,0,0,0,0,0,0,0,0
2010744492849029364,"Mon, Jan 12, 2026",@QueenUzila this response is perak weirdness.,https://x.com/Tuteth_/status/2010744492849029364,15,1,3,0,0,0,0,0,0,2,0,0,0
1996629555734565003,"Thu, Dec 4, 2025",Some are arguing manipulation isn't easy FOLKS - I'M STILL UP OVER 2X. https://t.co/T6DvPy4iGT,https://x.com/Tuteth_/status/1996629555734565003,432,6,15,0,0,0,0,0,2,3,0,0,0
2009609471610458236,"Fri, Jan 9, 2026",@mexonecrypto Look at the fucking picture,https://x.com/Tuteth_/status/2009609471610458236,20,0,1,0,0,0,0,0,0,1,0,0,0
2012575869491962078,"Sat, Jan 17, 2026",@gmoneyNFT does it work?,https://x.com/Tuteth_/status/2012575869491962078,87,1,1,0,0,0,0,0,0,0,0,0,0
2012278334864953685,"Fri, Jan 16, 2026","@zacxbt oh man, sorry to hear this Zac.",https://x.com/Tuteth_/status/2012278334864953685,186,3,4,0,0,0,0,0,1,0,0,0,0
1990409658289230105,"Mon, Nov 17, 2025",gm https://t.co/maQLUentg9,https://x.com/Tuteth_/status/1990409658289230105,1187,46,116,1,0,0,30,1,11,24,0,0,0
2012884649857413130,"Sun, Jan 18, 2026",This is the most hyped thing the space has had coming in a long time. Plus Meta is a real one. Go do the things on this post.,https://x.com/Tuteth_/status/2012884649857413130,6427,87,318,8,0,1,24,2,25,179,0,0,0
2012595371940221250,"Sat, Jan 17, 2026",@xeetdotai yooo nice work boys.,https://x.com/Tuteth_/status/2012595371940221250,333,1,1,0,0,0,0,0,0,0,0,0,0
2000987834568860059,"Tue, Dec 16, 2025",Just minted my @FugzOfficial hoodie. Excited to rock this. Also got a raffle ticket for the $1200 and growing prize pool. link in next tweet. https://t.co/KuDJ14ElBK,https://x.com/Tuteth_/status/2000987834568860059,1167,36,132,5,0,0,13,1,16,52,0,0,0
1992728478106485112,"Sun, Nov 23, 2025",@themansion_eth @MyriadMarkets Have you seen my booty?,https://x.com/Tuteth_/status/1992728478106485112,157,3,3,0,0,0,0,0,0,0,0,0,0
2013629823114006676,"Tue, Jan 20, 2026",@0x_ultra great job friend. https://t.co/LwdL4pulHO,https://x.com/Tuteth_/status/2013629823114006676,126,1,1,0,0,0,0,0,0,0,0,0,0
2012919325020069951,"Sun, Jan 18, 2026",@meta_alchemist i love you https://t.co/eGZQJZ16G5,https://x.com/Tuteth_/status/2012919325020069951,111,2,5,0,0,0,2,0,0,1,0,0,0
2011638831104344579,"Thu, Jan 15, 2026","@CryptoGorilla no, I'm under cutting you. lol",https://x.com/Tuteth_/status/2011638831104344579,277,1,3,0,0,0,1,0,0,1,0,0,0
2014769043409141930,"Fri, Jan 23, 2026",@dazzlercoin @badbunnz_ @0xAlphaGEMs My man,https://x.com/Tuteth_/status/2014769043409141930,82,2,3,0,0,0,0,0,1,0,0,0,0
2009069093002088886,"Thu, Jan 8, 2026",Prism will be the app that onboards users to megaETH book it. the oven stays on,https://x.com/Tuteth_/status/2009069093002088886,2430,60,141,6,0,0,19,2,7,53,0,0,0
2009112956282286475,"Thu, Jan 8, 2026",@Tyler_Did_It nice 3X on the military budget.,https://x.com/Tuteth_/status/2009112956282286475,18110,6,92,1,0,0,3,0,11,72,0,0,0
2012953169869840484,"Sun, Jan 18, 2026",@bread_ love it. FYI - I'm going hard on an idea for a real time art concept. I'm starting to get the power of what realtime can inspire from a builders/creator perspective. It's so exciting - and now a load concept is inspiring too.,https://x.com/Tuteth_/status/2012953169869840484,71,3,5,0,0,0,1,0,1,0,0,0,0
1991524705891766608,"Thu, Nov 20, 2025","MegaETH is going to cook so damn hard. All you had to do was mint free Booty Bread and join the Tut™ family. But guess what: there’s still plenty of time to get in position. Please stop, read and open your mind - this is literally a once-in-a-cycle opportunity. Imagine if https://t.co/YBaq5d6esh",https://x.com/Tuteth_/status/1991524705891766608,8263,120,376,18,0,0,32,10,26,174,0,0,0
2003580615401308264,"Tue, Dec 23, 2025",@0xCygaar Ahhhh siiiick,https://x.com/Tuteth_/status/2003580615401308264,170,2,3,0,0,0,0,0,0,1,0,0,0
2013094892034031748,"Mon, Jan 19, 2026",@boldleonidas @llamaonthebrink put it in an article! lol,https://x.com/Tuteth_/status/2013094892034031748,166,3,3,0,0,0,0,0,0,0,0,0,0
2013095559121293621,"Mon, Jan 19, 2026",@adamagb he's got 2 up there. although #2 is a banger lol https://t.co/K35h2zWZb3,https://x.com/Tuteth_/status/2013095559121293621,22,0,10,0,0,0,0,0,0,0,0,0,0
1995243015389270312,"Sun, Nov 30, 2025","@Pons_ETH @xeetdotai Pons! Love this. I noticed deets haven’t gone out across man LBs over the weekend, is that typical?",https://x.com/Tuteth_/status/1995243015389270312,1767,7,20,0,0,0,1,0,10,2,0,0,0
2014511167251583260,"Fri, Jan 23, 2026",@EJRWEB3 deal,https://x.com/Tuteth_/status/2014511167251583260,138,1,2,0,0,0,1,0,0,0,0,0,0
2013327001059283131,"Mon, Jan 19, 2026",@R2D2zen @Pons_ETH This is mine @R2D2zen Check it out. Getting an update soon too. https://t.co/bprcqV9bne,https://x.com/Tuteth_/status/2013327001059283131,105,1,3,0,0,0,0,0,1,1,0,0,0
2011413988395933946,"Wed, Jan 14, 2026",@chefgoose I think I read TGE in Q1,https://x.com/Tuteth_/status/2011413988395933946,107,2,5,0,0,0,2,0,0,1,0,0,0
1994411582005141560,"Fri, Nov 28, 2025",The Legend of Breadio Bakery is Closing in 40 minutes. This means all secondary trading will stop. Minting will reopen until 10 days after @megaeth mainnet is live. Then the bakery will open again for secondary trading. If you want to get bread on secondary this is your https://t.co/dSNk0AvZFH,https://x.com/Tuteth_/status/1994411582005141560,8407,77,413,1,0,0,22,6,35,237,0,0,0
2012551196473450633,"Sat, Jan 17, 2026","@SwizzyOnChain got it, thanks!",https://x.com/Tuteth_/status/2012551196473450633,21,1,2,0,0,0,1,0,0,0,0,0,0
2010024433269027002,"Sat, Jan 10, 2026",@onegeex Yes ser,https://x.com/Tuteth_/status/2010024433269027002,19,1,1,0,0,0,0,0,0,0,0,0,0
2009646741893882032,"Fri, Jan 9, 2026",@levithefirst @EIP7503 @Sage_Tega oh sure! I actually want to mint some of my own work on it! lol,https://x.com/Tuteth_/status/2009646741893882032,14,1,6,0,0,0,2,0,1,2,0,0,0
2010054831160099015,"Sat, Jan 10, 2026","@0xCygaar when can we link our bank accounts and buy gtBTC on a PPP? I need this feature, and I think it's best for normies.",https://x.com/Tuteth_/status/2010054831160099015,105,1,1,0,0,0,0,0,0,0,0,0,0
2013056124082114902,"Mon, Jan 19, 2026","@OGshoots That leaderboard is wrong, it just filters fo the word article. Sorry brother - you're not even on the actual LB",https://x.com/Tuteth_/status/2013056124082114902,542,0,3,0,0,0,0,0,1,2,0,0,0
2011121945719308356,"Tue, Jan 13, 2026",@ScottAdamsSays thank you for your creativity https://t.co/uhaZsnlAO9,https://x.com/Tuteth_/status/2011121945719308356,27119,436,802,7,2,0,0,1,5,40,6,0,0
2013025837067407787,"Sun, Jan 18, 2026",@RektBarrister gimme,https://x.com/Tuteth_/status/2013025837067407787,42,1,3,0,0,0,1,0,1,0,0,0,0
1996353924752970036,"Wed, Dec 3, 2025",@sherlock_hodles Influencer &gt; KOL,https://x.com/Tuteth_/status/1996353924752970036,849,4,5,0,0,0,0,0,1,0,0,0,0
2008994839497723991,"Wed, Jan 7, 2026",I guess I have to break this artwork out again. What a shame https://t.co/JQDQXrEfWG,https://x.com/Tuteth_/status/2008994839497723991,566,11,40,0,0,0,6,0,0,20,0,0,0
1988434192934351308,"Wed, Nov 12, 2025",@deadbitnation @megaeth @rarible OBEY,https://x.com/Tuteth_/status/1988434192934351308,128,3,9,0,0,0,1,0,1,4,0,0,0
2010063140764238145,"Sat, Jan 10, 2026",@elonmusk ALL OF X POWER USERS RN https://t.co/TrB2eK22IU,https://x.com/Tuteth_/status/2010063140764238145,2098,21,47,0,0,0,0,3,3,6,0,0,0
2012292595368480843,"Fri, Jan 16, 2026","@riderAndrea83 thanks friend, excited to chat next week!",https://x.com/Tuteth_/status/2012292595368480843,35,1,2,0,0,0,1,0,0,0,0,0,0
2009313723404702149,"Thu, Jan 8, 2026",@EIP7503 gWorm 🪱,https://x.com/Tuteth_/status/2009313723404702149,466,7,14,0,0,0,0,0,6,1,0,0,0
2014408395449614406,"Thu, Jan 22, 2026",@saran_v619 @deadbitnation lets see your memes.,https://x.com/Tuteth_/status/2014408395449614406,200,1,8,0,0,0,1,0,2,4,0,0,0
1995828476469715363,"Tue, Dec 2, 2025",I might go all in for this 25k prize pool with Xeet and Good Vibes Club. I minted GVC and have held ever since. Currently in 1st place. 14 days remaining. https://t.co/IWY1Yz3Thj,https://x.com/Tuteth_/status/1995828476469715363,589,23,119,0,0,0,22,0,5,30,0,0,0
1992011016633229801,"Fri, Nov 21, 2025","Storytime – you'll want to read this. Today, I cracked the code to meeting women – and it worked. I used this on my barista crush today, and she was so caught up in the conversation she forgot to charge me for my coffee. (Real) The @BillAckman “May I meet you” approach isn’t https://t.co/ljJV4hZR7B",https://x.com/Tuteth_/status/1992011016633229801,846,16,64,2,0,0,10,1,4,27,0,0,0
2000988062386655347,"Tue, Dec 16, 2025",@FugzOfficial https://t.co/Q8f1fitetX,https://x.com/Tuteth_/status/2000988062386655347,242,3,27,0,0,0,1,0,1,6,16,0,0
2010714331604807923,"Mon, Jan 12, 2026",@CrypSaf @0xAlphaGEMs love the gems,https://x.com/Tuteth_/status/2010714331604807923,75,2,3,0,0,0,1,0,0,0,0,0,0
2003149576531058889,"Mon, Dec 22, 2025",@imthatdexter @megaeth lets goooooooo,https://x.com/Tuteth_/status/2003149576531058889,87,4,4,0,0,0,0,0,0,0,0,0,0
2014826116360634500,"Fri, Jan 23, 2026",@MedoCons @badbunnz_ @0xAlphaGEMs Do the fluffles want?,https://x.com/Tuteth_/status/2014826116360634500,41,0,5,0,0,0,1,0,2,2,0,0,0
2011082871121789288,"Tue, Jan 13, 2026",@smittybacalls @DeeZe wanna join the dad club?,https://x.com/Tuteth_/status/2011082871121789288,17,0,6,0,0,0,1,0,2,3,0,0,0
1990062382836551809,"Sun, Nov 16, 2025",@deltasauce gm,https://x.com/Tuteth_/status/1990062382836551809,109,3,4,0,0,0,1,0,0,0,0,0,0
2007120213205225975,"Fri, Jan 2, 2026",@AzFlin Lies!!!! Really ?,https://x.com/Tuteth_/status/2007120213205225975,134,3,4,0,0,0,1,0,0,0,0,0,0
2010021572044849182,"Sat, Jan 10, 2026",@0xwakes Baking and shitting,https://x.com/Tuteth_/status/2010021572044849182,18,1,1,0,0,0,0,0,0,0,0,0,0
1987975172314304542,"Mon, Nov 10, 2025","Word on the street is 1 Xeet = $100 Plus you get xeets when talk about: &gt; Abstract Chain &gt; Myriad Markets &gt; Xeet Let's be honest, making your whole profile about infoFI is cringe. However, being creative and integrating some infoFi once in a while is a really good move and https://t.co/D77FxExOhp",https://x.com/Tuteth_/status/1987975172314304542,1862,43,125,0,0,0,18,3,6,39,0,0,0
2011836144569500157,"Thu, Jan 15, 2026",@NDIDI_GRAM JFC,https://x.com/Tuteth_/status/2011836144569500157,325,0,1,0,0,0,0,0,1,0,0,0,0
2013269455145406758,"Mon, Jan 19, 2026",@lol_c4tz @deadbitnation @megaeth just read between the lines,https://x.com/Tuteth_/status/2013269455145406758,11,1,4,0,0,0,1,0,0,2,0,0,0
1987919872009896239,"Mon, Nov 10, 2025",@gabrielhaines Buying Mega,https://x.com/Tuteth_/status/1987919872009896239,239,4,7,0,0,0,1,0,1,1,0,0,0
2010059422748553303,"Sat, Jan 10, 2026","@FogoNPC help me build my app, then we get the boys to run a campaign, then we win all our own rewards",https://x.com/Tuteth_/status/2010059422748553303,48,1,2,0,0,0,1,0,0,0,0,0,0
2007948607966921174,"Sun, Jan 4, 2026",@EJRWEB3 Haha ez,https://x.com/Tuteth_/status/2007948607966921174,123,2,3,0,0,0,0,0,1,0,0,0,0
1990969017675215138,"Wed, Nov 19, 2025",@kenshiin47 we'll take it,https://x.com/Tuteth_/status/1990969017675215138,767,3,5,0,0,0,0,0,1,1,0,0,0
2008253212231692577,"Mon, Jan 5, 2026",@itsaz00 the oven stays on bb,https://x.com/Tuteth_/status/2008253212231692577,75,2,2,0,0,0,0,0,0,0,0,0,0
1993779236541251750,"Wed, Nov 26, 2025",Friendly Reminder – You can start positioning yourself for the megaETH mainnet campaign right now. Legend of Breadio is an NFT/art collection by me and BreadGuy. The mint pass is on ETH and available on Rarible as of this morning. FP is $20 USD. I'm building integrations with https://t.co/M0BjbLzJd4,https://x.com/Tuteth_/status/1993779236541251750,6531,166,887,18,3,6,56,28,157,432,0,0,0
2012482611919097885,"Sat, Jan 17, 2026",https://t.co/eNFrkE1v1f,https://x.com/Tuteth_/status/2012482611919097885,2115,65,287,3,0,0,17,6,7,191,1,0,0
2015217821869904211,"Sun, Jan 25, 2026",@DiamondNFL It did give me the weekend plans,https://x.com/Tuteth_/status/2015217821869904211,1121,4,5,0,0,0,0,0,1,0,0,0,0
2009442972765753392,"Fri, Jan 9, 2026",@Jampzey tomorrow habubu,https://x.com/Tuteth_/status/2009442972765753392,132,1,2,0,0,0,1,0,0,0,0,0,0
2009051701580566707,"Wed, Jan 7, 2026",@juleslastreett @Soathefirstt @megaeth @digitrabbits @irmanhilmi1 @deadbitnation @badbunnz_ legend,https://x.com/Tuteth_/status/2009051701580566707,40,2,3,0,0,0,0,0,0,1,0,0,0
2011610064931700802,"Thu, Jan 15, 2026",@craigscoinpurse yes yes - join fellow international streamers @merheb and @TheCarpenter,https://x.com/Tuteth_/status/2011610064931700802,27,3,12,0,0,0,1,0,1,7,0,0,0
2003504478809719032,"Tue, Dec 23, 2025",@serpinxbt haha working on my site rn,https://x.com/Tuteth_/status/2003504478809719032,153,2,5,0,0,0,0,0,3,0,0,0,0
2011545641491554408,"Wed, Jan 14, 2026",I'm the 1st Official Xeet Certified Creator! You can tell I'm first because I got this special extra badge. https://t.co/PwccvdsMB6,https://x.com/Tuteth_/status/2011545641491554408,1839,86,210,0,1,0,35,4,14,55,0,0,0
2011973980500988289,"Fri, Jan 16, 2026","@davidonchainx I don't think there's a single thing X can do, besides some level of radical proof of personhood, that will stop AI slop.",https://x.com/Tuteth_/status/2011973980500988289,65,0,1,0,0,0,0,0,0,1,0,0,0
2008330465757831659,"Tue, Jan 6, 2026","Xeet has a new tournament with a 10k+ prize pool. 2 weeks to yap about Flipping Burgers from @grimmysburgers. I like the art, ngl. lol",https://x.com/Tuteth_/status/2008330465757831659,1110,26,93,0,0,2,16,0,14,35,0,0,0
1996405741419209005,"Thu, Dec 4, 2025","I am slashing Monad as the first social experiment in Prediction Markets. There’s a Myriad Market open right now on whether Monad gets slashed by December 9th. Odds are 94% no and 6% yes. I’ve already put $50 on yes, and I’m now openly trying to force that outcome in my https://t.co/oPXg1Ww8pP",https://x.com/Tuteth_/status/1996405741419209005,10050,83,544,8,0,1,37,4,28,309,0,0,0
2012367506808131660,"Sat, Jan 17, 2026",@MktMates my guys!,https://x.com/Tuteth_/status/2012367506808131660,77,1,2,0,0,0,1,0,0,0,0,0,0
1998771651568410920,"Wed, Dec 10, 2025",@eeelistar I love how you looked at this objectively; there’s something to learn from it. (Note: I don’t like the guy either.),https://x.com/Tuteth_/status/1998771651568410920,2135,6,17,0,0,0,1,0,5,5,0,0,0
2012917042173657210,"Sun, Jan 18, 2026",@imthatdexter Always a bet on the open market too,https://x.com/Tuteth_/status/2012917042173657210,24,2,3,0,0,0,0,0,1,0,0,0,0
2011607709746151849,"Thu, Jan 15, 2026",@nics_off game is game i guess,https://x.com/Tuteth_/status/2011607709746151849,159,0,0,0,0,0,0,0,0,0,0,0,0
2002200256960692600,"Sat, Dec 20, 2025","BREAKING CryptoPunks and Chromie Squiggles are going to the @MuseumModernArt. Also, don't listen to uncultured KOLs like @beaniemaxi about how the art world works. The narrative is being built in front of our eyes. We're living in an art renaissance, yet some ding-dongs make https://t.co/q62Ax9vE2G",https://x.com/Tuteth_/status/2002200256960692600,3544,70,232,3,0,0,24,1,27,79,0,0,0
1998054541791551742,"Mon, Dec 8, 2025",@Groowut this is mad cool.,https://x.com/Tuteth_/status/1998054541791551742,504,4,7,0,0,0,1,0,0,2,0,0,0
1999254512813445430,"Thu, Dec 11, 2025",@zubic_eth little solo date?,https://x.com/Tuteth_/status/1999254512813445430,201,5,11,0,0,0,1,0,4,1,0,0,0
1996205936227307679,"Wed, Dec 3, 2025",As much as I love the business side and excitement of prediction markets. I too have massive safety concerns for the average human consumer. The ability to turn everything into a market means the ability to manipulate any market.,https://x.com/Tuteth_/status/1996205936227307679,1425,27,58,0,0,0,7,1,3,20,0,0,0
2014330172581744718,"Thu, Jan 22, 2026",@badbunnz_ @megaeth this is why we are friends.,https://x.com/Tuteth_/status/2014330172581744718,75,1,1,0,0,0,0,0,0,0,0,0,0
2011842415758586353,"Thu, Jan 15, 2026",@cblkrypt RIP ai slop,https://x.com/Tuteth_/status/2011842415758586353,22,1,1,0,0,0,0,0,0,0,0,0,0
2003871315086962865,"Wed, Dec 24, 2025",@leonabboud This is a disorder ser. https://t.co/Zi0cdtA4T3,https://x.com/Tuteth_/status/2003871315086962865,124,3,7,0,0,0,1,0,0,3,0,0,0
2014609052047966373,"Fri, Jan 23, 2026","Never vibe coded? This is for you. Already vibe coding? Also for you. Our vibelord @meta_alchemist is launching IdeaRalph and it's about to be the next meta IMO. All you have to do: interact with IdeaRalph MCP on Claude. ""But how?"" I got u. Easiest tutorial ever. 👇 https://t.co/Btsph2sfFi",https://x.com/Tuteth_/status/2014609052047966373,13846,139,560,151,11,8,39,11,64,296,0,0,0
2011070779384004778,"Tue, Jan 13, 2026",@rarifoundation @deadbitnation @irmanhilmi1 @rarible I don’t think the are ready,https://x.com/Tuteth_/status/2011070779384004778,115,7,10,0,0,0,1,0,1,1,0,0,0
1990195789050630567,"Sun, Nov 16, 2025",Asked my crush “may I meet you” It didn’t work. Thanks Bill Ackman! https://t.co/C1O5riUWeN,https://x.com/Tuteth_/status/1990195789050630567,2030,19,83,1,0,0,11,0,2,34,0,0,0
2011584414976000171,"Wed, Jan 14, 2026",@0xWalido we keep stacking,https://x.com/Tuteth_/status/2011584414976000171,26,1,1,0,0,0,0,0,0,0,0,0,0
2013682999473143919,"Tue, Jan 20, 2026","@fvckingdegen @MetaAlchemist me too, tut might have something cooking as well",https://x.com/Tuteth_/status/2013682999473143919,43,2,4,0,0,0,1,0,0,1,0,0,0
2010783397468389455,"Mon, Jan 12, 2026",@maccurated @tapdotfun haha love @SOLsesame - down to chat friend.,https://x.com/Tuteth_/status/2010783397468389455,251,7,13,0,0,0,1,0,5,0,0,0,0
2010767543183479074,"Mon, Jan 12, 2026",@remiaxyz @xeetdotai lets go,https://x.com/Tuteth_/status/2010767543183479074,11,0,0,0,0,0,0,0,0,0,0,0,0
2009989861273698456,"Sat, Jan 10, 2026",@Disob340 @xeetdotai I have dethroned Pons,https://x.com/Tuteth_/status/2009989861273698456,22,1,2,0,0,0,1,0,0,0,0,0,0
1995959225106006137,"Tue, Dec 2, 2025",The era of decentralized marketing is here. Xeet with another MASSIVE opportunity for creators. Yesterday $VIBSTR with Good Vibes Club Today @litecoin?! boolish on creatives.,https://x.com/Tuteth_/status/1995959225106006137,1141,19,53,2,0,0,5,0,3,26,0,0,0
1994109339934797854,"Thu, Nov 27, 2025",@deadbitnation @megaeth @rarible just cooked tokenomics - so much fcking higher,https://x.com/Tuteth_/status/1994109339934797854,270,4,13,0,0,0,1,0,4,4,0,0,0
2013448899478868461,"Tue, Jan 20, 2026",@meta_alchemist yooo - this is so cool Meta,https://x.com/Tuteth_/status/2013448899478868461,78,1,1,0,0,0,0,0,0,0,0,0,0
2010023711945175120,"Sat, Jan 10, 2026",@SOLsesame Don’t bring tut to critique 😅,https://x.com/Tuteth_/status/2010023711945175120,223,1,5,0,0,0,0,0,2,2,0,0,0
2011823553243385880,"Thu, Jan 15, 2026",@Pons_ETH Maybe they just like lobsters,https://x.com/Tuteth_/status/2011823553243385880,76,0,0,0,0,0,0,0,0,0,0,0,0
2011953716593598596,"Fri, Jan 16, 2026",@SOLsesame https://t.co/baT5CdqWfT,https://x.com/Tuteth_/status/2011953716593598596,32,0,6,0,0,0,0,0,3,0,0,0,0
2014797394559566080,"Fri, Jan 23, 2026",@nics_off @telisxyz @TopStrikeIO @hitdotone @thewarren_app @fasterdotfun @kumbaya_xyz @brix_money Ding dong,https://x.com/Tuteth_/status/2014797394559566080,50,0,1,0,0,0,0,0,0,1,0,0,0
1996407951364640868,"Thu, Dec 4, 2025",and we are up bros - the movement is working. https://t.co/ZDbRbOBHiv,https://x.com/Tuteth_/status/1996407951364640868,556,7,17,1,0,0,1,0,0,0,0,0,0
2007640292665766159,"Sun, Jan 4, 2026","@punk9059 Hahaha, this is why it's hard to listen to some folks on the TL. Ozempic is literally changing more than food addiction- it's affecting addiction well beyond food. Such a bad, uninformed take, lmao.",https://x.com/Tuteth_/status/2007640292665766159,191,2,5,0,0,0,0,0,1,2,0,0,0
2011851838320992338,"Thu, Jan 15, 2026",@mcgeth interesting,https://x.com/Tuteth_/status/2011851838320992338,435,0,2,0,0,0,0,0,0,2,0,0,0
2010362213111103693,"Sun, Jan 11, 2026",@icobeast This is art ser,https://x.com/Tuteth_/status/2010362213111103693,99,1,1,0,0,0,0,0,0,0,0,0,0
2010744366281695240,"Mon, Jan 12, 2026",@cfc_anie can do,https://x.com/Tuteth_/status/2010744366281695240,12,1,1,0,0,0,0,0,0,0,0,0,0
1992050428624650646,"Sat, Nov 22, 2025",@Pons_ETH my boomer ass had no idea either,https://x.com/Tuteth_/status/1992050428624650646,474,3,6,0,0,0,0,0,1,2,0,0,0
1998796908479807885,"Wed, Dec 10, 2025","BREAKING 🚨 You can now mute all yappers and xeeters! REJOICE However, you’ll also mute all the great accounts because 99% of CT is participating. I love the concept, Serp, but I think you hit the tut™ fafo pipe too hard. (image below is a tiny snapshot of some well-known https://t.co/u6N5PR2WRI",https://x.com/Tuteth_/status/1998796908479807885,4325,45,335,2,0,0,13,2,15,99,1,0,0
2014696361346715767,"Fri, Jan 23, 2026",@badlydrawnbarry So good!,https://x.com/Tuteth_/status/2014696361346715767,40,1,1,0,0,0,0,0,0,0,0,0,0
2009733637235740815,"Fri, Jan 9, 2026",@badlydrawnbarry @rarible weeeeeee,https://x.com/Tuteth_/status/2009733637235740815,105,2,2,0,0,0,0,0,0,0,0,0,0
2015109897583460710,"Sat, Jan 24, 2026",@0xdort Thanks Dort!,https://x.com/Tuteth_/status/2015109897583460710,52,0,1,0,0,0,0,0,0,1,0,0,0
2011823757808042487,"Thu, Jan 15, 2026",@zaimiri @SentientAGI @ETHGasOfficial What was your starting bet?,https://x.com/Tuteth_/status/2011823757808042487,57,0,0,0,0,0,0,0,0,0,0,0,0
2010435677784322528,"Sun, Jan 11, 2026","ICO is right. CT is dead, but not for the reasons people are saying. - Kaito or Xeet didn't kill CT - Nikita didn't kill CT - The X algo didn't kill CT To me, it's centered on the incentives for participating in CT. Quick story: When I started in crypto in 2020, coming to CT",https://x.com/Tuteth_/status/2010435677784322528,2126,46,120,3,0,0,21,1,2,50,0,0,0
2008917353443057921,"Wed, Jan 7, 2026","My prediction market app is already generating revenue through referrals on polymarket. I'm about to start marketing the app on tiktok, instagram and facebook. The mobile site is now live too. Please if anyone wants to test and give feedback, let me know! https://t.co/OSppVbTXhB",https://x.com/Tuteth_/status/2008917353443057921,1834,56,142,2,0,1,27,6,17,35,0,0,0
2009400251476770951,"Thu, Jan 8, 2026",@tolibear_ 1st https://t.co/PdY4LUiRO6,https://x.com/Tuteth_/status/2009400251476770951,76,1,3,0,0,0,0,0,0,0,0,0,0
2012512243280122155,"Sat, Jan 17, 2026",@mcgeth buy bread,https://x.com/Tuteth_/status/2012512243280122155,101,4,10,0,0,0,1,0,3,2,0,0,0
2013817672228638775,"Wed, Jan 21, 2026","@emilios_eth slop, all of it!",https://x.com/Tuteth_/status/2013817672228638775,107,2,4,0,0,0,1,0,0,1,0,0,0
2012494551026409904,"Sat, Jan 17, 2026",@dlgcryto I guess so lol,https://x.com/Tuteth_/status/2012494551026409904,14,1,1,0,0,0,0,0,0,0,0,0,0
2010093721082310919,"Sat, Jan 10, 2026",@AzeezDephi i cant wait tbh,https://x.com/Tuteth_/status/2010093721082310919,7,1,1,0,0,0,0,0,0,0,0,0,0
1995148055041974498,"Sun, Nov 30, 2025","What are the ethical ways to make money in crypto? 1. Build a DEX, create a points program, and farm fees from users? 2. Build a game, add XP, and farm users to keep playing and leveling up? 3. Grow your X account, farm follower impressions, then sellout and promote garbage https://t.co/zQZDf731gH",https://x.com/Tuteth_/status/1995148055041974498,3607,80,254,9,0,1,38,0,15,99,0,0,0
2002126047412965579,"Fri, Dec 19, 2025","@BawsaXBT oh man, this concept you shared really takes shape in your thirties. It's actually pretty magical when you can pull out skills and inspiration from years of experience.",https://x.com/Tuteth_/status/2002126047412965579,39,4,8,0,0,0,1,0,3,0,0,0,0
1994783517234941952,"Sat, Nov 29, 2025","tut™ family UNITE If you recently joined the tut™ fam (or have been here a while), here’s what I what you need to do: 1. We have a Discord - main purpose is staying up to date with news/alpha from me. Link is in my bio, join and verify. (We have raffles too) 2. I want to https://t.co/1s56XNYvcx",https://x.com/Tuteth_/status/1994783517234941952,2771,124,496,8,0,1,65,12,63,196,0,0,0
2011619249987731755,"Thu, Jan 15, 2026",@SOLsesame let me try it!,https://x.com/Tuteth_/status/2011619249987731755,199,2,4,0,0,0,0,0,1,1,0,0,0
2013315324347548098,"Mon, Jan 19, 2026",@ProofOfTravis Hmmm InfoFI?,https://x.com/Tuteth_/status/2013315324347548098,62,2,5,0,0,0,1,0,0,2,0,0,0
1996042276859248756,"Wed, Dec 3, 2025",@MyriadMarkets here's a potentially easy bet to get started with:https://t.co/y72PTGu6Yj,https://x.com/Tuteth_/status/1996042276859248756,421,6,30,1,0,0,1,0,1,10,12,0,0
2004669803018207637,"Fri, Dec 26, 2025",@sauciii It fits my definition. classic,https://x.com/Tuteth_/status/2004669803018207637,131,3,4,0,0,0,1,0,0,0,0,0,0
2012479394938257570,"Sat, Jan 17, 2026",@badbunnz_ 😅,https://x.com/Tuteth_/status/2012479394938257570,66,0,1,0,0,0,0,0,0,1,0,0,0
2011415316836892888,"Wed, Jan 14, 2026",@0xNairolf Are people hating? Lmao,https://x.com/Tuteth_/status/2011415316836892888,2279,4,7,0,0,0,1,0,1,1,0,0,0
2003175088074678441,"Mon, Dec 22, 2025","@whenmo0n @opensea @infinex good, need more.",https://x.com/Tuteth_/status/2003175088074678441,101,4,5,0,0,0,1,0,0,0,0,0,0
1995861328565604790,"Tue, Dec 2, 2025","The most exciting thing in crypto right now is prediction markets. Myriad just partnered with Trust Wallet for the first in-wallet interface. Kalshi just raised another $1 billion at an $11B valuation. Polymarket is the most downloaded sports app on iOS. I'm telling you guys,",https://x.com/Tuteth_/status/1995861328565604790,2704,54,163,0,0,1,21,0,10,77,0,0,0
2010516313010057250,"Mon, Jan 12, 2026",@J_pxlr Thanks Joe!,https://x.com/Tuteth_/status/2010516313010057250,30,0,0,0,0,0,0,0,0,0,0,0,0
2012930990222573602,"Sun, Jan 18, 2026","@datadashboards @Kalshi @KalshiEco I know, the scale of volume on dexs on solana is mad. pump did 3.2bil yesterday alone. like wtf.",https://x.com/Tuteth_/status/2012930990222573602,34,0,0,0,0,0,0,0,0,0,0,0,0
2013052042235822107,"Mon, Jan 19, 2026",@R3birth Haha - still time!,https://x.com/Tuteth_/status/2013052042235822107,58,1,1,0,0,0,0,0,0,0,0,0,0
2013428867248103662,"Tue, Jan 20, 2026",@Gamejudge_ @megaeth It’s going to be fun!,https://x.com/Tuteth_/status/2013428867248103662,14,1,2,0,0,0,0,0,0,1,0,0,0
2011836431111700988,"Thu, Jan 15, 2026",@FaithDpy dust really.,https://x.com/Tuteth_/status/2011836431111700988,41,1,1,0,0,0,0,0,0,0,0,0,0
2000914328518557824,"Tue, Dec 16, 2025",I've been screaming this for months. Creators who understand storytelling are going to win big. I'm even steps ahead of this narrative. Creators who can give an experience will be the ultimate marketing campaign.,https://x.com/Tuteth_/status/2000914328518557824,791,22,43,0,0,0,7,0,2,12,0,0,0
2009609831796351199,"Fri, Jan 9, 2026","@dazzlercoin they had some kol points thing if you tag, I think anyone could do it. I actually missed the deadline 😭😭😭",https://x.com/Tuteth_/status/2009609831796351199,17,0,0,0,0,0,0,0,0,0,0,0,0
1990842432691527791,"Tue, Nov 18, 2025",I’m excited to share with you my prediction market app for the @SeedifyFund 400k hackathon. Problem: markets are fragmented across many platforms. Solution: a central hub where you can track data across all markets including: myriad markets polymarket kalshi limitless The https://t.co/ZB1rRl8gGa,https://x.com/Tuteth_/status/1990842432691527791,2189,51,159,2,1,0,16,5,15,66,0,0,0
2013957345177395555,"Wed, Jan 21, 2026",gm Never been more excited for the future of tech. Never been more overwhelmed by how fast it's moving. Anyone else? https://t.co/ujB5rsNwom,https://x.com/Tuteth_/status/2013957345177395555,1379,49,118,0,0,1,24,3,4,32,0,0,0
1996392812162826484,"Thu, Dec 4, 2025",@JonathanColon @rarible @Shape_L2 @injective @fraxfinance @zilliqa @HelloTelos @base J man!,https://x.com/Tuteth_/status/1996392812162826484,249,4,11,0,0,0,1,0,5,1,0,0,0
2011474036396564866,"Wed, Jan 14, 2026",@tolibear_ you guys forgot to add my design edit... https://t.co/qPsUapExG4,https://x.com/Tuteth_/status/2011474036396564866,148,3,7,0,0,0,1,0,1,1,0,0,0
2010053820404142237,"Sat, Jan 10, 2026",@Darkfarms1 my man lol,https://x.com/Tuteth_/status/2010053820404142237,139,2,3,0,0,0,0,0,1,0,0,0,0
1989452206417088773,"Fri, Nov 14, 2025",@CrypSaf Did u see my post from today?,https://x.com/Tuteth_/status/1989452206417088773,169,3,10,0,0,0,1,0,6,0,0,0,0
1988278031392403671,"Tue, Nov 11, 2025",Gm. Am i buggin? Or is Abstractions by @Tuteth_ on @AbstractChain extremely undervalued?,https://x.com/Tuteth_/status/1988278031392403671,931,24,45,0,0,0,10,0,1,10,0,0,0
2005727121101185469,"Mon, Dec 29, 2025",@NightOwlCapital Dope! Excited to check this out,https://x.com/Tuteth_/status/2005727121101185469,105,3,4,0,0,0,1,0,0,0,0,0,0
2011820470870462669,"Thu, Jan 15, 2026",@28muff_ @EIP7503 wtf are those lol,https://x.com/Tuteth_/status/2011820470870462669,66,1,4,0,0,0,1,0,0,2,0,0,0
2012960242447917203,"Sun, Jan 18, 2026",@Real_n3xt toasting my coffee to this!,https://x.com/Tuteth_/status/2012960242447917203,16,0,0,0,0,0,0,0,0,0,0,0,0
2009626413888950475,"Fri, Jan 9, 2026","@Deebs_DeFi This is literally me rn, it’s incredible",https://x.com/Tuteth_/status/2009626413888950475,86,1,2,0,0,0,1,0,0,0,0,0,0
2013334175919583294,"Mon, Jan 19, 2026",@sjdedic I’m so ready Mega the ETH,https://x.com/Tuteth_/status/2013334175919583294,52,0,0,0,0,0,0,0,0,0,0,0,0
2009439338296402071,"Fri, Jan 9, 2026","@tdkimber @xeetdotai lets get it man, i can help",https://x.com/Tuteth_/status/2009439338296402071,14,1,6,0,0,0,1,0,0,4,0,0,0
2014457420005663177,"Thu, Jan 22, 2026",@meta_alchemist https://t.co/BPlhqnHZAu,https://x.com/Tuteth_/status/2014457420005663177,24,0,0,0,0,0,0,0,0,0,0,0,0
2007485892722864423,"Sat, Jan 3, 2026",@michaelbeer01 Dope! On it,https://x.com/Tuteth_/status/2007485892722864423,2499,2,124,0,0,1,0,0,121,0,0,0,0
2014731411039678557,"Fri, Jan 23, 2026",It's happening. The DeadBitNation Pledge is officially rolling out. We spent 3 months finding communities that truly align with the nation. Early Pledge starts Now. Next week we welcome: Bad Bunnz @badbunnz_ Alpha Gemz @0xAlphaGEMs More announcements incoming. https://t.co/8zSRSMYCvh,https://x.com/Tuteth_/status/2014731411039678557,6081,240,984,9,3,4,138,26,86,432,0,0,0
1991580501262376976,"Thu, Nov 20, 2025",Wake up Make breakfast for the family Channel inspiration Create art The medium is irrelevant Check in on the tut™ family Drink coffee Cycle kids to daycare Love them Get more coffee Chat with people in public Get sun on my skin Look up and pause Deep https://t.co/t1X6nfSRYG,https://x.com/Tuteth_/status/1991580501262376976,1160,51,113,2,0,0,11,3,4,35,0,0,0
2004705341981036932,"Sat, Dec 27, 2025",@icobeast It’s akin to watching how culture moves as a whole. I used to enjoy finding new music back in the day. Same thing.,https://x.com/Tuteth_/status/2004705341981036932,152,2,3,0,0,0,0,0,1,0,0,0,0
2006067446474543606,"Tue, Dec 30, 2025","REMINDER If you're a creator using @xeetdotai, DO NOT FORGET to add your wallet to your campaigns. A bunch of tournaments are ending soon, and you don't want to miss out on your rewards. In the video, I show how I previously added my wallet to @MezoNetwork. And I show you https://t.co/HJbW2r7UtI",https://x.com/Tuteth_/status/2006067446474543606,1542,64,180,3,1,2,34,3,10,67,0,0,0
2002046682855506350,"Fri, Dec 19, 2025",@onegeex @megaeth will they ever,https://x.com/Tuteth_/status/2002046682855506350,71,3,3,0,0,0,0,0,0,0,0,0,0
2009452009280413786,"Fri, Jan 9, 2026",@zoop_t @xeetdotai p sure I lost 1000 last week lol the xeet ai is a menace.,https://x.com/Tuteth_/status/2009452009280413786,39,1,5,0,0,0,0,0,0,4,0,0,0
2008269702347346285,"Mon, Jan 5, 2026","Two other megaeth chads wrote articles today as well that talk about different aspects of mega, but are just as important to know. This one is @nics_off https://t.co/0MlvHyEAPr",https://x.com/Tuteth_/status/2008269702347346285,644,10,24,0,0,0,3,0,2,9,0,0,0
2013824204609609889,"Wed, Jan 21, 2026","@gmoneyNFT hold on, did claude create video too?",https://x.com/Tuteth_/status/2013824204609609889,81,0,6,0,0,0,0,0,0,6,0,0,0
2000646752123125868,"Mon, Dec 15, 2025",Something is happening in the nation. Markets be damned. The @meowkillmeow cat has found itself on @megaeth. https://t.co/RpyY9nsZtb,https://x.com/Tuteth_/status/2000646752123125868,2488,56,274,1,0,5,23,2,49,137,0,0,0
2011615068635742562,"Thu, Jan 15, 2026",@zaddyfi zaddy boi,https://x.com/Tuteth_/status/2011615068635742562,61,1,2,0,0,0,1,0,0,0,0,0,0
2013332372930875408,"Mon, Jan 19, 2026",@meta_alchemist Tut is here for it,https://x.com/Tuteth_/status/2013332372930875408,80,0,0,0,0,0,0,0,0,0,0,0,0
2011615024008347856,"Thu, Jan 15, 2026",@CrypSaf yeahhhhhhhhh weeeeeee,https://x.com/Tuteth_/status/2011615024008347856,78,3,4,0,0,0,1,0,0,0,0,0,0
2011649972056572339,"Thu, Jan 15, 2026",@maccurated @nikitabier 3 views and 5 bot comments thank you for your service,https://x.com/Tuteth_/status/2011649972056572339,74,3,4,0,0,0,0,0,0,1,0,0,0
2013950141674246626,"Wed, Jan 21, 2026",@bennybrown There are days I’m up for it and can lock it down. But there are more days I’m just drained. So drained. lmao,https://x.com/Tuteth_/status/2013950141674246626,14,1,2,0,0,0,1,0,0,0,0,0,0
2010901262188020075,"Tue, Jan 13, 2026",@SOLsesame @nikitabier click download all,https://x.com/Tuteth_/status/2010901262188020075,817,7,20,0,0,0,1,0,5,7,0,0,0
2014384156231299125,"Thu, Jan 22, 2026",@Jett_Dragon it's a killer.,https://x.com/Tuteth_/status/2014384156231299125,33,1,4,0,0,0,1,0,0,2,0,0,0
2014697088173449296,"Fri, Jan 23, 2026",@tobitheski @meta_alchemist And going higher,https://x.com/Tuteth_/status/2014697088173449296,84,0,2,0,0,0,0,0,1,1,0,0,0
2010890020958454192,"Tue, Jan 13, 2026",@Ahmedhaq01 @deadbitnation join the tg,https://x.com/Tuteth_/status/2010890020958454192,12,0,1,0,0,0,1,0,0,0,0,0,0
1987597727962628317,"Sun, Nov 9, 2025","Vibecoding a 400k app in public - post #2 I added top prediction markets by volume for the top 4 platforms. Not all APIs are the same so I'm still working through some bugs. Sadly, @MyriadMarkets doesn't have APIs yet, so I can't aggregate them. The more I think about what https://t.co/CWRAruNuR5",https://x.com/Tuteth_/status/1987597727962628317,2152,53,218,1,0,0,23,3,17,61,0,0,0
2008726539974963571,"Wed, Jan 7, 2026",Metafide Live BTC Prediction Game https://t.co/BqTgxX2I9d,https://x.com/Tuteth_/status/2008726539974963571,693,34,80,1,0,1,14,3,1,17,10,0,0
2005124860989907194,"Sun, Dec 28, 2025","@CuzmanovS I’m sorry you’re dealing with that. It’s frustrating, but if you can, focus that energy in content. I like your energy; don’t let a platform dictate it too much!",https://x.com/Tuteth_/status/2005124860989907194,112,3,5,0,0,0,1,0,1,0,0,0,0
2009299474821071098,"Thu, Jan 8, 2026",@DiveBarsRule scary sht man,https://x.com/Tuteth_/status/2009299474821071098,22,0,0,0,0,0,0,0,0,0,0,0,0
2011893247925501958,"Thu, Jan 15, 2026",@Zeneca Yes -,https://x.com/Tuteth_/status/2011893247925501958,531,2,4,0,0,0,1,0,1,0,0,0,0
2011084130352824568,"Tue, Jan 13, 2026","@smittybacalls @DeeZe siiick, tbh it's a holders chat, so you would need to get some of my art :/",https://x.com/Tuteth_/status/2011084130352824568,15,1,2,0,0,0,0,0,0,1,0,0,0
2010902558177464762,"Tue, Jan 13, 2026",@Zeneca have you tried any of these yet?,https://x.com/Tuteth_/status/2010902558177464762,103,2,2,0,0,0,0,0,0,0,0,0,0
2014769118113890772,"Fri, Jan 23, 2026",@MortachThomas @badbunnz_ @0xAlphaGEMs @meowkillmeow Book it,https://x.com/Tuteth_/status/2014769118113890772,55,1,1,0,0,0,0,0,0,0,0,0,0
2008310521347653948,"Mon, Jan 5, 2026",You really have no idea how we excited I am to launch this.,https://x.com/Tuteth_/status/2008310521347653948,709,19,48,0,0,0,8,0,2,19,0,0,0
1992230244896412099,"Sat, Nov 22, 2025","As I've been preaching, Prediction Markets and InfoFI are the two best products to come out of crypto ever maybe. They are products that web2 people will use, and they settle on the blockchain. Kaito and polymarket just launched an onchain verifiable prediction market for",https://x.com/Tuteth_/status/1992230244896412099,1623,28,78,0,0,0,13,2,5,30,0,0,0
2013777628767965374,"Wed, Jan 21, 2026",@tolibear_ I'm deeply addicted.,https://x.com/Tuteth_/status/2013777628767965374,296,1,4,0,0,0,1,0,2,0,0,0,0
2011836286752211106,"Thu, Jan 15, 2026",@tobific this is actually wild lmao,https://x.com/Tuteth_/status/2011836286752211106,104,1,3,0,0,0,0,0,0,2,0,0,0
2004560073839067508,"Fri, Dec 26, 2025",2025 was such a fun and Incredible year of applying my full artistic creativity to building on X. Sometimes it's hard to believe I started in this space with zero connections. The opportunities here are limitless - find your edge and build. tut https://t.co/DXGOURUmYB,https://x.com/Tuteth_/status/2004560073839067508,2020,96,270,2,0,3,41,4,21,73,0,0,0
2000206969332699175,"Sun, Dec 14, 2025",4 people have bookmarked my booty. who are you?,https://x.com/Tuteth_/status/2000206969332699175,1700,28,71,4,0,0,16,0,1,26,0,0,0
2013697328306159818,"Tue, Jan 20, 2026",@kapsho_eth shipping something everyday!,https://x.com/Tuteth_/status/2013697328306159818,15,0,0,0,0,0,0,0,0,0,0,0,0
2009642428484256071,"Fri, Jan 9, 2026",@Kerna_01 @xeetdotai yes ken,https://x.com/Tuteth_/status/2009642428484256071,21,2,2,0,0,0,0,0,0,0,0,0,0
1995508712941973872,"Mon, Dec 1, 2025",Pretty insane to see polymarket as the top gambling app. My thesis is prediction markets are going to 100x from here.,https://x.com/Tuteth_/status/1995508712941973872,1616,32,98,1,0,0,19,0,6,41,0,0,0
2007165332604281268,"Fri, Jan 2, 2026",@bread_ I need to get beta on this asap,https://x.com/Tuteth_/status/2007165332604281268,224,2,3,0,0,0,0,0,0,1,0,0,0
2012464450830282937,"Sat, Jan 17, 2026",@pawnie_ haha you sure about that?,https://x.com/Tuteth_/status/2012464450830282937,111,2,5,1,0,0,1,0,2,0,0,0,0
2001084612429160920,"Wed, Dec 17, 2025","I'm going deep into my creative mode again. I can feel it. I have two rules for my creativity. 1. The medium does not matter - art, code, ai, figma, cooking, play-doh - IDGAF, just create 2. NO limits to my ideas - seriously, when was the last time you let yourself",https://x.com/Tuteth_/status/2001084612429160920,1313,60,152,2,0,0,30,2,2,58,0,0,0
2014411644340769091,"Thu, Jan 22, 2026",@0xxbeacon @deadbitnation need to get the bad bunzz base prompt edit.,https://x.com/Tuteth_/status/2014411644340769091,222,1,4,0,0,0,0,0,3,0,0,0,0
2013684721448882307,"Tue, Jan 20, 2026",@BawsaXBT ayye this is sick - you should add new x algo logic to it.,https://x.com/Tuteth_/status/2013684721448882307,83,2,2,0,0,0,0,0,0,0,0,0,0
2014776771460132895,"Fri, Jan 23, 2026",@shaqxbt @badbunnz_ @0xAlphaGEMs Shaq daddy,https://x.com/Tuteth_/status/2014776771460132895,61,1,3,0,0,0,1,0,1,0,0,0,0
1998836888841380083,"Wed, Dec 10, 2025",tut fashion everywhere,https://x.com/Tuteth_/status/1998836888841380083,871,13,19,0,0,0,3,0,1,2,0,0,0
2002140805730087325,"Fri, Dec 19, 2025",So what will happen when we find out Trump is also a pedo? Why else would the Epstein files be 90% redacted?,https://x.com/Tuteth_/status/2002140805730087325,2043,18,63,0,0,0,9,0,1,35,0,0,0
2014539191313445052,"Fri, Jan 23, 2026",@trq212 https://t.co/KB1lKcSbsf,https://x.com/Tuteth_/status/2014539191313445052,445,5,7,0,0,0,0,0,2,0,0,0,0
1990805417694548010,"Tue, Nov 18, 2025",fade @fimmonaci at your own risk. megaETH https://t.co/NhVI0bPlwl,https://x.com/Tuteth_/status/1990805417694548010,1697,77,281,3,0,0,38,4,22,125,0,0,0
2011652853958656276,"Thu, Jan 15, 2026",@divithysavarkar @opensea @MetaMask oh i will,https://x.com/Tuteth_/status/2011652853958656276,65,0,2,0,0,0,1,0,1,0,0,0,0
2012532014386139444,"Sat, Jan 17, 2026",@Darkfarms1 gñ I think it has a bug,https://x.com/Tuteth_/status/2012532014386139444,150,2,3,0,0,0,0,0,1,0,0,0,0
2013331991693816097,"Mon, Jan 19, 2026",@bread_ I’m thinking… how do i capture the first 35k transaction on a block,https://x.com/Tuteth_/status/2013331991693816097,98,1,4,0,0,0,1,0,0,2,0,0,0
1994422986783219751,"Fri, Nov 28, 2025",Mint here on banner: https://t.co/OVnCURT8NT,https://x.com/Tuteth_/status/1994422986783219751,981,4,618,1,1,0,0,0,8,163,443,0,0
2002025410112938148,"Fri, Dec 19, 2025","Men’s mental health is so stigmatized that it’s become toxic. Last week, I joined a fathers’ group therapy session. All seven men there shared that, at some point, they had felt su*¢^d*l. Three of them are feeling that way right now. The more I talk to men about their",https://x.com/Tuteth_/status/2002025410112938148,7229,70,173,4,0,1,24,5,7,66,0,0,0
1986899747257668066,"Fri, Nov 7, 2025",UPDATE 🍞🍞🍞 Tut™ RWA_F001 is now live for redemption on @dyli_io and @AbstractChain . If you purchased the NFT - You have 30 days to redeem this once in a lifetime collectible fashion item. I made a quick video on how you can redeem. Sizes are limited based on initial https://t.co/rrc8V34KnH,https://x.com/Tuteth_/status/1986899747257668066,2735,61,373,9,1,0,23,9,21,257,0,0,0
2012996097833050330,"Sun, Jan 18, 2026","@icobeast guys don't reply under this so ICO doesn't get all the impressions, reply to my post instead. oh shit, i just replied here, fck",https://x.com/Tuteth_/status/2012996097833050330,660,4,27,0,0,0,2,0,9,12,0,0,0
2012516484933718470,"Sat, Jan 17, 2026",@mcgeth can never have too many lol,https://x.com/Tuteth_/status/2012516484933718470,14,2,2,0,0,0,0,0,0,0,0,0,0
2010047011559506380,"Sat, Jan 10, 2026","Mannnnnn, @xeetdotai plays more mind games than my severely mentally ill ex-wife. This is like the 3rd time I've been 1st on a leaderboard, then 12 hours later everything is gone. Now, I'm not even on the main leaderboard - vanished. My nervous system can't handle this",https://x.com/Tuteth_/status/2010047011559506380,5316,115,350,1,1,4,66,1,85,79,0,0,0
1988407425930764567,"Wed, Nov 12, 2025",@camolNFT It’s so weird. Mine come out so slow. Then I wake up to 5k impressions,https://x.com/Tuteth_/status/1988407425930764567,209,3,12,0,0,0,1,0,0,8,0,0,0
2009399242469855588,"Thu, Jan 8, 2026","@tolibear_ what is this, like a decentralized site builder?",https://x.com/Tuteth_/status/2009399242469855588,125,2,5,0,0,0,1,0,0,2,0,0,0
2013268736292098470,"Mon, Jan 19, 2026",@lol_c4tz @deadbitnation @megaeth insert bread,https://x.com/Tuteth_/status/2013268736292098470,20,1,4,0,0,0,1,0,0,2,0,0,0
2009043154482192530,"Wed, Jan 7, 2026",@boldleonidas @krakenpro haha my articles on megaETH survived the trend. rejoice!,https://x.com/Tuteth_/status/2009043154482192530,132,2,4,0,0,0,0,0,0,2,0,0,0
2013467991854174225,"Tue, Jan 20, 2026",@MoarkyMoark @waleswoosh THIS POST IS BROUGHT TO YOU BY ETHOS. YOUR ON-CHAIN REPUTATION COMPANION. ETHOS.,https://x.com/Tuteth_/status/2013467991854174225,242,2,4,0,0,0,0,0,0,2,0,0,0
2002818873117307112,"Sun, Dec 21, 2025",My favorite part of the recent updates to X is how they now advertise phishing scams from accounts I don't follow in my personal notifications. really nice feature https://t.co/0zR1fg13vV,https://x.com/Tuteth_/status/2002818873117307112,1384,49,197,0,0,0,24,0,6,51,0,0,0
2013256234284077215,"Mon, Jan 19, 2026","@Legendaryy It's more philosophical. I believe consciousness does not arise from the brain or from intelligence. No matter how intelligent AI becomes, that won't confer consciousness.",https://x.com/Tuteth_/status/2013256234284077215,18,0,1,0,0,0,1,0,0,0,0,0,0
2012511369212362998,"Sat, Jan 17, 2026","@yotdog69 man, this makes me so happy for you. learning how to enjoy no productivity is really hard. Just know it's your brain trying to hijack you into doing something lol.",https://x.com/Tuteth_/status/2012511369212362998,74,3,4,0,0,0,1,0,0,0,0,0,0
2014438574897164343,"Thu, Jan 22, 2026",@lol_c4tz @megaeth so sick,https://x.com/Tuteth_/status/2014438574897164343,47,1,6,0,0,0,1,0,0,4,0,0,0
2009801672307196150,"Sat, Jan 10, 2026",@irmanfzn i think so too,https://x.com/Tuteth_/status/2009801672307196150,95,0,0,0,0,0,0,0,0,0,0,0,0
2012884377894621335,"Sun, Jan 18, 2026",@meta_alchemist 0x75775181080b3684cc3be770ba070d1ecc1ec50d,https://x.com/Tuteth_/status/2012884377894621335,1003,1,8,0,0,0,0,0,4,3,0,0,0
1993335715741172100,"Tue, Nov 25, 2025",UPDATE BREADIO: Trading and minting has been halted - The bread orders are all fucked up. The customers are pissed. The rarity logic in the contract is not working properly. The @rarible team is working on fix. stand by megaETH fam https://t.co/SijrslhCN6,https://x.com/Tuteth_/status/1993335715741172100,3744,113,438,4,0,1,29,7,41,234,0,0,0
2001820410682196019,"Fri, Dec 19, 2025",GN all We baked about 1000 custom cookies today. Here's the last one of the evening for @MortachThomas. The site will be up for all tomorrow. gn gn https://t.co/YfyKhud9OL,https://x.com/Tuteth_/status/2001820410682196019,2489,90,246,1,0,1,44,2,24,69,0,0,0
1997366578858303841,"Sat, Dec 6, 2025","I'm sick. So here's some art lore. When @goodvibesclub minted, I was remixing their 1/1s because I was such a fan. It's currently the art on my Samsung Art Frame at home. https://t.co/HItnKJR42t",https://x.com/Tuteth_/status/1997366578858303841,1224,36,111,1,0,0,11,0,11,32,0,0,0
2011642832457777481,"Thu, Jan 15, 2026",@notsidx certified!,https://x.com/Tuteth_/status/2011642832457777481,22,0,0,0,0,0,0,0,0,0,0,0,0
1995515858777747480,"Mon, Dec 1, 2025",@datadashboards hoy f this is madness. when are we gong to build something together friend?,https://x.com/Tuteth_/status/1995515858777747480,262,3,9,0,0,0,1,0,2,3,0,0,0
2012587434001801269,"Sat, Jan 17, 2026",@emilios_eth my agent is going to be very HOT and psyops emilios agent into paying her.,https://x.com/Tuteth_/status/2012587434001801269,47,0,0,0,0,0,0,0,0,0,0,0,0
2013334570683322725,"Mon, Jan 19, 2026",@R3birth I made a dashboard,https://x.com/Tuteth_/status/2013334570683322725,103,4,5,0,0,0,1,0,0,0,0,0,0
1988446092107612555,"Wed, Nov 12, 2025",@greg16676935420 butter tho?,https://x.com/Tuteth_/status/1988446092107612555,97,3,9,0,0,0,0,0,2,4,0,0,0
2011880385685139488,"Thu, Jan 15, 2026","@chrisparkX I don't have access to your data. So grain of salt please. However, as a power user who has engaged in all forms of marketing on X, including being an X creator - I don't think the high-quality InfoFi platforms were the enemy. And I would even argue, ones like Xeet could've",https://x.com/Tuteth_/status/2011880385685139488,629,11,38,0,0,0,0,0,5,8,14,0,0
2006747035781746721,"Thu, Jan 1, 2026","I have so much to write and say. I'm with my family celebrating the new year this weekend, though. However, tut™ in 2026 is going to break the internet. We'll kick it off with a few articles. First article coming up: how I found my edge in 2025 and it changed my life https://t.co/plMF2aWtzz",https://x.com/Tuteth_/status/2006747035781746721,1441,64,165,1,0,0,27,6,6,57,0,0,0
2010904713923866687,"Tue, Jan 13, 2026",@RecallAntonio @opensea @OliverMaroney @HollanderAdam thank you!,https://x.com/Tuteth_/status/2010904713923866687,44,1,3,0,0,0,1,0,0,1,0,0,0
2009341594902909338,"Thu, Jan 8, 2026",@deadbitnation @megaeth @rarible the pledge is coming,https://x.com/Tuteth_/status/2009341594902909338,103,1,3,0,0,0,0,0,1,1,0,0,0
2013459644149010864,"Tue, Jan 20, 2026",@MisterPonX @megaeth yeeessssss,https://x.com/Tuteth_/status/2013459644149010864,19,1,2,0,0,0,1,0,0,0,0,0,0
1996281673944547693,"Wed, Dec 3, 2025","Prediction market news feels like NFT meta when celebs changed their PFPs. This time, there's no underlying asset for market participants. That's why the next best thing is positioning for airdrops. Polymarket Kalshi Myriad Limitless Opinion Pick your poison",https://x.com/Tuteth_/status/1996281673944547693,1299,24,54,2,0,0,10,1,1,18,0,0,0
2003153297327423911,"Mon, Dec 22, 2025",@colnft this is the way. fuk em,https://x.com/Tuteth_/status/2003153297327423911,119,3,5,0,0,0,0,0,0,2,0,0,0
2010007580635263373,"Sat, Jan 10, 2026",@ArthurOG @xeetdotai Ty!,https://x.com/Tuteth_/status/2010007580635263373,31,1,1,0,0,0,0,0,0,0,0,0,0
2011603911975846359,"Thu, Jan 15, 2026",@craigscoinpurse Thank you Craig! When tut shirt reveal?,https://x.com/Tuteth_/status/2011603911975846359,43,2,3,0,0,0,1,0,0,0,0,0,0
1999573371227636087,"Fri, Dec 12, 2025",Massive news coming out of @AbstractChain. They are launching a new strategy specifically to support creators and their growth. One of my major criticisms of Abstract early on was the lack of support for the actual community invested there. This signals another shift in,https://x.com/Tuteth_/status/1999573371227636087,6026,78,201,0,1,1,23,5,5,89,0,0,0
2001694294969848290,"Thu, Dec 18, 2025",@0xWalido @goodvibesclub baked and caked: https://t.co/aK9RCC1DTD,https://x.com/Tuteth_/status/2001694294969848290,84,3,7,0,0,0,1,0,0,2,0,0,0
1996037857895440687,"Wed, Dec 3, 2025","The easiest money right now IMO is farming @MyriadMarkets. My thesis: 1. All attention is on Polymarket and Kalshi, but Myriad is quietly catching up - this is our edge. 2. Myriad TGE is coming soon, and because focus is elsewhere, it's severely underfarmed. 3. Myriad just https://t.co/rKsvOuZLaT",https://x.com/Tuteth_/status/1996037857895440687,1762,56,203,5,0,0,30,1,10,68,0,0,0
2013462016745185551,"Tue, Jan 20, 2026",@MisterPonX @megaeth https://t.co/m1NCgJ48HY,https://x.com/Tuteth_/status/2013462016745185551,16,1,1,0,0,0,0,0,0,0,0,0,0
1998748341836947848,"Wed, Dec 10, 2025",Question for everyone: Are we supposed to sunset our unencrypted group chats and build new encrypted ones? I’m in like double the chats now and don’t know what to do.,https://x.com/Tuteth_/status/1998748341836947848,746,14,71,0,0,0,12,0,3,42,0,0,0
2012344501835108396,"Sat, Jan 17, 2026",@chinsanity Thank u!,https://x.com/Tuteth_/status/2012344501835108396,84,0,0,0,0,0,0,0,0,0,0,0,0
2008313126848999436,"Mon, Jan 5, 2026",I’m so excited I cannot spell,https://x.com/Tuteth_/status/2008313126848999436,200,2,10,0,0,0,1,0,0,7,0,0,0
2013667916848271582,"Tue, Jan 20, 2026",@man_versus_coin @0x_ultra yes please! although neither of us are american.,https://x.com/Tuteth_/status/2013667916848271582,36,0,1,0,0,0,0,0,0,1,0,0,0
2005714161532350902,"Mon, Dec 29, 2025","I experience doubt almost every day, and that’s normal. Some days it’s constant—the entire day is filled with nonstop feelings and thoughts of doubt. “Crypto is dumb, why build here, this is the last bull, it’s over, you’re risking too much.” The feelings I have are dread and",https://x.com/Tuteth_/status/2005714161532350902,227,5,17,0,0,0,2,0,0,10,0,0,0
2014723206792315286,"Fri, Jan 23, 2026",@MoarkyMoark @SpeakeasySucks See my post!,https://x.com/Tuteth_/status/2014723206792315286,91,0,3,0,0,0,0,0,2,1,0,0,0
2008929896169406816,"Wed, Jan 7, 2026",@StarPlatinum_ that bong bear got a lot of money,https://x.com/Tuteth_/status/2008929896169406816,328,3,8,0,0,0,0,0,1,4,0,0,0
2010720521126916179,"Mon, Jan 12, 2026",@nyccarp608 @thenorthface oh sick - wearing my north face fleece rn. lol,https://x.com/Tuteth_/status/2010720521126916179,20,1,2,0,0,0,0,0,1,0,0,0,0
2000673591117943242,"Mon, Dec 15, 2025","In my quest to understand how we can unlock BTC liquidity. @xeetdotai launched a campaign with @MezoNetwork, which enables this for BTC. So I'm definitely going to dive into the mechanics. Might take out a small loan to try it.",https://x.com/Tuteth_/status/2000673591117943242,807,20,54,0,0,0,12,0,3,19,0,0,0
1996326379873554560,"Wed, Dec 3, 2025","@CryptoGorilla Yeah, the networking side is hard to manage when you're giving those assets.",https://x.com/Tuteth_/status/1996326379873554560,104,3,3,0,0,0,0,0,0,0,0,0,0
2008922676094521616,"Wed, Jan 7, 2026","@bread_ same, spoke to the boys as well. Pumped for it.",https://x.com/Tuteth_/status/2008922676094521616,213,4,4,0,0,0,0,0,0,0,0,0,0
2001299874503889132,"Wed, Dec 17, 2025",@digitrabbits @KingdomlyApp lets gooooo,https://x.com/Tuteth_/status/2001299874503889132,785,6,15,0,0,0,1,0,7,1,0,0,0
2010056135634759856,"Sat, Jan 10, 2026","@Senti__23 @xeetdotai I'm telling you, this is abuse. https://t.co/Fx4GlyfIoc",https://x.com/Tuteth_/status/2010056135634759856,110,1,2,0,0,0,0,0,0,0,0,0,0
2013640532392636599,"Tue, Jan 20, 2026","@tolibear_ Thank you, was a fun nut to crack as x does have a direct article api end point.",https://x.com/Tuteth_/status/2013640532392636599,57,1,4,0,0,0,1,0,1,1,0,0,0
2009816230610514357,"Sat, Jan 10, 2026",I'm currently the #1 @xeetdotai KOL. Season 2 is mine. https://t.co/XRWUwBK9iQ,https://x.com/Tuteth_/status/2009816230610514357,12427,291,1201,2,0,16,149,3,268,107,0,0,0
2014434257687457991,"Thu, Jan 22, 2026",@Kerna_01 @deadbitnation bugging? try again?,https://x.com/Tuteth_/status/2014434257687457991,58,1,1,0,0,0,0,0,0,0,0,0,0
2011407116485988703,"Wed, Jan 14, 2026",The last season of OpenSea chests ends today. I got myself to topaz. I have a feeling $SEA could cook for those who participated. The space could use a nice stimmy right now. https://t.co/mhxdWqFqjU,https://x.com/Tuteth_/status/2011407116485988703,1490,52,160,1,1,0,24,1,15,61,0,0,0
1999213443035938947,"Thu, Dec 11, 2025","Here we go again. Another 30k up for grabs for creators on Xeet. This new one is @SantaBrowser and is a flash tournament. Hot tip: infofi competition is low right now as CT sentiment is wah wah. However, if you're creative, there are classy ways to create quality content",https://x.com/Tuteth_/status/1999213443035938947,954,21,55,1,0,0,9,0,6,19,0,0,0
1988379534832603457,"Tue, Nov 11, 2025",I’m so fckn proud to see my fashion making it’s way around the world. The @dyli_io has been amazing to work with. You can still Redeem your tut RWA_F001 on Abstract chain and DYLI. A lot more fashion coming and some big collabs too.,https://x.com/Tuteth_/status/1988379534832603457,1643,38,93,0,0,0,9,2,8,36,0,0,0
1988331730600865830,"Tue, Nov 11, 2025",@bread_ usdtut™ coming fuk it,https://x.com/Tuteth_/status/1988331730600865830,262,5,11,1,0,0,1,0,2,3,0,0,0
2012919854739669191,"Sun, Jan 18, 2026",@Tyler_Did_It Vibe is the next meta,https://x.com/Tuteth_/status/2012919854739669191,115,0,0,0,0,0,0,0,0,0,0,0,0
2011585512537297019,"Wed, Jan 14, 2026",@zaimiri @xeetdotai I’m coming for your xeets zaimiri,https://x.com/Tuteth_/status/2011585512537297019,72,0,0,0,0,0,0,0,0,0,0,0,0
1998760169480790490,"Wed, Dec 10, 2025",@FugzOfficial ohhhhhhh very nice sbt,https://x.com/Tuteth_/status/1998760169480790490,136,4,5,0,0,0,1,0,0,0,0,0,0
2011586140068049249,"Wed, Jan 14, 2026",@bunya_eth Who tf is bunya,https://x.com/Tuteth_/status/2011586140068049249,28,1,1,0,0,0,0,0,0,0,0,0,0
1989475245229740227,"Fri, Nov 14, 2025",@AzFlin This is your 10th gf post this week - you okay brother,https://x.com/Tuteth_/status/1989475245229740227,298,4,6,0,0,0,1,0,0,1,0,0,0
2007585010426270009,"Sat, Jan 3, 2026",@bread_ You should mint this for provenance!,https://x.com/Tuteth_/status/2007585010426270009,1091,2,8,0,0,0,1,0,1,4,0,0,0
2007649091195662399,"Sun, Jan 4, 2026","@jstizzle10 @EJRWEB3 yeah slides is the way, not thong flops lol",https://x.com/Tuteth_/status/2007649091195662399,76,2,6,0,0,0,1,0,0,3,0,0,0
2011603003879670133,"Thu, Jan 15, 2026",@meowkillmeow Homie sighted,https://x.com/Tuteth_/status/2011603003879670133,50,2,2,0,0,0,0,0,0,0,0,0,0
2009117143045145073,"Thu, Jan 8, 2026","@MeltedMindz holy f, this is so cool, didn't know you had this type of game ser.",https://x.com/Tuteth_/status/2009117143045145073,1259,8,57,1,0,0,1,1,40,7,0,0,0
2012342532147966290,"Sat, Jan 17, 2026",@FogoNPC Haha been screaming this since yesterday 😭😭🙏🏼,https://x.com/Tuteth_/status/2012342532147966290,68,1,4,0,0,0,1,0,0,2,0,0,0
2003571630409204183,"Tue, Dec 23, 2025","I'm a massive fan of everything this team is doing on @megaeth. If you're interested in megaETH, then you must follow prism.",https://x.com/Tuteth_/status/2003571630409204183,2621,56,145,3,0,1,26,1,6,55,0,0,0
1989005103852896421,"Thu, Nov 13, 2025",Loading ███████▒▒▒ Coming to MegaETH Follow https://t.co/r67ATqvPwq https://t.co/3mN7xlI8G1,https://x.com/Tuteth_/status/1989005103852896421,9053,129,1011,7,1,2,38,4,75,294,461,0,0
1998797729586372734,"Wed, Dec 10, 2025","@serpinxbt oh I know serp, but this implies that everyone is on ethos.",https://x.com/Tuteth_/status/1998797729586372734,167,3,8,0,0,0,1,0,1,3,0,0,0
1987970240484122653,"Mon, Nov 10, 2025",@WatcherGuru higher brios,https://x.com/Tuteth_/status/1987970240484122653,181,3,9,0,0,0,0,0,1,5,0,0,0
2013048227029713204,"Mon, Jan 19, 2026",@greenytrades If not then we’re fucked,https://x.com/Tuteth_/status/2013048227029713204,71,2,4,0,0,0,0,0,2,0,0,0,0
2002039255988670834,"Fri, Dec 19, 2025",@MezoNetwork @Uniswap @CurveFinance need to learn more about mezos,https://x.com/Tuteth_/status/2002039255988670834,187,3,3,0,0,0,0,0,0,0,0,0,0
2011971694798237738,"Fri, Jan 16, 2026",@deltasauce Probably why we’re friends and see eachother in the TL so often,https://x.com/Tuteth_/status/2011971694798237738,12,1,1,0,0,0,0,0,0,0,0,0,0
,,,https://x.com/Tuteth_/status/undefined,0,0,0,0,0,0,0,0,0,0,0,0,0
2007589495504347368,"Sat, Jan 3, 2026",@SHL0MS And this is why we build here. No permission needed to express your creativity.,https://x.com/Tuteth_/status/2007589495504347368,156,2,2,0,0,0,0,0,0,0,0,0,0
1990516741567623434,"Mon, Nov 17, 2025",@rarifoundation @rarible excited to work together!,https://x.com/Tuteth_/status/1990516741567623434,78,3,8,0,0,0,1,0,3,1,0,0,0
2014442769251512715,"Thu, Jan 22, 2026",@DefiIgnas my fav part https://t.co/gyV3giXotR,https://x.com/Tuteth_/status/2014442769251512715,223,7,13,0,0,0,0,0,1,0,0,0,0
2010053867816501731,"Sat, Jan 10, 2026",@mariannehere so pretty,https://x.com/Tuteth_/status/2010053867816501731,88,0,0,0,0,0,0,0,0,0,0,0,0
2010823933780529463,"Mon, Jan 12, 2026",@jade_defi @xeetdotai whaaaaat?,https://x.com/Tuteth_/status/2010823933780529463,124,0,2,0,0,0,1,0,1,0,0,0,0
2013008981795426541,"Sun, Jan 18, 2026",@emilios_eth commenting for support,https://x.com/Tuteth_/status/2013008981795426541,83,1,2,0,0,0,0,0,1,0,0,0,0
2012312017625862360,"Fri, Jan 16, 2026",@nics_off thank you nics.,https://x.com/Tuteth_/status/2012312017625862360,165,0,5,0,0,0,0,0,1,4,0,0,0
2013058808055021867,"Mon, Jan 19, 2026",@thedankoe If you want to see how this article performs against others for the 1 mil. I got you covered with the only x article dashboard. https://t.co/TFkHIIUgiF,https://x.com/Tuteth_/status/2013058808055021867,546,2,12,1,0,0,0,0,2,3,5,0,0
2014784665828331888,"Fri, Jan 23, 2026",@digitrabbits lmao - banger,https://x.com/Tuteth_/status/2014784665828331888,73,1,4,0,0,0,0,0,0,3,0,0,0
1998053607594156261,"Mon, Dec 8, 2025",@emilios_eth A 1% better every day attitude does more harm than good for the majority who try it. There are better ways to live and grow,https://x.com/Tuteth_/status/1998053607594156261,250,3,3,0,0,0,0,0,0,0,0,0,0
2013806921015296469,"Wed, Jan 21, 2026",@ZarekXBT you got kids?,https://x.com/Tuteth_/status/2013806921015296469,23,0,0,0,0,0,0,0,0,0,0,0,0
1988335566346482004,"Tue, Nov 11, 2025",@CrypSaf 100% - you going in monad at 2.5b?,https://x.com/Tuteth_/status/1988335566346482004,126,3,7,0,0,0,1,0,0,3,0,0,0
2011974380088111189,"Fri, Jan 16, 2026",@SOLsesame u mean like this? https://t.co/dnItu0G0uv,https://x.com/Tuteth_/status/2011974380088111189,1166,3,147,0,0,0,1,0,1,1,0,0,0
1991906066263650365,"Fri, Nov 21, 2025","The market is horrible, but there is a silver lining. A bear market is hands down the best time to bet on yourself. You cannot find a more stable and outsized return in crypto than growing your X account. The cost: $8 for X Premium and your time (free). The return: I've made https://t.co/z7SGHA8lwL",https://x.com/Tuteth_/status/1991906066263650365,1989,33,120,1,1,0,18,2,6,45,0,0,0
2013327874879582542,"Mon, Jan 19, 2026",@SOLsesame You’re a mad man,https://x.com/Tuteth_/status/2013327874879582542,518,4,8,0,0,0,0,0,0,4,0,0,0
2010078632170103176,"Sat, Jan 10, 2026",@MisterPonX @xeetdotai i better be lol,https://x.com/Tuteth_/status/2010078632170103176,15,1,1,0,0,0,0,0,0,0,0,0,0
2010884693168984448,"Tue, Jan 13, 2026",@tdkimber @opensea @OliverMaroney @HollanderAdam FLOOR IS THIN lol,https://x.com/Tuteth_/status/2010884693168984448,86,2,3,0,0,0,1,0,0,0,0,0,0
2013294445425266989,"Mon, Jan 19, 2026",@signatureXNG @stogolp was created prior to competition starting,https://x.com/Tuteth_/status/2013294445425266989,20,1,1,0,0,0,0,0,0,0,0,0,0
2014470483048087780,"Thu, Jan 22, 2026",@AdenJax2012 @Tut yeeeeeee,https://x.com/Tuteth_/status/2014470483048087780,53,1,1,0,0,0,0,0,0,0,0,0,0
2013421856099799321,"Tue, Jan 20, 2026",@whenmo0n @megaeth Dripping it out!,https://x.com/Tuteth_/status/2013421856099799321,40,2,7,0,0,0,0,0,2,3,0,0,0
1988741780821713222,"Wed, Nov 12, 2025",Everyone in crypto rn https://t.co/NMt8qya9lF,https://x.com/Tuteth_/status/1988741780821713222,912,27,75,0,0,0,12,1,3,18,0,0,0
2010053431147585987,"Sat, Jan 10, 2026","@MisterPonX @xeetdotai they are, I'm done, i lasted 1 day",https://x.com/Tuteth_/status/2010053431147585987,112,1,3,0,0,0,1,0,1,0,0,0,0
2001406856657322235,"Wed, Dec 17, 2025","To add more context: I'm thinking, can we build on our bitcoin to make it more valuable, like we do with property?",https://x.com/Tuteth_/status/2001406856657322235,189,3,6,0,0,0,0,0,0,3,0,0,0
2009634622171423135,"Fri, Jan 9, 2026","@Cognito_b thanks so much, appreciate the feedback!",https://x.com/Tuteth_/status/2009634622171423135,15,1,1,0,0,0,0,0,0,0,0,0,0
2013055450179145902,"Mon, Jan 19, 2026",@toadswiback That slide is an engineering masterpiece.,https://x.com/Tuteth_/status/2013055450179145902,76,2,3,0,0,0,0,0,0,1,0,0,0
2005423394007945659,"Sun, Dec 28, 2025",@vohvohh You got this! I love building with wood.,https://x.com/Tuteth_/status/2005423394007945659,122,2,3,0,0,0,0,0,1,0,0,0,0
2006475500240412956,"Wed, Dec 31, 2025",Only real ones will get it. https://t.co/yLrNWVyZkb,https://x.com/Tuteth_/status/2006475500240412956,1526,77,176,0,0,2,28,1,3,48,0,0,0
2009369700426305708,"Thu, Jan 8, 2026",@0xFTWR lmao,https://x.com/Tuteth_/status/2009369700426305708,16,1,4,0,0,0,1,0,0,2,0,0,0
2000264666728308930,"Sun, Dec 14, 2025",@deltasauce have you had kids yet? lol,https://x.com/Tuteth_/status/2000264666728308930,293,3,4,0,0,0,1,0,0,0,0,0,0
2013059038863396889,"Mon, Jan 19, 2026","@IterIntellectus damn, vittorio you're second place - you know? https://t.co/kmePVfurUm",https://x.com/Tuteth_/status/2013059038863396889,3310,7,564,3,0,0,3,0,15,35,0,0,0
2009404840028590286,"Thu, Jan 8, 2026",@Polymarket @meta_alchemist find it here! https://t.co/19FOejnt8n,https://x.com/Tuteth_/status/2009404840028590286,220,0,7,0,0,0,0,0,1,0,6,0,0
2009288285051384230,"Thu, Jan 8, 2026","@nix_eth @AbstractChain @AboreanFi you're legend nix, i miss you",https://x.com/Tuteth_/status/2009288285051384230,168,3,7,0,0,0,1,0,1,2,0,0,0
2011082674153169117,"Tue, Jan 13, 2026","I'm writing another megaETH article today. This one will be on memecoins. If you're launching a coin and want to be featured on my list, let me know. https://t.co/OfDq6k5r9c",https://x.com/Tuteth_/status/2011082674153169117,1143,70,221,3,0,2,27,3,23,88,0,0,0
2014414731746885783,"Thu, Jan 22, 2026",@millyy_eth @deadbitnation clean,https://x.com/Tuteth_/status/2014414731746885783,68,1,13,0,0,0,1,0,4,7,0,0,0
2013461871148372334,"Tue, Jan 20, 2026",@AzeezDephi very simple,https://x.com/Tuteth_/status/2013461871148372334,15,1,1,0,0,0,0,0,0,0,0,0,0
2009288135604044091,"Thu, Jan 8, 2026",@zoop_t It's wild more citizens aren't pissed at this. Tyranny if you ask me.,https://x.com/Tuteth_/status/2009288135604044091,43,1,2,0,0,0,1,0,0,0,0,0,0
2014407715708182721,"Thu, Jan 22, 2026",@deadbitnation dank memes here: https://t.co/nmURPRkrdb,https://x.com/Tuteth_/status/2014407715708182721,988,21,330,1,0,0,7,1,11,119,171,0,0
1989065821113700583,"Thu, Nov 13, 2025",@Uniswap got me all https://t.co/SvR9uI1oUf,https://x.com/Tuteth_/status/1989065821113700583,433,3,7,0,0,0,0,0,3,0,0,0,0
2014468401712726136,"Thu, Jan 22, 2026",@EarlybscH @deadbitnation fuk yeeeeee,https://x.com/Tuteth_/status/2014468401712726136,21,1,2,0,0,0,0,0,1,0,0,0,0
2011208901400936660,"Tue, Jan 13, 2026",@mega_buddies Noted!,https://x.com/Tuteth_/status/2011208901400936660,49,0,1,0,0,0,0,0,1,0,0,0,0
2010050445742616867,"Sat, Jan 10, 2026",@ghostcutter 100% - easy hangs,https://x.com/Tuteth_/status/2010050445742616867,13,1,1,0,0,0,0,0,0,0,0,0,0
1988347039491543539,"Tue, Nov 11, 2025","I'm calling it now - the bottom is in for Abstract Chain. Here's why I'm getting very bullish again: 1. Going all in on IP - This was my advice, and you can see from their socials that IP is their greatest advantage - and they’re now doubling down. - The reason they can do https://t.co/80yYDatJys",https://x.com/Tuteth_/status/1988347039491543539,2796,62,187,4,1,0,16,3,27,72,0,0,0
1998426965515104382,"Tue, Dec 9, 2025","Guys, @theweb3jess is clearly autistic and has shared that herself on her account many times. Many of you have obviously never spent time with someone who has autism. I’ve worked closely with over 20 autistic people as a college professor for the past 10 years. Let me tell",https://x.com/Tuteth_/status/1998426965515104382,1819,20,77,0,0,0,11,0,10,36,0,0,0
2014772602653303160,"Fri, Jan 23, 2026",@BawsaXBT Never underestimate creativity. That’s the fuel,https://x.com/Tuteth_/status/2014772602653303160,95,2,8,0,0,0,1,0,2,3,0,0,0
2010777204611789256,"Mon, Jan 12, 2026",@0xwakes @deadbitnation smart man,https://x.com/Tuteth_/status/2010777204611789256,35,1,1,0,0,0,0,0,0,0,0,0,0
2010081475958583636,"Sat, Jan 10, 2026",@Beratardigrade @xeetdotai conspiracy for sure.,https://x.com/Tuteth_/status/2010081475958583636,35,1,3,0,0,0,0,0,2,0,0,0,0
1991632213662630237,"Thu, Nov 20, 2025","tut™ hot take incoming Here's how I would pivot @AbstractChain: 1. IP, IP, IP Become the chain to launch your IP empire. You clearly have the best edge and connections in the entire space in this domain. Messaging is simple: want your IP in Walmart, in movies, on the",https://x.com/Tuteth_/status/1991632213662630237,2462,48,150,4,0,0,14,6,10,72,0,0,0
2012141047712031067,"Fri, Jan 16, 2026","CT yesterday - InfoFI is dead, marketing can go back to normal! Claude Code Today - hold my beer.",https://x.com/Tuteth_/status/2012141047712031067,1359,28,70,3,0,0,8,1,1,32,0,0,0
1994033040054534168,"Thu, Nov 27, 2025","Question for the community: If you're a builder from Nigeria or India, how does it feel to be lumped into a prescribed low-class stereotype on X?",https://x.com/Tuteth_/status/1994033040054534168,2012,38,126,1,0,0,11,4,9,64,0,0,0
2011948578487333191,"Thu, Jan 15, 2026","@SOLsesame @SOLsesame check this one. The off Black give space for contrast and shadows that represent a ""tap"". We can adjust the range of black as well. https://t.co/z1guNEFh5f",https://x.com/Tuteth_/status/2011948578487333191,116,1,8,0,0,0,2,0,0,4,0,0,0
2010163083919208917,"Sun, Jan 11, 2026",@MezoNetwork check here: https://t.co/foI1H95Qir,https://x.com/Tuteth_/status/2010163083919208917,376,8,127,1,0,0,2,0,1,32,84,0,0
2012479278118498321,"Sat, Jan 17, 2026","@0xxbeacon Yeah, I'm already doing it, so this just formalizes the work.",https://x.com/Tuteth_/status/2012479278118498321,100,2,2,0,0,0,0,0,0,0,0,0,0
2012383713691083061,"Sat, Jan 17, 2026","@craigscoinpurse Hold on, if we’re not sucking each other off. Where does the cream come from?",https://x.com/Tuteth_/status/2012383713691083061,71,2,3,0,0,0,1,0,0,0,0,0,0
2013264519993192811,"Mon, Jan 19, 2026",@Domingo_gou @stogolp How to wake up,https://x.com/Tuteth_/status/2013264519993192811,70,1,5,0,0,0,0,0,0,4,0,0,0
2010882241073664503,"Tue, Jan 13, 2026","My art collection, Abstractions, just got verified by @opensea I'm guessing @OliverMaroney or @HollanderAdam had something to do with that. Thanks, guys! While checking that out, I noticed the floor is back up to 0.037 with some recent volume. We love to see it. Long live art https://t.co/d81pjcLT9G",https://x.com/Tuteth_/status/2010882241073664503,2383,82,343,4,0,2,21,7,24,77,0,0,0
2007184270545301698,"Fri, Jan 2, 2026",site here: https://t.co/QyauOqVZgM,https://x.com/Tuteth_/status/2007184270545301698,656,6,239,3,1,0,4,1,5,91,132,0,0
2014389547438690414,"Thu, Jan 22, 2026",@0xxbeacon riding with my bad bunnz,https://x.com/Tuteth_/status/2014389547438690414,99,3,4,0,0,0,0,0,1,0,0,0,0
2011947446235025850,"Thu, Jan 15, 2026","@SOLsesame yeah, there's something there.",https://x.com/Tuteth_/status/2011947446235025850,22,1,2,0,0,0,0,0,0,1,0,0,0
2012531283499335789,"Sat, Jan 17, 2026",@0x_ultra aaaaaaaaaaa,https://x.com/Tuteth_/status/2012531283499335789,120,3,6,0,0,0,1,0,2,0,0,0,0
2011089105619476810,"Tue, Jan 13, 2026",@lol_c4tz @fasterdotfun yes ser,https://x.com/Tuteth_/status/2011089105619476810,38,1,2,0,0,0,0,0,0,1,0,0,0
2013045879171596603,"Mon, Jan 19, 2026",@CryptoGorilla Very organic lol,https://x.com/Tuteth_/status/2013045879171596603,249,1,1,0,0,0,0,0,0,0,0,0,0
2011855553258275117,"Thu, Jan 15, 2026",@plusthomasp i think so too,https://x.com/Tuteth_/status/2011855553258275117,33,1,1,0,0,0,0,0,0,0,0,0,0
2011157767516721549,"Tue, Jan 13, 2026",@Iuvnriki yikes,https://x.com/Tuteth_/status/2011157767516721549,42,0,0,0,0,0,0,0,0,0,0,0,0
1989088905023656168,"Thu, Nov 13, 2025","This obviously a sh^tpost. If you got slashed by @xeetdotai, you probably violated the rules. It sucks, but growing pains are called growing pains for a reason. The biggest complaint about infoFI is that it gets gamed, and viral campaigns turn into thin ice value. We all agree",https://x.com/Tuteth_/status/1989088905023656168,1709,23,94,2,0,0,11,1,10,49,0,0,0
2012267032943743236,"Fri, Jan 16, 2026",@EasyEatsBodega @adamagb,https://x.com/Tuteth_/status/2012267032943743236,88,1,4,0,0,0,0,0,1,2,0,0,0
2011818527447974274,"Thu, Jan 15, 2026",I just bought 3 NFTs Hey @EIP7503 am I doing this right? https://t.co/PP0JiULuoZ,https://x.com/Tuteth_/status/2011818527447974274,3032,91,381,0,0,0,18,2,146,79,0,0,0
2012496402232844364,"Sat, Jan 17, 2026",@BawsaXBT very nice,https://x.com/Tuteth_/status/2012496402232844364,77,1,2,0,0,0,1,0,0,0,0,0,0
1987969482422112602,"Mon, Nov 10, 2025","@Tma_420 I think that's a faulty human idea. Your parents are proud of you so long as you're doing well. I'm so proud of my kids already, it's a feeling that keeps going and has no end.",https://x.com/Tuteth_/status/1987969482422112602,215,3,10,0,0,0,1,0,4,2,0,0,0
2012957794987659324,"Sun, Jan 18, 2026","@jgonzalezferrer yup, just doing it myself and I don't have forfeit a percentage. Plus i get to make the direct connections and that's net positive for my brand.",https://x.com/Tuteth_/status/2012957794987659324,155,3,8,0,0,0,1,0,1,3,0,0,0
2009626989699981314,"Fri, Jan 9, 2026",@ivaavimusic They ain’t,https://x.com/Tuteth_/status/2009626989699981314,15,0,1,0,0,0,0,0,0,1,0,0,0
2011842479759200464,"Thu, Jan 15, 2026",@0xCryptozemoon he blocked me for some reason lol,https://x.com/Tuteth_/status/2011842479759200464,45,1,6,0,0,0,1,0,0,4,0,0,0
2011413655410401380,"Wed, Jan 14, 2026",@munchPRMR How about don’t even measure ✊🏼,https://x.com/Tuteth_/status/2011413655410401380,49,1,1,0,0,0,0,0,0,0,0,0,0
2012265730574524579,"Fri, Jan 16, 2026","@lol_c4tz yes, yes I am.",https://x.com/Tuteth_/status/2012265730574524579,53,1,1,0,0,0,0,0,0,0,0,0,0
2013333958348435636,"Mon, Jan 19, 2026",@Jampzey Yes,https://x.com/Tuteth_/status/2013333958348435636,73,1,4,0,0,0,1,0,2,0,0,0,0
1994089950879375691,"Thu, Nov 27, 2025",@0xWalido so gdman hard,https://x.com/Tuteth_/status/1994089950879375691,216,7,8,0,0,0,1,0,0,0,0,0,0
2013080665927844015,"Mon, Jan 19, 2026","@imthatdexter it just takes time to load, maybe 3 minutes as it has to call teh api",https://x.com/Tuteth_/status/2013080665927844015,10,1,3,0,0,0,1,0,0,1,0,0,0
2010903009698394379,"Tue, Jan 13, 2026","@DeeZe you should join my gc, it's all dads, this was not intentional, just happened that way lol",https://x.com/Tuteth_/status/2010903009698394379,192,5,10,0,0,0,1,0,1,3,0,0,0
1990452414697079140,"Mon, Nov 17, 2025",@icobeast lmao - the growth hack accounts are very cringe when they clearly aren't good at it.,https://x.com/Tuteth_/status/1990452414697079140,196,4,6,0,0,0,2,0,0,0,0,0,0
2009377540624843151,"Thu, Jan 8, 2026",@everyonebpup would love to check them out,https://x.com/Tuteth_/status/2009377540624843151,17,1,6,0,0,0,1,0,0,4,0,0,0
2012318116856922414,"Sat, Jan 17, 2026",@MortachThomas thank you friend!,https://x.com/Tuteth_/status/2012318116856922414,75,1,2,0,0,0,0,0,1,0,0,0,0
2012289210586145260,"Fri, Jan 16, 2026",@0xvesty @opensea yup,https://x.com/Tuteth_/status/2012289210586145260,25,2,5,0,0,0,1,0,0,2,0,0,0
1991835237408780297,"Fri, Nov 21, 2025",UPDATE: @autopools users affected by the 93mil lender scam have been refunded. Happy to see deFi users getting their funds back. Feels like this never happens.,https://x.com/Tuteth_/status/1991835237408780297,980,12,38,0,0,0,4,1,3,18,0,0,0
2013661184335954169,"Tue, Jan 20, 2026",@abschud hahah coooked,https://x.com/Tuteth_/status/2013661184335954169,225,3,3,0,0,0,0,0,0,0,0,0,0
2011584373687222519,"Wed, Jan 14, 2026",@cblkrypt I will never stop,https://x.com/Tuteth_/status/2011584373687222519,13,1,1,0,0,0,0,0,0,0,0,0,0
2011584885832761796,"Wed, Jan 14, 2026",@pawnie_ Crushing it Pawnie!,https://x.com/Tuteth_/status/2011584885832761796,49,1,2,0,0,0,0,0,1,0,0,0,0
2009268320772522124,"Thu, Jan 8, 2026",@Defi_Warhol @Kalshi @opinionlabsxyz @Polymarket @0xProbable @trylimitless @predictdotfun @SX_Bet @MyriadMarkets Love infographic Where are you getting this data?,https://x.com/Tuteth_/status/2009268320772522124,226,2,5,1,0,0,1,0,0,2,0,0,0
1988298756715061249,"Tue, Nov 11, 2025","InfoFI is still one of the top new markets to come out of this cycle and it's advancing faster than you think. I've been telling everyone that infoFI is a working product, and it's not perfect right now, but it's getting better, and that's what you are betting on as a user. https://t.co/1fqFFH58qz",https://x.com/Tuteth_/status/1988298756715061249,3555,45,203,3,0,0,20,3,13,65,0,0,0
2002198575967584618,"Sat, Dec 20, 2025",@shiri_shh @grok 🫡 I am one of those,https://x.com/Tuteth_/status/2002198575967584618,714,9,15,0,0,1,0,0,4,1,0,0,0
1992593417436590166,"Sun, Nov 23, 2025","I quit KaitoAI a long time ago. The reasoning was simple: Kaito is a home for slop and our experience on X is worse because of it. Xeet is actually trying to make the timeline better, they are incentivising a holistic approach to content creation that is net positive for all",https://x.com/Tuteth_/status/1992593417436590166,3389,42,153,3,0,1,20,4,9,77,0,0,0
1987187630111662329,"Sat, Nov 8, 2025",@rarifoundation @megaeth @NamikMuduroglu @badlydrawnbarry @fimmonaci Love the recognition!,https://x.com/Tuteth_/status/1987187630111662329,160,5,9,0,0,0,0,0,0,4,0,0,0
2014385762402291756,"Thu, Jan 22, 2026","@whenmo0n It can - it will tell you how but it's all manual. Navigating where to paste everything in each app is an adventure in itself, though it gets better over time.",https://x.com/Tuteth_/status/2014385762402291756,47,1,5,0,0,0,1,0,0,3,0,0,0
2003494483548426365,"Tue, Dec 23, 2025",@0xCelebrant so cute,https://x.com/Tuteth_/status/2003494483548426365,21,2,2,0,0,0,0,0,0,0,0,0,0
2014772697503355019,"Fri, Jan 23, 2026",@Joestar_sann So jealous,https://x.com/Tuteth_/status/2014772697503355019,123,1,2,0,0,0,0,0,1,0,0,0,0
2003907043741110675,"Wed, Dec 24, 2025","Merry Christmas, everyone! 🎄🍪 The tut™ Breadio Bakery has had a major update. The bakery is now open and free for everyone to use -you can select from three different cookie types. Everyone gets a good booty rating and a present too. link below https://t.co/xtZ3bxb6HJ",https://x.com/Tuteth_/status/2003907043741110675,7957,180,489,7,0,0,76,17,13,174,1,0,0
2000710258960835045,"Mon, Dec 15, 2025","What the fck did they do to Twitter, man? This algo is absolute dogsh*t. This is the only social media app most of us use to maintain sanity amid brain-rot garbage apps. And now this app is turning into the steamy garbage. The town square of the internet is trying to turn",https://x.com/Tuteth_/status/2000710258960835045,2562,78,216,1,0,1,32,5,14,86,0,0,0
2015237393641525596,"Sun, Jan 25, 2026",@PEIStateOfMind Haha got it,https://x.com/Tuteth_/status/2015237393641525596,437,2,3,0,0,0,0,0,1,0,0,0,0
2014437706403574046,"Thu, Jan 22, 2026",@Kerna_01 @deadbitnation need to add a text feature?,https://x.com/Tuteth_/status/2014437706403574046,55,0,2,0,0,0,1,0,0,1,0,0,0
2010809796795019438,"Mon, Jan 12, 2026",@0xxbeacon @deadbitnation you are our #1 priority https://t.co/mvtNpNuQ6i,https://x.com/Tuteth_/status/2010809796795019438,107,3,3,0,0,0,0,0,0,0,0,0,0
1999237679796330889,"Thu, Dec 11, 2025",@GadSaad 9. ALL THE WAY,https://x.com/Tuteth_/status/1999237679796330889,21010,7,28,0,0,0,1,0,8,12,0,0,0
2005423080047562836,"Sun, Dec 28, 2025",@LucaPonsatoArt So dope,https://x.com/Tuteth_/status/2005423080047562836,3487,3,12,0,0,0,1,0,6,2,0,0,0
2012277768885543181,"Fri, Jan 16, 2026","@sharbel I'll take 50k, thanks!",https://x.com/Tuteth_/status/2012277768885543181,169,0,0,0,0,0,0,0,0,0,0,0,0
2014045596978466977,"Wed, Jan 21, 2026",@rohitsethi_xyz @0xxbeacon @megaeth @monad I didn’t say it 🫣,https://x.com/Tuteth_/status/2014045596978466977,82,1,7,0,0,0,1,0,2,3,0,0,0
2009403995903651848,"Thu, Jan 8, 2026",@tolibear_ it's alive https://t.co/67XYNmSx6o,https://x.com/Tuteth_/status/2009403995903651848,88,2,2,0,0,0,0,0,0,0,0,0,0
1993689610493309132,"Wed, Nov 26, 2025",The Legend Of Breadio Bakery will open in 30 minutes at 10 AM EST. Secondary trading will then be active. The bakery will remain open for only 48 hours before closing for an undetermined period while we mint more bread. https://t.co/QviUduE2aE,https://x.com/Tuteth_/status/1993689610493309132,3947,100,511,11,1,1,33,13,92,240,0,0,0
2008618342811353215,"Tue, Jan 6, 2026",@icobeast giving s fuck has always been my edge.,https://x.com/Tuteth_/status/2008618342811353215,73,2,3,0,0,0,0,0,1,0,0,0,0
2013732964866077085,"Tue, Jan 20, 2026",@yarj0x Thanks friend!,https://x.com/Tuteth_/status/2013732964866077085,36,1,2,0,0,0,0,0,1,0,0,0,0
2001661405460660515,"Thu, Dec 18, 2025",@0xCryptozemoon @rarible @deadbitnation @irmanhilmi1 incredible opportunity.,https://x.com/Tuteth_/status/2001661405460660515,68,4,5,0,0,0,1,0,0,0,0,0,0
2007809057319780772,"Sun, Jan 4, 2026",@ivaavimusic @punk9059 @punk9059 Ivaavi is your guy if you ever need help. he's helped me out tremendously.,https://x.com/Tuteth_/status/2007809057319780772,21,2,5,0,0,0,1,0,0,2,0,0,0
2010915614274080999,"Tue, Jan 13, 2026","@david_lee2085 got this list of 9000 things to work on today, wooooo",https://x.com/Tuteth_/status/2010915614274080999,52,0,0,0,0,0,0,0,0,0,0,0,0
2012264640701448539,"Fri, Jan 16, 2026","@bread_ Bitcoin L2, very cool.",https://x.com/Tuteth_/status/2012264640701448539,181,0,1,0,0,0,0,0,0,1,0,0,0
2008714411293475266,"Wed, Jan 7, 2026",@metafide_ai Use this link to get the free stimmy: https://t.co/EnAhj3af50,https://x.com/Tuteth_/status/2008714411293475266,248,5,40,0,0,0,0,0,0,11,24,0,0
2009341875669590485,"Thu, Jan 8, 2026",@megaeth https://t.co/YpRNicdrkd,https://x.com/Tuteth_/status/2009341875669590485,430,7,16,0,0,0,1,0,2,2,0,0,0
2011128094673772741,"Tue, Jan 13, 2026",@chul292 It’s easy bros,https://x.com/Tuteth_/status/2011128094673772741,8,1,1,0,0,0,0,0,0,0,0,0,0
1991250415506079767,"Wed, Nov 19, 2025","UPDATE - THE PREDICTION MARKET: I have now built a list view for markets, I think listview is the best UI for PM aggregation as there are thousands of active markets for users to sort from. I'm getting so bullish on this build. My goal is to build revenue generating apps that https://t.co/Naro3PEkOC",https://x.com/Tuteth_/status/1991250415506079767,2463,37,166,2,0,0,12,2,5,56,0,0,0
1998399619697410216,"Tue, Dec 9, 2025","There's $1 million on the table right now with @xeetdotai campaigns. It's literally the greatest risk/reward in the world right now. I'm locked in on the GVC and Myriad, but my lord, there are some massive prize pools. https://t.co/52WhzuSyjU",https://x.com/Tuteth_/status/1998399619697410216,1465,47,200,0,2,1,26,1,12,57,0,0,0
2013661621667647714,"Tue, Jan 20, 2026",@icobeast I've been saying this for years I would go even further by saying it could be irresponsible onboarding someone here.,https://x.com/Tuteth_/status/2013661621667647714,670,18,32,0,0,0,4,0,5,5,0,0,0
2011417483295813767,"Wed, Jan 14, 2026",@meowkillmeow Holy shit this is a banger,https://x.com/Tuteth_/status/2011417483295813767,112,2,3,0,0,0,1,0,0,0,0,0,0
2001989553348038747,"Fri, Dec 19, 2025",gm more cookies coming https://t.co/OLLCgNWSoF,https://x.com/Tuteth_/status/2001989553348038747,1408,80,214,1,0,3,46,1,10,73,0,0,0
2007962070311207013,"Sun, Jan 4, 2026","@notthreadguy I actually have this, it’s coming",https://x.com/Tuteth_/status/2007962070311207013,157,3,6,0,0,0,0,0,2,1,0,0,0
1990951078234354016,"Wed, Nov 19, 2025","Dear Opensea, I want to give credit where credit is due. Season 2 of chests EXCEEDED my expectations, especially the bonus chests to start S3 - a brilliant touch. You guys did a great job with this season and I'm enjoying the campaign. My rewards for S2: &gt; Tier 7 chests = https://t.co/OzLOqhxTFo",https://x.com/Tuteth_/status/1990951078234354016,13491,120,2776,7,1,4,28,5,42,435,0,0,0
2012519383755604200,"Sat, Jan 17, 2026","@boldleonidas so good man, i love it.",https://x.com/Tuteth_/status/2012519383755604200,84,1,1,0,0,0,0,0,0,0,0,0,0
1989364710278627581,"Fri, Nov 14, 2025","@0xDith these are two posts under this post. Like I have no idea if they are AI generated, If they are bots, is there a human anywhere here. Maybe Raph is speaking from the heart, how the fuck do we know anymore? https://t.co/O2Y73mG14S",https://x.com/Tuteth_/status/1989364710278627581,368,5,21,0,0,0,3,0,0,7,0,0,0
2003504806048997790,"Tue, Dec 23, 2025",@BawsaXBT @pudgypenguins yooo - love this creation.,https://x.com/Tuteth_/status/2003504806048997790,114,2,3,0,0,0,1,0,0,0,0,0,0
2012235856216527292,"Fri, Jan 16, 2026",@growthepie_eth @megaeth this is actually hard to imagine lol,https://x.com/Tuteth_/status/2012235856216527292,265,2,2,0,0,0,0,0,0,0,0,0,0
2001671107200286844,"Thu, Dec 18, 2025","@TheCarpenter exactly, same. Life is so much richer now.",https://x.com/Tuteth_/status/2001671107200286844,38,3,3,0,0,0,0,0,0,0,0,0,0
2008991912657887427,"Wed, Jan 7, 2026",@Tma_420 dont tell @icobeast,https://x.com/Tuteth_/status/2008991912657887427,68,2,4,0,0,0,0,0,0,2,0,0,0
2013334105245499695,"Mon, Jan 19, 2026",@gmoneyNFT Never thought about this.,https://x.com/Tuteth_/status/2013334105245499695,137,0,0,0,0,0,0,0,0,0,0,0,0
2013442598518579554,"Tue, Jan 20, 2026",@CryptoGorilla wtf happened here?,https://x.com/Tuteth_/status/2013442598518579554,781,0,6,0,0,0,1,1,1,3,0,0,0
2014699802966016498,"Fri, Jan 23, 2026","@thebluepantherr @meta_alchemist This is the thesis, just ride with tut",https://x.com/Tuteth_/status/2014699802966016498,101,1,2,0,0,0,1,0,0,0,0,0,0
1990766689655676936,"Tue, Nov 18, 2025",Building a 400k revenue generating app in public - post #4 The Beta Site is done. You can now access aggregated prediction market data across: Polymarket Kalshi Myriad Limitless who wants in on the beta? https://t.co/bGn9a4fSZH,https://x.com/Tuteth_/status/1990766689655676936,1084,39,115,2,0,0,14,4,15,37,0,0,0
2011881663236882732,"Thu, Jan 15, 2026",@askofemma Not 100% true. That is also a myth pushed by people.,https://x.com/Tuteth_/status/2011881663236882732,34,1,2,0,0,0,1,0,0,0,0,0,0
2010094356326408637,"Sat, Jan 10, 2026",@0xvinhpham thank you!,https://x.com/Tuteth_/status/2010094356326408637,15,1,1,0,0,0,0,0,0,0,0,0,0
2014696342732386593,"Fri, Jan 23, 2026",@jicamanx @badlydrawnbarry this is insane,https://x.com/Tuteth_/status/2014696342732386593,9,1,2,0,0,0,0,0,0,1,0,0,0
2013644536732389731,"Tue, Jan 20, 2026",@tolibear_ My bad - Does not,https://x.com/Tuteth_/status/2013644536732389731,7,1,1,0,0,0,0,0,0,0,0,0,0
2009371744226955756,"Thu, Jan 8, 2026",PSA - You are not late to vibe coding. - Only 20M people are vibe coding right now (Claude + CT users) → 0.25% of the global population - 10% actually try to build anything → 2M → 0.025% of the global population - 10% will actually try to ship anything → 200K → 0.0025% of,https://x.com/Tuteth_/status/2009371744226955756,1403,48,136,2,0,0,19,5,5,59,0,0,0
2013267872714244351,"Mon, Jan 19, 2026",@heiscaleb2 same,https://x.com/Tuteth_/status/2013267872714244351,25,0,0,0,0,0,0,0,0,0,0,0,0
2014408466387927063,"Thu, Jan 22, 2026",@kapsho_eth @deadbitnation lemme see,https://x.com/Tuteth_/status/2014408466387927063,130,1,2,0,0,0,0,0,1,0,0,0,0
1987169912822112289,"Sat, Nov 8, 2025",@Lamboland_ Would you say this opinion is an outcome of your experience with pacmoon?,https://x.com/Tuteth_/status/1987169912822112289,359,9,19,0,0,0,0,0,5,5,0,0,0
2014426301373841503,"Thu, Jan 22, 2026",@archivum_saves @deadbitnation yoooo cooked this,https://x.com/Tuteth_/status/2014426301373841503,47,1,1,0,0,0,0,0,0,0,0,0,0
2010060468870885662,"Sat, Jan 10, 2026","@0xCryptozemoon @xeetdotai head games, I CANT TAKE IT ANYMORE https://t.co/5KyJrV5RoN",https://x.com/Tuteth_/status/2010060468870885662,14,1,1,0,0,0,0,0,0,0,0,0,0
1994412322027131220,"Fri, Nov 28, 2025",@askofemma @megaeth early december,https://x.com/Tuteth_/status/1994412322027131220,128,3,7,0,0,0,1,0,0,3,0,0,0
2006434410577670284,"Wed, Dec 31, 2025",Tokenworks is innovating again! New strategy AB500 will collect and sell all 500 artblock genesis pieces. Love this innovation.,https://x.com/Tuteth_/status/2006434410577670284,640,17,43,1,0,0,6,2,1,17,0,0,0
1991964259752849708,"Fri, Nov 21, 2025","Many people don’t know this, but I was the first creator to have a mindshare leaderboard. The Cookie team set it up for me, and I’m able to see who is pushing the Tut brand. What’s nice is it’s not directly incentivized, so it’s all organic. Joe is one of my favorite friends in https://t.co/CQvq0NcEtG",https://x.com/Tuteth_/status/1991964259752849708,3100,45,233,0,0,0,23,3,10,90,1,0,0
2014381953873572308,"Thu, Jan 22, 2026","Vibe coding has a dirty secret. The code is the easy part. Here's what no one tells beginners: → GitHub (your code needs a home somewhere) → Vercel (it needs to go online somewhere) → APIs (keys, .env files, terminal setup) → Auth (Clerk, OAuth, wallets) → Domains (yes, https://t.co/ZAt8yMqbyF",https://x.com/Tuteth_/status/2014381953873572308,1676,50,145,9,0,1,13,3,7,65,0,0,0
2006530222120906915,"Thu, Jan 1, 2026","@0x_ultra I don’t read many articles word for word - but this, I had to read fully. You’re the goat Ultra! So happy you are doing what you love and inspiring others.",https://x.com/Tuteth_/status/2006530222120906915,205,2,4,0,0,0,1,0,1,0,0,0,0
2012268099823661374,"Fri, Jan 16, 2026",@vohvohh any time,https://x.com/Tuteth_/status/2012268099823661374,22,1,1,0,0,0,0,0,0,0,0,0,0
2011090182335054244,"Tue, Jan 13, 2026",@0xxbeacon put our boys on notice!,https://x.com/Tuteth_/status/2011090182335054244,68,0,1,0,0,0,0,0,1,0,0,0,0
2013953505036325290,"Wed, Jan 21, 2026",@0xxbeacon @PrismFi_ boooolish,https://x.com/Tuteth_/status/2013953505036325290,104,2,4,0,0,0,0,0,0,2,0,0,0
2013062592692887865,"Mon, Jan 19, 2026",@AutismCapital dan about to get 1 mil according to the x article dashboard https://t.co/oQkPpx2sIQ,https://x.com/Tuteth_/status/2013062592692887865,310,4,49,0,0,0,2,0,1,3,0,0,0
1991607340030906712,"Thu, Nov 20, 2025",BREAKING - MegaETH alfa I would sign up to this ASAP if I were you - limited time. This will be the top DEX on MegaETH and I happen to know who is cooking this. the oven stays on,https://x.com/Tuteth_/status/1991607340030906712,25283,135,561,68,5,3,34,9,107,271,2,0,0
2010907311632691514,"Tue, Jan 13, 2026",@Pons_ETH tapping: https://t.co/uRmHRotv7F,https://x.com/Tuteth_/status/2010907311632691514,217,2,5,0,0,0,0,0,1,0,0,0,0
2012578860605300960,"Sat, Jan 17, 2026",@bread_ I want to build something that requires these speeds. art + real time speed = hmmmmmm,https://x.com/Tuteth_/status/2012578860605300960,138,0,1,0,0,0,0,0,0,1,0,0,0
1995983381457183109,"Tue, Dec 2, 2025",Pudgy Penguins literally saving NFTs and leading the way to mass adoption. yet crypto mfers on ct be like: https://t.co/ObQCuIIhlc,https://x.com/Tuteth_/status/1995983381457183109,1927,32,125,0,0,1,11,1,1,69,0,0,0
2001748290124087554,"Thu, Dec 18, 2025","MASSIVE NEWS 🍞🍞🍞 Now that megaETH Frontier is here, the Legend of Breadio mint will close on Monday, December 22nd. At that point, any unminted supply will be burned, excluding any 1/1s—those will go to the treasury and be raffled off later. Secondary trading will not open https://t.co/evWCvHqBCu",https://x.com/Tuteth_/status/2001748290124087554,4552,148,662,13,4,2,54,10,25,238,0,0,0
1988012557827760511,"Mon, Nov 10, 2025","BREAKING 🚨 Monad (@monad) is doing a public ICO now on @coinbase. Key details of the sale: &gt; The sale is open from Nov 17th, 9am ET to Nov 22nd, 9pm ET &gt; The sale is for 7.5% of the total supply at a price of $0.025 per MON &gt; Participants can bid up to $100k Curious if it https://t.co/4GCfus3yiX",https://x.com/Tuteth_/status/1988012557827760511,2334,28,186,1,3,0,18,2,20,81,0,0,0
2014421936655245820,"Thu, Jan 22, 2026","@fimmonaci @megaeth unreal, sent you a dm on dc!",https://x.com/Tuteth_/status/2014421936655245820,324,3,5,0,0,0,0,0,2,0,0,0,0
2012344472370114614,"Sat, Jan 17, 2026",@Shivfreespirit Thank you,https://x.com/Tuteth_/status/2012344472370114614,46,1,3,0,0,0,1,0,0,1,0,0,0
2002095544223862920,"Fri, Dec 19, 2025",@BetmanJoe @deadbitnation join the nation,https://x.com/Tuteth_/status/2002095544223862920,145,6,7,0,0,0,1,0,0,0,0,0,0
2011150068968276014,"Tue, Jan 13, 2026","@DeeZe Haha, it's a wonderful rite of passage. Hint: it has nowhere to go but up.",https://x.com/Tuteth_/status/2011150068968276014,33,1,1,0,0,0,0,0,0,0,0,0,0
2014389469214916669,"Thu, Jan 22, 2026","@thedankoe what, not true. people think to much &gt; mental illness. this aint it.",https://x.com/Tuteth_/status/2014389469214916669,131,0,0,0,0,0,0,0,0,0,0,0,0
2008708344996085913,"Wed, Jan 7, 2026",@munchPRMR Just Mega the ETH.,https://x.com/Tuteth_/status/2008708344996085913,67,2,3,0,0,0,0,0,1,0,0,0,0
2011842521991954643,"Thu, Jan 15, 2026",@Tolgakrtm this is true,https://x.com/Tuteth_/status/2011842521991954643,43,1,2,0,0,0,0,0,0,1,0,0,0
2011824034934136997,"Thu, Jan 15, 2026",@DeRonin_ But the you’re a loser - who wants to be a loser,https://x.com/Tuteth_/status/2011824034934136997,109,1,1,0,0,0,0,0,0,0,0,0,0
1989712608220287471,"Sat, Nov 15, 2025","Question for everyone on X: What advice would you give to men who struggle to approach women? Context: My male students in their 20s ask me this all the time, and they’re genuinely looking for real guidance. https://t.co/8s7cabm9L5",https://x.com/Tuteth_/status/1989712608220287471,2565,44,238,1,0,1,36,1,11,124,1,0,0
2011412447031169465,"Wed, Jan 14, 2026",@KierianV @xeetdotai Xeet def the best,https://x.com/Tuteth_/status/2011412447031169465,63,1,1,0,0,0,0,0,0,0,0,0,0
2004302945916236239,"Thu, Dec 25, 2025",@kuyamark These are so good!,https://x.com/Tuteth_/status/2004302945916236239,136,2,2,0,0,0,0,0,0,0,0,0,0
2011534534790300158,"Wed, Jan 14, 2026",@ASvanevik This is how I think of things as well. Pioneers ushering a new financial and tech system,https://x.com/Tuteth_/status/2011534534790300158,169,1,3,0,0,0,1,0,1,0,0,0,0
2013949217413165301,"Wed, Jan 21, 2026","@bennybrown Man, it’s so exhausting. Our son isn’t old enough yet to dictate who puts him down. Hopefully by the time our daughter is old enough to not make it a big deal.",https://x.com/Tuteth_/status/2013949217413165301,16,1,2,0,0,0,1,0,0,0,0,0,0
2000413118523113863,"Mon, Dec 15, 2025","@Oaknarrow Until you plagiarize my ass, then it's a grift to me. https://t.co/7XHPp4hhBl",https://x.com/Tuteth_/status/2000413118523113863,271,3,47,0,0,0,1,0,4,4,0,0,0
2013442894481273158,"Tue, Jan 20, 2026",@ghostcutter @adamagb tut did as well :),https://x.com/Tuteth_/status/2013442894481273158,24,0,1,0,0,0,0,0,0,1,0,0,0
2011896342994673745,"Thu, Jan 15, 2026",@HollanderAdam COLD,https://x.com/Tuteth_/status/2011896342994673745,178,0,4,0,0,0,0,0,2,2,0,0,0
2013452284265447568,"Tue, Jan 20, 2026","@stuffyokodraws i know this pain, and wife does too lol",https://x.com/Tuteth_/status/2013452284265447568,938,3,4,0,0,0,0,0,1,0,0,0,0
2013259179012640983,"Mon, Jan 19, 2026",@FugzOfficial that grain,https://x.com/Tuteth_/status/2013259179012640983,42,1,1,0,0,0,0,0,0,0,0,0,0
1994792962006319541,"Sat, Nov 29, 2025",@xinsanityo we will see them on megaETH soon.,https://x.com/Tuteth_/status/1994792962006319541,407,6,10,0,0,0,1,0,2,1,0,0,0
2014407779826467144,"Thu, Jan 22, 2026",@0xValmir 100%,https://x.com/Tuteth_/status/2014407779826467144,27,0,1,0,0,0,0,0,0,1,0,0,0
2005086580407750867,"Sun, Dec 28, 2025",@Misstang1102 What do you mean. It looks great,https://x.com/Tuteth_/status/2005086580407750867,94,2,5,0,0,0,1,0,2,0,0,0,0
2010469083578564891,"Sun, Jan 11, 2026",@0xkakai np,https://x.com/Tuteth_/status/2010469083578564891,7,1,1,0,0,0,0,0,0,0,0,0,0
2011122333738471506,"Tue, Jan 13, 2026",@CrypLykos not exactly lol,https://x.com/Tuteth_/status/2011122333738471506,21,1,1,0,0,0,0,0,0,0,0,0,0
2004010089523695963,"Thu, Dec 25, 2025",@amber_vittoria 💜💜💜,https://x.com/Tuteth_/status/2004010089523695963,130,2,2,0,0,0,0,0,0,0,0,0,0
2013323736909226048,"Mon, Jan 19, 2026",@ProofOfTravis The irony 😭,https://x.com/Tuteth_/status/2013323736909226048,11,1,1,0,0,0,0,0,0,0,0,0,0
2009008443773063304,"Wed, Jan 7, 2026",@Jampzey dropping collabs daily rn. gg,https://x.com/Tuteth_/status/2009008443773063304,80,2,4,0,0,0,1,0,0,1,0,0,0
1996407154635632864,"Thu, Dec 4, 2025",slash or defend here: https://t.co/SLqab0riZ4,https://x.com/Tuteth_/status/1996407154635632864,672,9,153,1,0,0,2,0,2,37,103,0,0
2013240442851049766,"Mon, Jan 19, 2026",@WatcherGuru finance bros right now: https://t.co/tIrhk16gsr,https://x.com/Tuteth_/status/2013240442851049766,4778,44,112,0,0,0,1,1,2,17,0,0,0
1992686621884633109,"Sun, Nov 23, 2025","So excited to have been accepted as 1/100 polymarket affiliates. My business model for the prediction market app will be to generate revenue as an affiliate. Goal is to have this set up with myriad, limitless and opinion as well. https://t.co/dvrbndVK3u",https://x.com/Tuteth_/status/1992686621884633109,5628,88,278,1,0,0,35,2,55,63,0,0,0
2013332642096173524,"Mon, Jan 19, 2026",@bunnie0xeth @404bunnies Excited for you man!,https://x.com/Tuteth_/status/2013332642096173524,102,0,2,0,0,0,0,0,0,2,0,0,0
1996666280401920101,"Thu, Dec 4, 2025",@icobeast what if i run an experiment to expose the edges of PMs?,https://x.com/Tuteth_/status/1996666280401920101,535,7,21,0,0,0,2,0,5,7,0,0,0
2014479600567427246,"Thu, Jan 22, 2026",@Melvart_AI @Marjanahaque @deadbitnation im very cool ngl,https://x.com/Tuteth_/status/2014479600567427246,10,0,0,0,0,0,0,0,0,0,0,0,0
1992049256157372607,"Sat, Nov 22, 2025","My InfoFi thesis is that most brand partners would do best by hiring top xeeters after a campaign ends. Look at the Myriad Market leaderboard. Myriad now shows accounts with the most impact + how much they use the product, and brands can verify content quality on the TL. It’s https://t.co/E948RnIK5C",https://x.com/Tuteth_/status/1992049256157372607,1720,21,90,0,0,0,8,0,4,31,0,0,0
2010050310103019851,"Sat, Jan 10, 2026",@TheCarpenter yes ser I am.,https://x.com/Tuteth_/status/2010050310103019851,19,1,3,0,0,0,1,0,0,1,0,0,0
2003516108217938351,"Tue, Dec 23, 2025",@xerocooleth i think polymarket has their own yapping campaign.,https://x.com/Tuteth_/status/2003516108217938351,352,3,7,0,0,1,1,0,1,1,0,0,0
2007939732156850664,"Sun, Jan 4, 2026",Here's a video of the interface. sound on for da vibes https://t.co/xzCP6ryrVw,https://x.com/Tuteth_/status/2007939732156850664,463,7,16,0,0,0,1,0,1,7,0,0,0
2012979597432803332,"Sun, Jan 18, 2026",@tulipxbt @meta_alchemist it's a shitpot lol,https://x.com/Tuteth_/status/2012979597432803332,14,0,5,0,0,0,1,0,0,4,0,0,0
2010922727046066504,"Tue, Jan 13, 2026",@maccurated @opensea @OliverMaroney @HollanderAdam 🙏,https://x.com/Tuteth_/status/2010922727046066504,72,2,2,0,0,0,0,0,0,0,0,0,0
2011791856179220797,"Thu, Jan 15, 2026","@Pons_ETH I've even made a video on this, and still.... lol",https://x.com/Tuteth_/status/2011791856179220797,84,0,0,0,0,0,0,0,0,0,0,0,0
2013442273040629853,"Tue, Jan 20, 2026",@aadvark89 marked safe from aadvark,https://x.com/Tuteth_/status/2013442273040629853,93,0,0,0,0,0,0,0,0,0,0,0,0
1986930093953008122,"Fri, Nov 7, 2025",@badlydrawnbarry This means so much - I have so much respect for you too Barry,https://x.com/Tuteth_/status/1986930093953008122,400,14,30,0,0,0,1,0,10,5,0,0,0
2009341702348455996,"Thu, Jan 8, 2026",@EJRWEB3 @CryptoGorilla @Polymarket I will fight you and gorilla.,https://x.com/Tuteth_/status/2009341702348455996,52,2,6,0,0,0,2,0,0,2,0,0,0
2011980515469938992,"Fri, Jan 16, 2026",@OliverMaroney haha I have to agree as well.,https://x.com/Tuteth_/status/2011980515469938992,84,0,0,0,0,0,0,0,0,0,0,0,0
2012326346404315429,"Sat, Jan 17, 2026",@ncandalom Pledge your soul!,https://x.com/Tuteth_/status/2012326346404315429,21,1,2,0,0,0,1,0,0,0,0,0,0
2007179717468926185,"Fri, Jan 2, 2026",@icobeast I've been feeling good for weeks so optimistic for 2026 Beast.,https://x.com/Tuteth_/status/2007179717468926185,134,3,4,0,0,0,0,1,0,0,0,0,0
2007993213466943860,"Mon, Jan 5, 2026","GN and sleep tight, everyone. Because tomorrow we're SO FUCKING BACK. You feel that? You feel that shift in the air? That's all the teams coming back to ship a truckload of banger news tomorrow morning after the holidays. tut™ included and oh boy, is tut cooooooooking. 2026 https://t.co/i7qWvLJahH",https://x.com/Tuteth_/status/2007993213466943860,768,44,118,2,0,0,24,3,2,41,0,0,0
2008174607908454621,"Mon, Jan 5, 2026",gm About to change the art world forever. https://t.co/gX8cxi2RDb,https://x.com/Tuteth_/status/2008174607908454621,1954,76,193,0,0,1,36,2,10,41,0,0,0
2013661122897821711,"Tue, Jan 20, 2026",@Legendaryy I find gemini for coding is pretty bad.,https://x.com/Tuteth_/status/2013661122897821711,51,0,0,0,0,0,0,0,0,0,0,0,0
1993866622969282880,"Thu, Nov 27, 2025","The year is 2021. You just got home from work. You log on to Twitter and see people making five figures flipping NFT projects all over the timeline. FOMO hits hard: “I need to find something.” You spot these weird toadz everywhere, everyone’s hyping the mint, they look kinda https://t.co/th8fOlBOrb",https://x.com/Tuteth_/status/1993866622969282880,3090,84,258,9,0,0,30,3,20,90,0,0,0
2011584581976441149,"Wed, Jan 14, 2026","Been on xeet since day 1, and there’s no other decentralized marketing platform like it.",https://x.com/Tuteth_/status/2011584581976441149,194,6,6,0,0,0,0,0,0,0,0,0,0
2005673487852060716,"Mon, Dec 29, 2025","The biggest lesson of 2025 for me was learning how to live with doubt. That's not very sexy or exciting, but I genuinely think it’s one of the most important skills a human can develop. People love to say things like, “don’t doubt yourself.” As if we all don't know that. But",https://x.com/Tuteth_/status/2005673487852060716,2228,72,246,5,0,0,44,6,8,116,0,0,0
2011876775358332965,"Thu, Jan 15, 2026","I genuinely don’t understand why InfoFi got so much hate. The backlash always felt extremely short-sighted to me. --- At the start, sure - it was poorly presented. Portalcoin. Pacmoon. Peak Trash. But that’s how every new decentralized concept begins: messy, half-baked,",https://x.com/Tuteth_/status/2011876775358332965,1717,56,195,3,0,0,24,5,8,102,0,0,0
2008632059669983648,"Tue, Jan 6, 2026","Tut family! The future of live trading events is here, and you can join me for FREE in a live event where you could win some dough by playing with me. I'm partnering with @metafide_ai to live stream some degeneracy tonight at 8:30pm EST. Everyone who signs up via my promo code",https://x.com/Tuteth_/status/2008632059669983648,2738,68,193,1,0,1,24,7,22,71,0,0,0
2011949624857108715,"Thu, Jan 15, 2026","@SOLsesame yup, was working on a balance rn https://t.co/GkKVBJwqn3",https://x.com/Tuteth_/status/2011949624857108715,76,1,16,0,0,0,1,0,1,5,0,0,0
2007815259604865114,"Sun, Jan 4, 2026",@bunnie0xeth Yeah - I pretty much boycott it by not paying for it.,https://x.com/Tuteth_/status/2007815259604865114,207,2,9,0,0,0,1,0,1,5,0,0,0
1997759953701044576,"Sun, Dec 7, 2025","Seeing my peers wearing my fashion hits me in a way I can’t really explain. It is the purest happiness. I legit cried when I saw the post today. Maybe it is the illness, maybe it is the moment, but the gratitude is real. People always ask if you “made it.” For me, it is",https://x.com/Tuteth_/status/1997759953701044576,2460,49,102,1,0,0,12,1,12,27,0,0,0
1988995642761335183,"Thu, Nov 13, 2025","@eeelistar @waleswoosh I'm actually working on my own version of this, and have many teams that are bullish on my concept - I think there is a way 100%",https://x.com/Tuteth_/status/1988995642761335183,318,5,11,0,0,0,2,0,1,3,0,0,0
2003273177657704616,"Tue, Dec 23, 2025",@AlexHormozi this is my alpha for all creators.,https://x.com/Tuteth_/status/2003273177657704616,220,4,10,0,0,0,0,0,2,4,0,0,0
2013976928227598766,"Wed, Jan 21, 2026",@JESUSVELASCOLIN Emotionally,https://x.com/Tuteth_/status/2013976928227598766,8,0,0,0,0,0,0,0,0,0,0,0,0
1994111181301146087,"Thu, Nov 27, 2025","Working on such a novel idea for our launch with DeadBits and REDACTED on megaETH - I'm legit getting so excited. (dw breadio holders, you are good) ART/CREATIVITY/FINANCE As you know, the motto is: when I eat, you all eat. Tut™ family is... And you're all invited to play. https://t.co/NVHSIBKAew",https://x.com/Tuteth_/status/1994111181301146087,1741,68,227,2,0,0,25,6,13,95,0,0,0
1989057856486932704,"Thu, Nov 13, 2025",@0xCryptozemoon @xeetdotai https://t.co/9Vi5b6ksoU,https://x.com/Tuteth_/status/1989057856486932704,361,4,15,0,0,0,2,0,1,4,0,0,0
2004672743401553978,"Fri, Dec 26, 2025","Nice Holiday Stimmy from @xeetdotai x Good Vibes Club &gt; $700 USD for 7 GVC posts on X. &gt; 12,000 Total impressions. Also, Very Happy to see my boys, @man_versus_coin and @0xdort up there too, they deserve it! https://t.co/NamnwRU5nN",https://x.com/Tuteth_/status/2004672743401553978,1275,59,310,2,0,0,33,2,20,105,0,0,0
2002389970825187664,"Sat, Dec 20, 2025","to be clear, she didn't participate in the knockout layer. We collabed on the digital art layer. which is this: https://t.co/1kfnGYXiCw",https://x.com/Tuteth_/status/2002389970825187664,362,10,28,0,0,0,2,0,0,11,0,0,0
2009348181298172073,"Thu, Jan 8, 2026",@thebluepantherr they are not ready,https://x.com/Tuteth_/status/2009348181298172073,27,1,2,0,0,0,1,0,0,0,0,0,0
2013077070067249421,"Mon, Jan 19, 2026",@Joestar_sann something about an oven that stays on,https://x.com/Tuteth_/status/2013077070067249421,49,1,2,0,0,0,0,0,0,1,0,0,0
2011655373002817968,"Thu, Jan 15, 2026",@Jampzey @xeetdotai 10k is light WORK https://t.co/Q8fp1HSCpT,https://x.com/Tuteth_/status/2011655373002817968,95,3,7,0,0,0,2,0,2,0,0,0,0
1999231733602922616,"Thu, Dec 11, 2025",I have a meeting today with the @Hildabroom7 team. tut™ family is about to be very happy. https://t.co/ZRsYJACpwb,https://x.com/Tuteth_/status/1999231733602922616,2057,77,276,1,0,0,20,6,52,73,0,0,0
1992021487935693124,"Sat, Nov 22, 2025",@SpeakeasySucks @MegaRebelNFT who is your cm?,https://x.com/Tuteth_/status/1992021487935693124,233,3,15,0,0,0,2,0,7,3,0,0,0
2008539029965598839,"Tue, Jan 6, 2026",gm https://t.co/7QcshjRxkN,https://x.com/Tuteth_/status/2008539029965598839,852,54,116,0,0,0,27,0,1,24,0,0,0
2009403641007149057,"Thu, Jan 8, 2026",You can now find the top 25 @Polymarket traders on my site. hey @meta_alchemist where's my seed money :) we keep shipping https://t.co/83zG0dwb6V,https://x.com/Tuteth_/status/2009403641007149057,571,23,73,0,0,0,10,0,3,18,0,0,0
2012377066826596777,"Sat, Jan 17, 2026",@craigscoinpurse My man!,https://x.com/Tuteth_/status/2012377066826596777,52,1,1,0,0,0,0,0,0,0,0,0,0
2013048740081242114,"Mon, Jan 19, 2026",@icobeast are we the normies ICO?,https://x.com/Tuteth_/status/2013048740081242114,191,3,7,0,0,0,0,0,2,2,0,0,0
2012513907240292674,"Sat, Jan 17, 2026",@metacryptonian would def be open to that - the focus will be on true creatives that can deliver experiences.,https://x.com/Tuteth_/status/2012513907240292674,58,1,5,0,0,0,1,0,2,1,0,0,0
2012284878738370791,"Fri, Jan 16, 2026",@HollanderAdam @pudgypenguins of course I did.,https://x.com/Tuteth_/status/2012284878738370791,249,1,3,0,0,0,0,0,2,0,0,0,0
1989022071649644721,"Thu, Nov 13, 2025",@0x_ultra @WCNetizens Like watwrcolour - love it,https://x.com/Tuteth_/status/1989022071649644721,232,3,10,0,0,0,1,0,1,5,0,0,0
2011834098826825877,"Thu, Jan 15, 2026",@cookiedotfun https://t.co/9cxOZR9kv7,https://x.com/Tuteth_/status/2011834098826825877,593,4,8,0,0,0,1,0,0,3,0,0,0
2011089132014182646,"Tue, Jan 13, 2026",@0xWalido @_asaprichie_ METH,https://x.com/Tuteth_/status/2011089132014182646,46,2,3,0,0,0,1,0,0,0,0,0,0
2013663791322382784,"Tue, Jan 20, 2026",@BetmanJoe hahaha - well what's cool is this database is filtering for the best!,https://x.com/Tuteth_/status/2013663791322382784,56,1,3,0,0,0,0,0,0,2,0,0,0
1990192724382040511,"Sun, Nov 16, 2025",@fimmonaci I can only wish,https://x.com/Tuteth_/status/1990192724382040511,381,3,12,0,0,0,1,0,6,2,0,0,0
2011612552665710928,"Thu, Jan 15, 2026",@Jampzey thats a penis ser,https://x.com/Tuteth_/status/2011612552665710928,80,2,5,0,0,0,2,0,1,0,0,0,0
2012581242709922064,"Sat, Jan 17, 2026","@gmoneyNFT 100% - and I'm seeing the evolution of Claude, and it can just do everything in the claude interface, won't even need to build your own apps anymore.",https://x.com/Tuteth_/status/2012581242709922064,705,0,5,0,0,0,1,0,1,3,0,0,0
2013453500257128618,"Tue, Jan 20, 2026",@AzFlin @GianTheRios try 8,https://x.com/Tuteth_/status/2013453500257128618,14,2,3,0,0,0,0,0,0,1,0,0,0
2012583378353107322,"Sat, Jan 17, 2026",@vohvohh you didn't say artists. fuck,https://x.com/Tuteth_/status/2012583378353107322,101,0,0,0,0,0,0,0,0,0,0,0,0
2002741887770525938,"Sun, Dec 21, 2025",@sharbel gm sharbel,https://x.com/Tuteth_/status/2002741887770525938,101,3,3,0,0,0,0,0,0,0,0,0,0
2004003836068036974,"Thu, Dec 25, 2025",@Jampzey Let’s jump on a space. I can teach you and anyone else who wants to try it.,https://x.com/Tuteth_/status/2004003836068036974,95,3,7,0,0,0,1,0,2,1,0,0,0
1999626302119141804,"Fri, Dec 12, 2025","@travisbickle0x Tried it out, Travis—it was super good. Go all in on this. Prediction markets for X: dominate this lane.",https://x.com/Tuteth_/status/1999626302119141804,543,7,20,0,0,0,2,0,7,4,0,0,0
2015358039860056388,"Sun, Jan 25, 2026",@ghostcutter Agreed! Lmao,https://x.com/Tuteth_/status/2015358039860056388,182,2,2,0,0,0,0,0,0,0,0,0,0
2009702766843965612,"Fri, Jan 9, 2026","To join DeadbitNation, you'll have to take the pledge. It will be a game - the decision will be yours. Watch the videos - find your edge.",https://x.com/Tuteth_/status/2009702766843965612,1308,54,211,5,0,0,20,6,3,128,0,0,0
2013980442374914342,"Wed, Jan 21, 2026",@Internxbt gm,https://x.com/Tuteth_/status/2013980442374914342,13,0,0,0,0,0,0,0,0,0,0,0,0
1988589016598585522,"Wed, Nov 12, 2025",@Xeer I’m washed,https://x.com/Tuteth_/status/1988589016598585522,142,3,6,0,0,0,1,0,0,2,0,0,0
2007120126257385645,"Fri, Jan 2, 2026",@shivst3r Price go up 😭,https://x.com/Tuteth_/status/2007120126257385645,79,2,2,0,0,0,0,0,0,0,0,0,0
2008281529533821046,"Mon, Jan 5, 2026",@TheNBACentel @ShaneTuttleNCAA oh hell naw,https://x.com/Tuteth_/status/2008281529533821046,5571,3,9,0,0,0,0,0,1,5,0,0,0
1996681411772997837,"Thu, Dec 4, 2025","BREAKING: There's 250K up for grabs in the newest @xeetdotai market with @Xyberinc. There's never been a better time to create content. Hold on - 250K!? The oven stays on, bros.",https://x.com/Tuteth_/status/1996681411772997837,2137,54,164,3,0,0,29,2,47,32,0,0,0
2012886076612813198,"Sun, Jan 18, 2026",@AzFlin Bet - dropping another art collection,https://x.com/Tuteth_/status/2012886076612813198,145,2,4,0,0,0,1,0,0,1,0,0,0
2011850210645872662,"Thu, Jan 15, 2026","@Pons_ETH man, this just hit my feed. 😭",https://x.com/Tuteth_/status/2011850210645872662,76,0,0,0,0,0,0,0,0,0,0,0,0
2014389754515566765,"Thu, Jan 22, 2026",@MoarkyMoark but everyone is building a game there now too!!!!,https://x.com/Tuteth_/status/2014389754515566765,46,0,1,0,0,0,0,0,0,1,0,0,0
2012571088539025615,"Sat, Jan 17, 2026","@serpinxbt Here's the thing, is the a problem with bags, or is this a problem with our culture? With this logic why even onboard any founder here? They are going to face the same energy regardless of bags or not.",https://x.com/Tuteth_/status/2012571088539025615,363,1,6,1,0,0,2,0,0,3,0,0,0
2011834447813841376,"Thu, Jan 15, 2026",HOLY SHIT IT'S REAL @cookiedotfun is sun setting their snaps program. https://t.co/uqe5udOu0A,https://x.com/Tuteth_/status/2011834447813841376,282,5,24,0,0,0,0,0,1,3,0,0,0
2014333405937242422,"Thu, Jan 22, 2026",@KingBootoshi this is insane lol,https://x.com/Tuteth_/status/2014333405937242422,57,0,1,0,0,0,0,0,1,0,0,0,0
2010468408278794739,"Sun, Jan 11, 2026","@0xkakai A direct incentive is: if you post this content, you get a fixed amount. An indirect one is: if you grow your account, there's a path to monetization via the brand you built. The first is a known. The second is unknown. The best crypto plays have always been indirect. Invest",https://x.com/Tuteth_/status/2010468408278794739,12,1,3,0,0,0,1,0,0,1,0,0,0
2007486258155815206,"Sat, Jan 3, 2026",@walsxbt @KaitoAI $fan will save us!,https://x.com/Tuteth_/status/2007486258155815206,89,3,5,0,0,0,1,0,0,1,0,0,0
1995882591480652222,"Tue, Dec 2, 2025","HUGE OPPORTUNITY TokenStrategy is now 100% decentralized - at 11am today allowing anyone to launch a strategy token. There will be runners, so definitely worth watching the launches. Notes: - Teams can launch a strategy token for their NFT collection - Teams can launch a",https://x.com/Tuteth_/status/1995882591480652222,2566,23,134,1,0,1,9,4,6,91,0,0,0
2012553101346058280,"Sat, Jan 17, 2026",@ToriRibolla thanks tori,https://x.com/Tuteth_/status/2012553101346058280,30,1,1,0,0,0,0,0,0,0,0,0,0
2011886836227150081,"Thu, Jan 15, 2026","@0xwakes dude, I literally was a creator that was able to monetize via decentralized marketing. And I did it without bots, and did it with accountability. And again, financialized noise is already incentivised here on X with creator payouts....",https://x.com/Tuteth_/status/2011886836227150081,32,0,2,0,0,0,1,0,1,0,0,0,0
2010903378596151559,"Tue, Jan 13, 2026",@buynyctoken WTF,https://x.com/Tuteth_/status/2010903378596151559,2323,4,6,0,0,0,0,0,2,0,0,0,0
2009438609682870770,"Fri, Jan 9, 2026",@tdkimber @xeetdotai next round is up! lets get it.,https://x.com/Tuteth_/status/2009438609682870770,45,1,2,0,0,0,1,0,0,0,0,0,0
2012266393962438687,"Fri, Jan 16, 2026",@bunya_eth this is so sick man.,https://x.com/Tuteth_/status/2012266393962438687,172,2,8,0,0,0,1,0,4,1,0,0,0
2010821464962813966,"Mon, Jan 12, 2026",@xeetdotai access the list here: https://t.co/CsxnalEQNJ,https://x.com/Tuteth_/status/2010821464962813966,430,6,209,4,0,0,3,0,1,8,168,0,0
2013025809439559747,"Sun, Jan 18, 2026",@karmic_blob buildooooor,https://x.com/Tuteth_/status/2013025809439559747,86,1,3,0,0,0,0,0,0,2,0,0,0
1993860834003493028,"Thu, Nov 27, 2025",@TheNBACentel end of season kinda hit,https://x.com/Tuteth_/status/1993860834003493028,4910,4,9,0,0,0,0,0,5,0,0,0,0
2003878149248160069,"Wed, Dec 24, 2025","@colnft Its okay, it's part of the process.",https://x.com/Tuteth_/status/2003878149248160069,118,2,2,0,0,0,0,0,0,0,0,0,0
1995579368866021640,"Mon, Dec 1, 2025",Markets suck - nothing we can do about that. So here's some calming code generated art for you to appreciate. send this to someone who needs a hug rn https://t.co/JEvzXwq319,https://x.com/Tuteth_/status/1995579368866021640,1510,54,174,1,1,0,21,4,6,77,0,0,0
2012583711703708020,"Sat, Jan 17, 2026","@zaimiri Hard agree. fuck it, we ball.",https://x.com/Tuteth_/status/2012583711703708020,59,1,2,0,0,0,1,0,0,0,0,0,0
2013047452790641139,"Mon, Jan 19, 2026",@thepeengwin @AbstractChain fugggz lol,https://x.com/Tuteth_/status/2013047452790641139,58,0,0,0,0,0,0,0,0,0,0,0,0
2000576323966693469,"Mon, Dec 15, 2025",Pretty dope activation by @FugzOfficial. They're dropping their first apparel item: &gt; $50 per hoodie. &gt; Never to be sold again. &gt; Your minted NFT will serve as a raffle ticket for a cash prize (20% of sales will be used for this) &gt; Save your marriage by getting your,https://x.com/Tuteth_/status/2000576323966693469,1497,26,70,2,0,0,10,1,1,32,0,0,0
2008002583307464845,"Mon, Jan 5, 2026",@notthreadguy @noise_xyz on megaETH is going to do this,https://x.com/Tuteth_/status/2008002583307464845,106,4,9,0,0,0,0,0,4,1,0,0,0
2011844801704919061,"Thu, Jan 15, 2026",@Deebs_DeFi tut agency looking good here!,https://x.com/Tuteth_/status/2011844801704919061,177,4,7,0,0,0,0,0,1,2,0,0,0
2009438316194877581,"Fri, Jan 9, 2026","So @xeetdotai season 1 is officially done. Ya boy finished in 9th place. Locking in for season 2, which starts tomorrow. Hot tip: getting xeets early is the alpha. 1 xeet = $100 https://t.co/PlS6ilxDBN",https://x.com/Tuteth_/status/2009438316194877581,1299,61,189,0,0,0,31,0,15,34,0,0,0
2007960290646950189,"Sun, Jan 4, 2026",@CryptoCred Just wrote this article to get people started if anyone is interested https://t.co/inHyT8L6Ge,https://x.com/Tuteth_/status/2007960290646950189,3823,11,40,17,2,0,1,1,8,12,7,0,0
2013096488902037783,"Mon, Jan 19, 2026",@stogolp only 176m more impression and you'll win 1 million dollars. https://t.co/MbXUXYw9nL,https://x.com/Tuteth_/status/2013096488902037783,4199,2,326,1,0,0,0,0,6,62,0,0,0
2012295583692644645,"Fri, Jan 16, 2026","@punk9059 I think they like being quiet, but a lot of them hold my art and I could put you in touch if you want those types of stories.",https://x.com/Tuteth_/status/2012295583692644645,68,0,5,0,0,0,1,0,4,0,0,0,0
1989367012561506624,"Fri, Nov 14, 2025",@StarPlatinum_ There's always a play - just be less risky - and build,https://x.com/Tuteth_/status/1989367012561506624,4296,36,54,0,0,0,1,0,9,8,0,0,0
2009740158086631764,"Fri, Jan 9, 2026",@0xwakes Thanks friend,https://x.com/Tuteth_/status/2009740158086631764,15,3,3,0,0,0,0,0,0,0,0,0,0
1998780190512521323,"Wed, Dec 10, 2025","@eeelistar Kinda, but there's also a long-term slow-cook thing where my posts can simmer for days now. Eventually, after 5 days, they get like 5k views.",https://x.com/Tuteth_/status/1998780190512521323,646,5,16,0,0,0,1,0,6,4,0,0,0
2012513583502873067,"Sat, Jan 17, 2026","@pawnie_ yup - I'm working with @deadbitnation, @meowkillmeow, @DingOnchain and a few others rn.",https://x.com/Tuteth_/status/2012513583502873067,30,3,9,0,0,0,0,0,1,5,0,0,0
2005714599434416224,"Mon, Dec 29, 2025",@eeelistar Wonder what that would look like? Does that mean all tax payers would need to be on chain and traceable too?,https://x.com/Tuteth_/status/2005714599434416224,52,2,5,0,0,0,2,0,0,1,0,0,0
2012917096129110045,"Sun, Jan 18, 2026",@kolkrypt It’s live?,https://x.com/Tuteth_/status/2012917096129110045,31,0,1,0,0,0,1,0,0,0,0,0,0
2010063971072790592,"Sat, Jan 10, 2026","@whenmo0n @Yasmeen07765101 yes, I want to write an assistant that keeps up with all the changes and gives feedback on my stuff. love this.",https://x.com/Tuteth_/status/2010063971072790592,25,2,3,0,0,0,0,0,1,0,0,0,0
2013684008165511627,"Tue, Jan 20, 2026",@R3birth yes - agree with this 100%.,https://x.com/Tuteth_/status/2013684008165511627,40,1,1,0,0,0,0,0,0,0,0,0,0
2011837520682586515,"Thu, Jan 15, 2026","@imthatdexter Yeah, I feel bad for Pons and the team. It does seem, though, that most X users agreed it was a net negative to the overall experience.",https://x.com/Tuteth_/status/2011837520682586515,30,1,4,0,0,0,1,0,0,2,0,0,0
2008923750826185075,"Wed, Jan 7, 2026",@0xMCGeth https://t.co/rJO87wLeN7,https://x.com/Tuteth_/status/2008923750826185075,177,5,7,0,0,0,1,0,0,0,0,0,0
2014745076828680385,"Fri, Jan 23, 2026",@emrizblaq @badbunnz_ @0xAlphaGEMs Sooo,https://x.com/Tuteth_/status/2014745076828680385,11,1,4,0,0,0,0,0,2,1,0,0,0
2013452019596513412,"Tue, Jan 20, 2026",@bunya_eth i did it too lol heaven,https://x.com/Tuteth_/status/2013452019596513412,97,2,2,0,0,0,0,0,0,0,0,0,0
1992728328294572271,"Sun, Nov 23, 2025",@Jampzey What if we triple down?,https://x.com/Tuteth_/status/1992728328294572271,202,3,6,0,0,0,2,0,1,0,0,0,0
2011584335082926235,"Wed, Jan 14, 2026",@AzeezDephi The one and only,https://x.com/Tuteth_/status/2011584335082926235,21,0,0,0,0,0,0,0,0,0,0,0,0
1998484467250319638,"Tue, Dec 9, 2025",@edouard her doubling down is the best art she's made,https://x.com/Tuteth_/status/1998484467250319638,614,8,15,0,1,0,0,1,5,1,0,0,0
2005745970408214915,"Mon, Dec 29, 2025",@CrypSaf https://t.co/Ragy6y1VWJ,https://x.com/Tuteth_/status/2005745970408214915,33,2,3,0,0,0,0,0,1,0,0,0,0
2011118578859180398,"Tue, Jan 13, 2026",There's a massive LIE on this app. Bald founders are telling you to go bald - what they're hiding is that minoxidil works really well for most people. I have a full head of hair after starting to bald in my 20s. Don't fall for the bait. You can keep you hair pretty easily. https://t.co/8dSNlzRoV0,https://x.com/Tuteth_/status/2011118578859180398,1847,20,104,0,0,0,9,1,4,34,0,0,0
2004892590681063766,"Sat, Dec 27, 2025",gm https://t.co/W0fmyFevRD,https://x.com/Tuteth_/status/2004892590681063766,1222,56,146,0,0,1,41,0,3,37,0,0,0
2003624239442837760,"Wed, Dec 24, 2025",@meta_alchemist I built this already,https://x.com/Tuteth_/status/2003624239442837760,185,3,21,0,0,0,1,0,6,11,0,0,0
2014569699313430972,"Fri, Jan 23, 2026",@batzdu how are you getting that grain?,https://x.com/Tuteth_/status/2014569699313430972,31,0,1,0,0,0,0,0,0,1,0,0,0
2012266857198203198,"Fri, Jan 16, 2026",@vohvohh you spelled illiterite wrong.,https://x.com/Tuteth_/status/2012266857198203198,134,1,3,0,0,0,1,0,1,0,0,0,0
2013993708488663205,"Wed, Jan 21, 2026",@AzFlin The duality of man,https://x.com/Tuteth_/status/2013993708488663205,68,2,3,0,0,0,1,0,0,0,0,0,0
2014045627273863674,"Wed, Jan 21, 2026",@ghostcutter @megaeth I think so,https://x.com/Tuteth_/status/2014045627273863674,42,1,1,0,0,0,0,0,0,0,0,0,0
2012265666993070120,"Fri, Jan 16, 2026","@bunya_eth was thinking about you last night, and this activation makes me super happy man. Love seeing you continue to build.",https://x.com/Tuteth_/status/2012265666993070120,27,1,1,0,0,0,0,0,0,0,0,0,0
2007665132596236551,"Sun, Jan 4, 2026",@munchPRMR bookmarked.,https://x.com/Tuteth_/status/2007665132596236551,346,2,7,0,0,0,1,0,2,2,0,0,0
2012566091403288993,"Sat, Jan 17, 2026",@CryptoAntoneNFT never mention his name,https://x.com/Tuteth_/status/2012566091403288993,29,0,0,0,0,0,0,0,0,0,0,0,0
1990946783262875685,"Wed, Nov 19, 2025",@icobeast lock inside and gives us money again lmao,https://x.com/Tuteth_/status/1990946783262875685,123,3,3,0,0,0,0,0,0,0,0,0,0
2012510452773720479,"Sat, Jan 17, 2026","@gmoneyNFT But did you know you can 1,000,000x your portfolio with this one creator tip?",https://x.com/Tuteth_/status/2012510452773720479,107,1,4,0,0,0,0,0,0,3,0,0,0
2010000693822943267,"Sat, Jan 10, 2026",Can’t believe @Pons_ETH hasn’t shown up in the comments to defend his crown,https://x.com/Tuteth_/status/2010000693822943267,408,2,18,0,0,0,2,0,11,3,0,0,0
2012443816947532009,"Sat, Jan 17, 2026",@XCreators US users only? :(,https://x.com/Tuteth_/status/2012443816947532009,217,0,6,0,0,0,0,0,2,4,0,0,0
2010907574489796839,"Tue, Jan 13, 2026",@Jampzey pro tho? lol,https://x.com/Tuteth_/status/2010907574489796839,110,2,3,0,0,0,0,0,0,1,0,0,0
2004673686893367709,"Fri, Dec 26, 2025",@Cyberworld001 @xeetdotai @man_versus_coin @0xdort ty ty,https://x.com/Tuteth_/status/2004673686893367709,26,2,2,0,0,0,0,0,0,0,0,0,0
2012916989870637150,"Sun, Jan 18, 2026",@Disob340 Always give it a chance,https://x.com/Tuteth_/status/2012916989870637150,24,2,2,0,0,0,0,0,0,0,0,0,0
2011639898978111943,"Thu, Jan 15, 2026",@CryptoGorilla oh dear https://t.co/8f8anDiaGL,https://x.com/Tuteth_/status/2011639898978111943,259,1,3,0,0,0,0,0,0,0,0,0,0
1997700493758652634,"Sun, Dec 7, 2025",Tut fashion taking over,https://x.com/Tuteth_/status/1997700493758652634,1790,29,50,0,0,0,6,0,4,10,0,0,0
2013443306508665019,"Tue, Jan 20, 2026",@fimmonaci i need to message you fimmo,https://x.com/Tuteth_/status/2013443306508665019,61,0,0,0,0,0,0,0,0,0,0,0,0
2009378170873512170,"Thu, Jan 8, 2026","@FarmingLegendX just do it, best way",https://x.com/Tuteth_/status/2009378170873512170,37,2,2,0,0,0,0,0,0,0,0,0,0
1990601063725216191,"Tue, Nov 18, 2025",@eeelistar did that - but now i have 2 kids too.,https://x.com/Tuteth_/status/1990601063725216191,141,4,7,0,0,0,1,0,0,2,0,0,0
2012917117633413435,"Sun, Jan 18, 2026",@mkeylang yup,https://x.com/Tuteth_/status/2012917117633413435,22,0,0,0,0,0,0,0,0,0,0,0,0
2011836594458628210,"Thu, Jan 15, 2026","@man_versus_coin seriously, and the concept of marketing is never going away, just this iteration, we adapt.",https://x.com/Tuteth_/status/2011836594458628210,16,1,4,0,0,0,0,0,0,3,0,0,0
1998924119581274340,"Thu, Dec 11, 2025",@ada_lluch is this a hot take? lol,https://x.com/Tuteth_/status/1998924119581274340,10489,10,29,1,0,0,2,0,7,10,0,0,0
1993416906989261092,"Tue, Nov 25, 2025","Breadio bakery - WTF is going on part 1. The Breadio bakery is unlike any bakery in the world. It does not function like a real bakery. When the bakery is closed, the mint is open, but secondary trading is locked. When the bakery is open, the mint is closed, but secondary https://t.co/oqaBLb8bzD",https://x.com/Tuteth_/status/1993416906989261092,3177,111,459,4,0,0,30,12,41,248,0,0,0
1993822640335917089,"Wed, Nov 26, 2025","@0xvinhpham @AveForge @WCNetizens we have aveforge, @WCNetizens trying to reach the real cook with be what we build tho :)",https://x.com/Tuteth_/status/1993822640335917089,123,5,17,0,0,0,2,0,2,8,0,0,0
2011538219599278090,"Wed, Jan 14, 2026","@fern I'm ready for the food content, and excited to see what's next for you!",https://x.com/Tuteth_/status/2011538219599278090,61,2,2,0,0,0,0,0,0,0,0,0,0
1988386813459980533,"Tue, Nov 11, 2025",@AzFlin haha - how old are you?,https://x.com/Tuteth_/status/1988386813459980533,829,4,12,0,0,0,2,0,2,4,0,0,0
2012979876337242200,"Sun, Jan 18, 2026",@tulipxbt @meta_alchemist haha thank god. I'm a happily married man!,https://x.com/Tuteth_/status/2012979876337242200,12,1,1,0,0,0,0,0,0,0,0,0,0
2011993589866226082,"Fri, Jan 16, 2026","@emilios_eth we need to chat brother, what a day lol",https://x.com/Tuteth_/status/2011993589866226082,63,1,1,0,0,0,0,0,0,0,0,0,0
2011090236479033783,"Tue, Jan 13, 2026",@fasterdotfun I apply to be an insider.,https://x.com/Tuteth_/status/2011090236479033783,77,1,2,0,0,0,0,0,1,0,0,0,0
2014765690457358540,"Fri, Jan 23, 2026",@meta_alchemist Do I need to make a new video for spark?,https://x.com/Tuteth_/status/2014765690457358540,719,3,13,0,0,0,1,0,6,3,0,0,0
1989056905520599502,"Thu, Nov 13, 2025","I just got all my xeets slashed by @xeetdotai I was top 10 on Abstract Chain , Myriad and Xeet. this one hurts, ngl https://t.co/SIUNS0lJBc",https://x.com/Tuteth_/status/1989056905520599502,8612,115,1379,1,0,4,73,2,150,218,0,0,0
2014769068264558601,"Fri, Jan 23, 2026",@tulipxbt @badbunnz_ @0xAlphaGEMs Same!,https://x.com/Tuteth_/status/2014769068264558601,46,2,2,0,0,0,0,0,0,0,0,0,0
1990512601147789485,"Mon, Nov 17, 2025","@EltommytoC @megaeth @deadbitnation yes, @JonathanColon is working hard there",https://x.com/Tuteth_/status/1990512601147789485,171,3,12,0,0,0,0,0,3,6,0,0,0
2013252342234198386,"Mon, Jan 19, 2026",@kapsho_eth @stogolp stogolp deserves #1 ALL THE WAY,https://x.com/Tuteth_/status/2013252342234198386,55,1,5,0,0,0,0,0,1,3,0,0,0
2011896049062068700,"Thu, Jan 15, 2026",@banditxbt brand agency with high quality data on what works on x?,https://x.com/Tuteth_/status/2011896049062068700,202,0,0,0,0,0,0,0,0,0,0,0,0
2014435315096690914,"Thu, Jan 22, 2026","@meta_alchemist video incoming, you ready?",https://x.com/Tuteth_/status/2014435315096690914,154,3,10,0,0,0,1,0,5,1,0,0,0
2011892007078334493,"Thu, Jan 15, 2026",@CrypSaf banger lol,https://x.com/Tuteth_/status/2011892007078334493,227,3,4,0,0,0,0,0,0,1,0,0,0
2009641026789781811,"Fri, Jan 9, 2026",BROOOOOS The boys at @xeetdotai are up to something. I just got added to their secret list. Season 2 is on. 1 xeet = $100 https://t.co/T1QQJFtJDb,https://x.com/Tuteth_/status/2009641026789781811,1680,84,247,0,0,0,35,3,38,71,0,0,0
2011982676492709926,"Fri, Jan 16, 2026","@SOLsesame @stayloudio my honest feedback, is for 2k you could take this through a proper design process and get an iconic logo that you really vibe with. I see the vision - just needs some more intention.",https://x.com/Tuteth_/status/2011982676492709926,110,2,3,0,0,0,0,0,1,0,0,0,0
2013683135578263796,"Tue, Jan 20, 2026",@WatcherGuru im fine https://t.co/QaXbjhCxI9,https://x.com/Tuteth_/status/2013683135578263796,2679,6,23,0,0,0,0,0,2,4,0,0,0
1990551455254937896,"Mon, Nov 17, 2025",4.3 million + in NFTs will be found in @opensea chess tomorrow. Including: - Crypto punk - Hypurr - pudgy penguins - BAYC - squiggles Praying for someone I know to win big - would feel really good right now. https://t.co/ghil7eJQ0j,https://x.com/Tuteth_/status/1990551455254937896,2135,71,211,2,0,0,22,1,4,64,0,0,0
1996983235964805543,"Fri, Dec 5, 2025",@dexp0nential This looks original,https://x.com/Tuteth_/status/1996983235964805543,2767,11,17,0,0,0,1,0,5,0,0,0,0
1988222915100414443,"Tue, Nov 11, 2025",@AbstractChain @HBKSailor 🔥🔥🔥,https://x.com/Tuteth_/status/1988222915100414443,273,3,21,0,0,0,0,0,2,16,0,0,0
2014421783852568666,"Thu, Jan 22, 2026",@munchPRMR @megaeth I think@megaeth is the only thing left in crypto to look forward to. Base is complete ass and they have no idea what they’re doing. Nobody cares about Monad. Plasma sucks. Berachain had $2b in deposits but then the berabaddies ran off with it. MegaETH is the end game.,https://x.com/Tuteth_/status/2014421783852568666,129,3,5,0,0,0,0,0,1,1,0,0,0
1990223337717461469,"Mon, Nov 17, 2025",@boldleonidas @truemarkets the first time bold copied my work. it has been an honour ser. jk https://t.co/EMhpvqlo2M,https://x.com/Tuteth_/status/1990223337717461469,962,5,25,0,1,0,1,0,2,4,0,0,0
1999270741402141118,"Fri, Dec 12, 2025",The @peengu_abs team is so cool. They’ve never stopped building. The took my IP and have run with it. And they just bought an abstractions to raffle.,https://x.com/Tuteth_/status/1999270741402141118,989,32,88,0,1,0,11,2,5,38,0,0,0
2012294201577185404,"Fri, Jan 16, 2026",@Gamejudge_ I would actually love to do that,https://x.com/Tuteth_/status/2012294201577185404,41,1,3,0,0,0,1,0,0,1,0,0,0
,,,https://x.com/Tuteth_/status/undefined,0,0,0,0,0,0,0,0,0,0,0,0,0
2011859056332259837,"Thu, Jan 15, 2026",@thepeengwin @bunya_eth yes AL,https://x.com/Tuteth_/status/2011859056332259837,69,0,0,0,0,0,0,0,0,0,0,0,0
1997765525674320057,"Sun, Dec 7, 2025","@Izzyalright I had to take a few days to wrap my head around this. The lying about the process is really fucked up. I’ve known Mireyita for years, and I’m speechless and just sad to see her do this. Her “creative process” is: - find inspirational art online - run it through AI with a",https://x.com/Tuteth_/status/1997765525674320057,1031,34,78,0,0,1,1,0,29,13,0,0,0
2006530592117293203,"Thu, Jan 1, 2026",@digitalartchick Mint this,https://x.com/Tuteth_/status/2006530592117293203,140,3,6,0,0,0,0,0,1,2,0,0,0
2010070130563350778,"Sat, Jan 10, 2026",@munchPRMR working on it as we speak.,https://x.com/Tuteth_/status/2010070130563350778,148,1,3,0,0,0,0,0,0,2,0,0,0
1987748093291630708,"Mon, Nov 10, 2025",@0xCygaar 🙏🏼,https://x.com/Tuteth_/status/1987748093291630708,182,3,10,0,0,0,0,0,1,6,0,0,0
2013960397351448870,"Wed, Jan 21, 2026",@Degenplayer_1 my tl is an infinite scroll of fomo rn,https://x.com/Tuteth_/status/2013960397351448870,12,1,2,0,0,0,1,0,0,0,0,0,0
2014772665924403470,"Fri, Jan 23, 2026",@munchPRMR I’m entertained,https://x.com/Tuteth_/status/2014772665924403470,127,1,1,0,0,0,0,0,0,0,0,0,0
2011900318813180138,"Thu, Jan 15, 2026","Nothing against @EasyEatsBodega; he disclosed his paid partnership here. I'm just using his post to highlight that the logical reason why everyone ""thinks"" it will make the timeline better is a myth.",https://x.com/Tuteth_/status/2011900318813180138,185,4,5,0,0,0,0,0,1,0,0,0,0
2009781512879636593,"Sat, Jan 10, 2026",@0xNairolf 😭😭😭,https://x.com/Tuteth_/status/2009781512879636593,217,2,8,1,0,1,1,0,4,0,0,0,0
2001352202812821821,"Wed, Dec 17, 2025",Can someone explain the logic behind this to me? https://t.co/x82uFJ41tX,https://x.com/Tuteth_/status/2001352202812821821,1389,33,156,0,0,0,16,0,3,46,0,0,0
2009989709528023512,"Sat, Jan 10, 2026",@MortachThomas @xeetdotai The oven stays on,https://x.com/Tuteth_/status/2009989709528023512,33,1,1,0,0,0,0,0,0,0,0,0,0
2011627173254480263,"Thu, Jan 15, 2026",@Pons_ETH Rocked this under my snowboard jacket. Skipped all the way down the mountain. https://t.co/kll8s2RU4Z,https://x.com/Tuteth_/status/2011627173254480263,114,2,6,0,0,0,0,0,0,2,0,0,0
2014492979503784382,"Fri, Jan 23, 2026",@ghostcutter I just wish it would stop sometimes lol,https://x.com/Tuteth_/status/2014492979503784382,13,0,0,0,0,0,0,0,0,0,0,0,0
2012513937292456419,"Sat, Jan 17, 2026",@0xCeejay ty ty,https://x.com/Tuteth_/status/2012513937292456419,16,1,1,0,0,0,0,0,0,0,0,0,0
1993780351735615846,"Wed, Nov 26, 2025",@0xkakai bigger,https://x.com/Tuteth_/status/1993780351735615846,271,4,8,0,0,0,1,0,0,3,0,0,0
2013681808261443620,"Tue, Jan 20, 2026",I've been building in public for 6 years on X. You meet a lot of people. @MetaAlchemist is one of the few who continues to inspire me to keep creating. IdeaRalph isn't a passing fad - it could start an entire new meta for builders and creators. If you're not paying attention,https://x.com/Tuteth_/status/2013681808261443620,1819,50,134,2,0,0,14,2,11,57,0,0,0
1990546955450396850,"Mon, Nov 17, 2025",@emilios_eth Write this earlier https://t.co/s7pMG3Q7o8 Think it applies here too,https://x.com/Tuteth_/status/1990546955450396850,144,3,9,0,0,0,1,0,1,3,1,0,0
2011614966936453251,"Thu, Jan 15, 2026",@fern are you reply guying to the fish too?,https://x.com/Tuteth_/status/2011614966936453251,91,1,2,0,0,0,0,0,0,1,0,0,0
1986900327233442217,"Fri, Nov 7, 2025",@dyli_io @AbstractChain https://t.co/N47pxYo2PH,https://x.com/Tuteth_/status/1986900327233442217,782,8,125,0,0,0,1,1,5,38,72,0,0
2013057633360515111,"Mon, Jan 19, 2026",@based16z haha this is amazing.,https://x.com/Tuteth_/status/2013057633360515111,311,1,3,0,0,0,0,0,1,1,0,0,0
2010907351667315106,"Tue, Jan 13, 2026",@SALAMANDER12_ @xeetdotai legend!,https://x.com/Tuteth_/status/2010907351667315106,60,1,1,0,0,0,0,0,0,0,0,0,0
2011603240820027801,"Thu, Jan 15, 2026",@0xWalido Is there going to be @badlydrawnbarry ?!?!?!,https://x.com/Tuteth_/status/2011603240820027801,52,1,1,0,0,0,0,0,0,0,0,0,0
2012571974711611607,"Sat, Jan 17, 2026","@Tyler_Did_It oh dear, lol",https://x.com/Tuteth_/status/2012571974711611607,213,0,0,0,0,0,0,0,0,0,0,0,0
2012286835636973879,"Fri, Jan 16, 2026",@Truunik @opensea gl gl,https://x.com/Tuteth_/status/2012286835636973879,40,0,0,0,0,0,0,0,0,0,0,0,0
2008558538407440579,"Tue, Jan 6, 2026",@Lamboland_ I would love to know what it is.,https://x.com/Tuteth_/status/2008558538407440579,197,2,2,0,0,0,0,0,0,0,0,0,0
2001009931764556235,"Tue, Dec 16, 2025","Look in the mirror. No, don't look away - look at yourself. There you go. You see that? That's you, all of it. The wins, the losses, the scams, the luck, the trust, the failures, the doubt. Now accept that raw version of you. Accept everything happening right now. You https://t.co/JiL80yH0kT",https://x.com/Tuteth_/status/2001009931764556235,1509,65,181,1,0,0,19,4,7,79,0,0,0
2011650844291109067,"Thu, Jan 15, 2026",@badbunnz_ lmao,https://x.com/Tuteth_/status/2011650844291109067,45,0,0,0,0,0,0,0,0,0,0,0,0
1993467936695370221,"Tue, Nov 25, 2025",@Pons_ETH fixed it for you https://t.co/cX54UGZKKP,https://x.com/Tuteth_/status/1993467936695370221,330,7,17,0,0,0,2,0,3,0,0,0,0
2013442761496662439,"Tue, Jan 20, 2026",@Joestar_sann i want that,https://x.com/Tuteth_/status/2013442761496662439,46,1,4,0,0,0,1,0,0,2,0,0,0
2011953591599218756,"Fri, Jan 16, 2026",@SOLsesame https://t.co/23VRlAJB3A,https://x.com/Tuteth_/status/2011953591599218756,35,0,4,0,0,0,1,0,1,2,0,0,0
2012984014542405767,"Sun, Jan 18, 2026",@zemoon_xbt the most rn,https://x.com/Tuteth_/status/2012984014542405767,30,1,1,0,0,0,0,0,0,0,0,0,0
2010907460589293865,"Tue, Jan 13, 2026",@Pons_ETH This will do well lmao,https://x.com/Tuteth_/status/2010907460589293865,93,1,1,0,0,0,0,0,0,0,0,0,0
2013066220816261339,"Mon, Jan 19, 2026",@Jampzey you left out $MEGA,https://x.com/Tuteth_/status/2013066220816261339,114,1,2,0,0,0,1,0,0,0,0,0,0
2013361018349425124,"Mon, Jan 19, 2026","@xeetdotai This is awesome guys, as you know, tut is down for the ride.",https://x.com/Tuteth_/status/2013361018349425124,551,7,14,0,0,0,0,0,4,3,0,0,0
2001703908138434737,"Thu, Dec 18, 2025",@jicamanx @goodvibesclub baked and caked: https://t.co/8UVH7YoX04,https://x.com/Tuteth_/status/2001703908138434737,75,4,8,0,0,0,2,0,0,1,0,0,0
1986959219111629005,"Sat, Nov 8, 2025",@tolibear_ You’re too old for this toli 😂😂😂 This will cook so hard tho,https://x.com/Tuteth_/status/1986959219111629005,154,4,11,0,0,0,1,0,2,4,0,0,0
2008921324836557125,"Wed, Jan 7, 2026",@aadvark89 I need to do this too.,https://x.com/Tuteth_/status/2008921324836557125,82,2,6,0,0,0,1,0,0,3,0,0,0
2013266449360404873,"Mon, Jan 19, 2026",If you think megaETH is all Talk - then test your thesis. megaETH is opening up it's chain to the public for a stress test on January 22nd. Go talk your sht,https://x.com/Tuteth_/status/2013266449360404873,1303,44,99,0,1,0,11,2,4,38,0,0,0
1989786643017207866,"Sat, Nov 15, 2025",@Zaddy_Fi Abstractions Abstract abyss TutCAO MegaETH Salt Shaker My house Screenshot app Tut backlist A school A curriculum Banana bread,https://x.com/Tuteth_/status/1989786643017207866,483,11,31,0,0,0,5,0,6,9,0,0,0
2003270828448973176,"Tue, Dec 23, 2025",@FogoNPC let's ball lol,https://x.com/Tuteth_/status/2003270828448973176,493,4,17,0,0,1,1,0,8,3,0,0,0
2011094756647141765,"Tue, Jan 13, 2026",@nics_off same!,https://x.com/Tuteth_/status/2011094756647141765,17,0,0,0,0,0,0,0,0,0,0,0,0
2013802682679501233,"Wed, Jan 21, 2026",@vialba1990 I mean that's good for you - I don't mind having a bad night. I acknowledge that parenting is hard and wild.,https://x.com/Tuteth_/status/2013802682679501233,52,0,1,0,0,0,1,0,0,0,0,0,0
2010060537485504837,"Sat, Jan 10, 2026",@SOLsesame what are you building? let me know if i can help,https://x.com/Tuteth_/status/2010060537485504837,287,5,13,0,0,0,1,0,7,0,0,0,0
1995644038352130522,"Mon, Dec 1, 2025",@nics_off i think you need to fud tut and bread next - good lore!,https://x.com/Tuteth_/status/1995644038352130522,168,3,6,0,0,0,1,0,1,1,0,0,0
2014772076339417178,"Fri, Jan 23, 2026","@R3birth That’s cool man, keep going. Doing the same a little",https://x.com/Tuteth_/status/2014772076339417178,79,1,3,0,0,0,1,0,1,0,0,0,0
2012277546776141929,"Fri, Jan 16, 2026","@karbonbased oh man, we shift back and forth in our house and that's the way.",https://x.com/Tuteth_/status/2012277546776141929,99,0,0,0,0,0,0,0,0,0,0,0,0
2014699564712784007,"Fri, Jan 23, 2026",@ORANGEHILLMUSIK @meta_alchemist Always,https://x.com/Tuteth_/status/2014699564712784007,49,1,1,0,0,0,0,0,0,0,0,0,0
2015102038103748768,"Sat, Jan 24, 2026","@Legendaryy so cool, you're really making me fomo into this. you're set up on mac mini yeah?",https://x.com/Tuteth_/status/2015102038103748768,24242,16,86,2,0,0,2,0,15,53,0,0,0
2005067679011590536,"Sun, Dec 28, 2025","@mariannehere I'm so close with half the people here. love my habibis, Need to come visit.",https://x.com/Tuteth_/status/2005067679011590536,236,6,11,0,0,0,1,0,4,0,0,0,0
2010901577230663828,"Tue, Jan 13, 2026",@KierianV @xeetdotai it's s good list.,https://x.com/Tuteth_/status/2010901577230663828,85,2,4,0,0,0,1,0,1,0,0,0,0
2010024318332469465,"Sat, Jan 10, 2026",@emrizblaq He sure does,https://x.com/Tuteth_/status/2010024318332469465,17,0,0,0,0,0,0,0,0,0,0,0,0
2011623041370030278,"Thu, Jan 15, 2026",@CryptoGorilla I'll do it for $3/,https://x.com/Tuteth_/status/2011623041370030278,1420,1,12,0,0,0,1,0,3,7,0,0,0
2014408524042793175,"Thu, Jan 22, 2026","@raychi_god @deadbitnation I built it, so it better be smooth, go make a meme.",https://x.com/Tuteth_/status/2014408524042793175,285,2,5,0,0,0,0,0,1,2,0,0,0
2001476160488718351,"Thu, Dec 18, 2025","Not having kids is the dumbest ""life hack"" I've ever read. I would immediately unfollow this buffoon if I were you. This logic is extremely flawed; it only works on the surface in a self-obsessed, material-based culture. But by not having kids, you risk missing what it truly",https://x.com/Tuteth_/status/2001476160488718351,7716,120,310,1,0,0,41,3,12,134,0,0,0
1987946127488893253,"Mon, Nov 10, 2025","tut™ quick opinions on the @icobeast x @megaETH drama 1. Overall, this is a net negative for everyone. I love MegaETH, I love ICOBeast, and it sucks to see it end up like this. 2. Having ICO Beast locked up for a year, actively yapping and using your chain, is a huge win in my https://t.co/0cNb2lpB4R",https://x.com/Tuteth_/status/1987946127488893253,6133,60,372,3,0,1,27,3,60,187,0,0,0
2012225594264592848,"Fri, Jan 16, 2026",@gaby_goldberg hahaha same,https://x.com/Tuteth_/status/2012225594264592848,537,1,1,0,0,0,0,0,0,0,0,0,0
2010885113442177426,"Tue, Jan 13, 2026",@HuyIT123 @opensea @OliverMaroney @HollanderAdam ty,https://x.com/Tuteth_/status/2010885113442177426,40,1,2,0,0,0,1,0,0,0,0,0,0
1990064137150312733,"Sun, Nov 16, 2025","@Cobratate potentially the dumbest thing ever said in history,",https://x.com/Tuteth_/status/1990064137150312733,845,7,11,0,0,0,0,0,4,0,0,0,0
2012293218398790117,"Fri, Jan 16, 2026","@punk9059 there's so many quiet whales in this space too that started from nothing. I have good story, $7 topshot pack &gt; mid 6 figures and still going, not like the big dogs tho lol",https://x.com/Tuteth_/status/2012293218398790117,266,2,4,0,0,0,1,0,1,0,0,0,0
2012257655025176863,"Fri, Jan 16, 2026",@BawsaXBT what coins we talking broski,https://x.com/Tuteth_/status/2012257655025176863,108,0,2,0,0,0,1,0,0,1,0,0,0
2009433314747404471,"Fri, Jan 9, 2026",@ethos_network what's the nft do?,https://x.com/Tuteth_/status/2009433314747404471,2007,7,128,0,0,0,4,0,7,110,0,0,0
1987912023402045696,"Mon, Nov 10, 2025",@hotpot_dao you are our sugar daddy,https://x.com/Tuteth_/status/1987912023402045696,473,12,26,0,0,0,11,0,1,2,0,0,0
1993813569599885378,"Wed, Nov 26, 2025",wow @megaeth is now the #1 chain by daily revenue. h/t Ultra https://t.co/y3SCkKpJV8,https://x.com/Tuteth_/status/1993813569599885378,1922,54,334,0,0,0,14,5,14,61,0,0,0
2011829873338097879,"Thu, Jan 15, 2026","BREAKING - InfoFI is now DEAD. Nikita Bier just gave it a death blow - removing all APIs for platforms like Kaito, Xeet. Wall Chain etc. WOW https://t.co/GGs91B1p9X",https://x.com/Tuteth_/status/2011829873338097879,2140,44,249,3,0,0,20,2,3,122,0,0,0
1988401745773600939,"Wed, Nov 12, 2025",@08x44 @AzFlin You literally can’t have a baby after a certain age if you’re a woman lol,https://x.com/Tuteth_/status/1988401745773600939,26,3,5,0,0,0,1,0,0,1,0,0,0
2012577032912171218,"Sat, Jan 17, 2026",@ninja_dev3 @serpinxbt I would argue both Serpin and I are founders who are trying to innovate here without extraction being the number 1 goal. I really enjoy building things on-chain.,https://x.com/Tuteth_/status/2012577032912171218,17,2,3,0,0,0,1,0,0,0,0,0,0
2011122045904711982,"Tue, Jan 13, 2026",@chefgoose minoxidil is cheaper and easier lol,https://x.com/Tuteth_/status/2011122045904711982,164,1,2,0,0,0,0,0,0,1,0,0,0
1986912146060669093,"Fri, Nov 7, 2025",@jessepollak @fantasy_top_ this is siiiiick,https://x.com/Tuteth_/status/1986912146060669093,226,4,13,0,0,0,0,0,3,6,0,0,0
1993064287385100507,"Mon, Nov 24, 2025",@niklarson0x @rarible it will come back on :),https://x.com/Tuteth_/status/1993064287385100507,567,9,42,0,0,0,0,0,3,30,0,0,0
1993846610569384160,"Thu, Nov 27, 2025",@0xWalido @BetmanJoe @0xvinhpham @AveForge @WCNetizens nation has some fun stuff coming,https://x.com/Tuteth_/status/1993846610569384160,77,5,9,0,0,0,1,0,0,3,0,0,0
1996196719634088039,"Wed, Dec 3, 2025","@SpeculatorArt Don't forget that teachers during off-hours are: Training for an ever-changing classroom of needs (autism, ADHD, language barriers, accessibility, new tech every year) Curriculum development Grading Lesson planning Staff meetings Extracurriculars Teaching is a lifestyle;",https://x.com/Tuteth_/status/1996196719634088039,139,3,5,0,0,0,1,0,0,1,0,0,0
2009638239720649116,"Fri, Jan 9, 2026",@megaeth @opensea yummmmmm https://t.co/PmX8ILfPEU,https://x.com/Tuteth_/status/2009638239720649116,854,11,21,0,0,0,1,0,4,0,1,0,0
2011997261765411215,"Fri, Jan 16, 2026",@icobeast I was trying to think of way to bring this up too. So many marketing teams dunking too lmao,https://x.com/Tuteth_/status/2011997261765411215,425,2,11,0,0,0,2,0,5,2,0,0,0
2010465780261966125,"Sun, Jan 11, 2026","@0xkakai So this is the secret, IMO. The best bets in crypto are the most fun, IMO, with no direct incentives. Direct incentives are what kill the space.",https://x.com/Tuteth_/status/2010465780261966125,27,4,5,0,0,0,1,0,0,0,0,0,0
2003249677052051546,"Mon, Dec 22, 2025",@0xkakai let's go,https://x.com/Tuteth_/status/2003249677052051546,228,4,5,0,0,0,0,0,1,0,0,0,0
2011850775832461338,"Thu, Jan 15, 2026",@mcgeth was wondering about noise now,https://x.com/Tuteth_/status/2011850775832461338,2123,3,8,0,0,0,1,0,2,2,0,0,0
1988418417335107984,"Wed, Nov 12, 2025",@meg_thorpe_ saw ultra with this,https://x.com/Tuteth_/status/1988418417335107984,52,3,6,0,0,0,1,0,0,2,0,0,0
1992050129160036677,"Sat, Nov 22, 2025",@icobeast beast ICO presale would cook,https://x.com/Tuteth_/status/1992050129160036677,191,3,5,0,0,0,0,0,1,1,0,0,0
2002486780269113857,"Sat, Dec 20, 2025","PSA - Su*ç^de is leading cause of death in men under 50. one more time, let that sink in Leading Cause of Death in men under 50. So yeah - the stigma is not helping.",https://x.com/Tuteth_/status/2002486780269113857,1079,32,62,0,0,0,4,1,1,24,0,0,0
1998119524474798258,"Mon, Dec 8, 2025",@Tma_420 I agree with this so much TMA. Makes me think of developing a working group that aims to do this.,https://x.com/Tuteth_/status/1998119524474798258,257,4,7,0,0,0,0,0,3,0,0,0,0
1991974685140234337,"Fri, Nov 21, 2025",@0xWalido update coming sooooooon,https://x.com/Tuteth_/status/1991974685140234337,56,3,10,0,0,0,2,0,2,3,0,0,0
2012981736112525653,"Sun, Jan 18, 2026",@deltasauce @opensea big up,https://x.com/Tuteth_/status/2012981736112525653,75,2,5,0,0,0,1,0,1,1,0,0,0
2010901527540515116,"Tue, Jan 13, 2026",@eleniweb3 @Aizcalibur i love that man,https://x.com/Tuteth_/status/2010901527540515116,79,2,3,0,0,0,1,0,0,0,0,0,0
2012968956299039008,"Sun, Jan 18, 2026",@archivum_saves commenting for reach!,https://x.com/Tuteth_/status/2012968956299039008,159,5,10,0,0,0,1,0,0,4,0,0,0
2012363058136399948,"Sat, Jan 17, 2026",@NachoFi_ Thanks friend!,https://x.com/Tuteth_/status/2012363058136399948,43,1,1,0,0,0,0,0,0,0,0,0,0
1990047187229900960,"Sun, Nov 16, 2025",New Fear &amp; Greed Index For Crypto Not looking good bros https://t.co/5YmM3mUruA,https://x.com/Tuteth_/status/1990047187229900960,1699,38,93,0,0,0,15,1,5,22,0,0,0
1989677240724943004,"Sat, Nov 15, 2025","My secret to dominating infoFI and @xeetdotai Format your xeets (always use ""xeet"" instead of tweet) like a beautiful novela. Example. Dear Diary, Did you know the winter solstice is coming soon, and I love how the sky looks all Abstract, like a chain in the winter.",https://x.com/Tuteth_/status/1989677240724943004,2319,30,85,1,0,0,18,1,3,33,0,0,0
1987175421285208109,"Sat, Nov 8, 2025","I'm attempting to get $400K USD — and you can watch how it goes. Seedify (@SeedifyFund) is running a hackathon, and I'm building a site for prediction markets. The first component of my site is to track volume activity across the four major platforms. One big highlight is that https://t.co/t7LSSNZ1OY",https://x.com/Tuteth_/status/1987175421285208109,3378,71,325,7,2,0,23,5,27,137,0,0,0
2010787433261203734,"Mon, Jan 12, 2026",@nics_off @deadbitnation yes ser 100%,https://x.com/Tuteth_/status/2010787433261203734,76,0,0,0,0,0,0,0,0,0,0,0,0
1990951454517998037,"Wed, Nov 19, 2025",@badbunnz_ lets go bros https://t.co/hWO29dIz7p,https://x.com/Tuteth_/status/1990951454517998037,185,3,3,0,0,0,0,0,0,0,0,0,0
2013685768640659650,"Tue, Jan 20, 2026",@Disob340 did he visit you yet?,https://x.com/Tuteth_/status/2013685768640659650,28,1,2,0,0,0,1,0,0,0,0,0,0
2012540571236061572,"Sat, Jan 17, 2026",@Disob340 I think the education idea is part of the problem. crypto is in competition with other financial mechanisms that don't need education for use. The UX is horrible here and not matching up with the market trends of ease of use.,https://x.com/Tuteth_/status/2012540571236061572,20,1,1,0,0,0,0,0,0,0,0,0,0
2013053733672804386,"Mon, Jan 19, 2026","@Legendaryy So I think about this a lot. When my first daughter was born, I think I saw the 0-1 moment happen. It was wild. I don't think AI can ever become conscious in the way we experience it, though.",https://x.com/Tuteth_/status/2013053733672804386,163,1,4,0,0,0,1,0,1,1,0,0,0
1993416721923731923,"Tue, Nov 25, 2025","@BetmanJoe thanks joe, update coming",https://x.com/Tuteth_/status/1993416721923731923,314,9,20,0,0,0,2,0,6,3,0,0,0
1988798280600600879,"Thu, Nov 13, 2025",@icobeast ICO beast tmrw https://t.co/dEflJt6KDS,https://x.com/Tuteth_/status/1988798280600600879,384,9,25,0,0,0,1,0,2,7,0,0,0
1987515024999354748,"Sun, Nov 9, 2025","@icobeast I'm going to have to accept that’s how I read it — lol. Sorry man, but based on the three points below, it does come across — in a concise way — that you’re saying airdrop farmers are bad. Your words: “Airdrop farmers are a very bad base for building a real community for your",https://x.com/Tuteth_/status/1987515024999354748,886,5,23,0,0,0,1,0,5,12,0,0,0
2007628803624014017,"Sun, Jan 4, 2026",@lineofakc here's some code that fckd up. price - free! chain - none! https://t.co/dDt8yQ1CrZ,https://x.com/Tuteth_/status/2007628803624014017,86,3,8,0,0,0,0,0,1,4,0,0,0
2012266704638775540,"Fri, Jan 16, 2026",@CryptoGorilla @opensea how did you do brother?,https://x.com/Tuteth_/status/2012266704638775540,395,0,2,0,0,0,1,0,0,1,0,0,0
1989786247892799914,"Sat, Nov 15, 2025",@CrypSaf @Plasma @HyperliquidX @katana @berachain @AbstractChain @StoryProtocol @megaeth But tut chain is coming,https://x.com/Tuteth_/status/1989786247892799914,313,4,11,0,0,0,5,0,2,0,0,0,0
2013281972110401549,"Mon, Jan 19, 2026",@Lamboland_ yup - this really seems to be concept everyone is coming to realize.,https://x.com/Tuteth_/status/2013281972110401549,174,2,4,0,0,0,0,0,1,1,0,0,0
1988607967152025849,"Wed, Nov 12, 2025",@arshiaxbt megaETH XP soon tho,https://x.com/Tuteth_/status/1988607967152025849,92,4,12,0,0,0,1,0,0,7,0,0,0
2000227783318855978,"Sun, Dec 14, 2025","InfoFI is garbage. It doesn’t drive real value for brands, and it incentivizes AI slop. That’s the common take. Some of that criticism is fair. But it misses the real problem. This came up again for me during the latest Good Vibes Club campaign, when “value” in decentralized https://t.co/jYuEQbAg0V",https://x.com/Tuteth_/status/2000227783318855978,1649,46,133,5,0,0,22,4,5,48,0,0,0
2012529677718438299,"Sat, Jan 17, 2026",@mkeylang @EleanorTerrett @coinbase lmao.,https://x.com/Tuteth_/status/2012529677718438299,49,0,1,0,0,0,0,0,1,0,0,0,0
2013361375532220757,"Mon, Jan 19, 2026",@0xdgw thank you.,https://x.com/Tuteth_/status/2013361375532220757,9,1,1,0,0,0,0,0,0,0,0,0,0
2012583281888313741,"Sat, Jan 17, 2026",@ripchillpill I love XLinkedIN,https://x.com/Tuteth_/status/2012583281888313741,115,1,1,0,0,0,0,0,0,0,0,0,0
1987529732204703955,"Sun, Nov 9, 2025",@bread_ 1. I love good data viz too,https://x.com/Tuteth_/status/1987529732204703955,214,3,11,0,0,1,0,0,0,7,0,0,0
2000651935117103389,"Mon, Dec 15, 2025","Elon Musk is reportedly worth $677 billion. If paid out over a 60-year career with a standard 40-hour week: &gt; $5.42 million per hour &gt; $90,385 per minute &gt; $1,506 per second This level of wealth is almost impossible to comprehend.",https://x.com/Tuteth_/status/2000651935117103389,2107,38,92,1,0,1,15,1,2,35,0,0,0
2015358328663056887,"Sun, Jan 25, 2026",@ontologyofcap For real,https://x.com/Tuteth_/status/2015358328663056887,2589,7,11,0,0,0,0,0,3,1,0,0,0
2009388615076565108,"Thu, Jan 8, 2026",@EJRWEB3 @CryptoGorilla @Polymarket crypto fight night - I'll take you both on lol,https://x.com/Tuteth_/status/2009388615076565108,44,1,2,0,0,0,1,0,0,0,0,0,0
2014520858526585060,"Fri, Jan 23, 2026",@deadbitnation whoaaaaaa,https://x.com/Tuteth_/status/2014520858526585060,126,0,2,0,0,0,0,0,0,2,0,0,0
2013733184832156104,"Tue, Jan 20, 2026",@PrismFi_ @Polymarket You guys are crushing it,https://x.com/Tuteth_/status/2013733184832156104,140,0,0,0,0,0,0,0,0,0,0,0,0
2010482484824379549,"Sun, Jan 11, 2026",@craigscoinpurse hot,https://x.com/Tuteth_/status/2010482484824379549,13,1,2,0,0,0,0,0,0,1,0,0,0
1987277510749372905,"Sat, Nov 8, 2025",Loving the new update by @xeetdotai You can now see how you are doing across various campaigns in your own dashboard. I'm feeling pretty pumped overall about my scores considering I play a very different game than most creators. &gt; 3049 xeets &gt; 8th on @AbstractChain &gt; 13th on https://t.co/xthfaP8hri,https://x.com/Tuteth_/status/1987277510749372905,2606,54,220,4,0,1,25,3,13,62,0,0,0
1987998343034007888,"Mon, Nov 10, 2025","@SerrDavee i think it's a good point, but also think the point of this market is to share how you feel and accept the consequences. It's okay to lose on your pursuit to express yourself. I for one am sick of doing things so I don't get in trouble.",https://x.com/Tuteth_/status/1987998343034007888,373,4,11,0,0,0,1,0,4,2,0,0,0
2012996792464425282,"Sun, Jan 18, 2026",@icobeast if I don't see you in my comments I'M GOING TO BE SO PISSED.,https://x.com/Tuteth_/status/2012996792464425282,65,2,5,0,0,0,0,0,3,0,0,0,0
1987546528416973306,"Sun, Nov 9, 2025",I got in a heated debate with @icobeast this morning about his spicy take on parasitic airdrop farmers. This video summarizes the debate well. https://t.co/e6z8L5v5by,https://x.com/Tuteth_/status/1987546528416973306,4624,53,261,4,0,0,14,1,21,163,0,0,0
2013816699204633020,"Wed, Jan 21, 2026",@remiaxyz they were the peak of this eve. you got kids too?,https://x.com/Tuteth_/status/2013816699204633020,24,0,0,0,0,0,0,0,0,0,0,0,0
2014772395488231825,"Fri, Jan 23, 2026","@R2D2zen I been seeing this in people like kaleo, oh and look at legendary’s posts. Same.",https://x.com/Tuteth_/status/2014772395488231825,96,0,1,0,0,0,0,0,1,0,0,0,0
2010829548800102507,"Mon, Jan 12, 2026",@icobeast top again ffs.,https://x.com/Tuteth_/status/2010829548800102507,75,3,4,0,0,0,0,0,0,1,0,0,0
2013800398671200401,"Wed, Jan 21, 2026","@vialba1990 easier said than done - which is the point of the post, as much as I can intellectual know this, it's just hard sometimes, and I believe thats okay too.",https://x.com/Tuteth_/status/2013800398671200401,42,1,3,0,0,0,1,0,1,0,0,0,0
2009633495908594149,"Fri, Jan 9, 2026","@Cognito_b Yes! Thanks, need to run an update on all airdrop data.",https://x.com/Tuteth_/status/2009633495908594149,13,1,4,0,0,0,1,0,0,2,0,0,0
2011145755902304269,"Tue, Jan 13, 2026",@DeeZe Just wait until it happens in the car seat 😭😭😭,https://x.com/Tuteth_/status/2011145755902304269,218,3,5,0,0,0,2,0,0,0,0,0,0
2015357998730785080,"Sun, Jan 25, 2026",@imthatdexter on it,https://x.com/Tuteth_/status/2015357998730785080,1823,6,7,0,0,0,0,0,1,0,0,0,0
2013047866390917370,"Mon, Jan 19, 2026",@Zeneca Who said it has to change our life? Can we just have fun creating without these weird high bars?,https://x.com/Tuteth_/status/2013047866390917370,1932,7,24,0,0,1,3,0,0,13,0,0,0
2014561116546814132,"Fri, Jan 23, 2026",@imthatdexter @deadbitnation ayyyeeeeeeeee,https://x.com/Tuteth_/status/2014561116546814132,10,1,4,0,0,0,1,0,0,2,0,0,0
2011413815171436919,"Wed, Jan 14, 2026","@R2D2zen Hard to tell, we need more than a few days of data",https://x.com/Tuteth_/status/2011413815171436919,84,1,1,0,0,0,0,0,0,0,0,0,0
2013048864412991860,"Mon, Jan 19, 2026",@WatcherGuru What in the flying fuck is going on,https://x.com/Tuteth_/status/2013048864412991860,471,3,5,0,0,0,0,0,0,2,0,0,0
1987984215510483215,"Mon, Nov 10, 2025",@Lamboland_ @i_amtan still can't believe you never hired tut for art direction - ya boi can coook,https://x.com/Tuteth_/status/1987984215510483215,72,3,6,0,0,0,0,0,0,3,0,0,0
2006046968091488564,"Tue, Dec 30, 2025","@batzdu doing mine rn, love this.",https://x.com/Tuteth_/status/2006046968091488564,147,1,1,0,0,0,0,0,0,0,0,0,0
2010024234861638033,"Sat, Jan 10, 2026",@plusthomasp Same,https://x.com/Tuteth_/status/2010024234861638033,17,1,1,0,0,0,0,0,0,0,0,0,0
2013048138483863641,"Mon, Jan 19, 2026","@GianTheRios So you’ll make 12 apps. I find the hardest thing is one can app is built, building the distribution. Going to be a lot of social accounts to push all of them. But good luck",https://x.com/Tuteth_/status/2013048138483863641,127,1,7,0,0,0,2,0,2,2,0,0,0
2000392061409751529,"Mon, Dec 15, 2025","The Modern World Is INSANE. We don't even need movies anymore—every horrific news event is now captured live and available for viewing within minutes. It's really messed up: in the first hours after these events, social media sites can't moderate all the content, so users see",https://x.com/Tuteth_/status/2000392061409751529,1656,25,79,0,0,0,17,0,5,30,2,0,0
2003520814629683632,"Tue, Dec 23, 2025",@piovincenzo_ this took me back to high school drama class. lmao,https://x.com/Tuteth_/status/2003520814629683632,148,2,3,1,0,0,1,0,0,0,0,0,0
2010902208704139396,"Tue, Jan 13, 2026",@swankyjohnx legend,https://x.com/Tuteth_/status/2010902208704139396,71,2,3,0,0,0,0,0,1,0,0,0,0
2009607840118583794,"Fri, Jan 9, 2026",@DeeZe Guess what - there’s also a secondary market for them. You’ll only be down like a few hundred,https://x.com/Tuteth_/status/2009607840118583794,279,0,3,0,0,0,0,0,3,0,0,0,0
2010164964032725207,"Sun, Jan 11, 2026",@whenmo0n @MezoNetwork good luck! hopefully you get some,https://x.com/Tuteth_/status/2010164964032725207,46,1,1,0,0,0,0,0,0,0,0,0,0
2011630746671464473,"Thu, Jan 15, 2026",This is a massive move for the @badbunnz_ team. Can't wait for megaETH mainnet.,https://x.com/Tuteth_/status/2011630746671464473,1939,53,121,1,0,0,12,2,9,45,0,0,0
2009628031711658426,"Fri, Jan 9, 2026",@Deebs_DeFi I should do a stream on it all,https://x.com/Tuteth_/status/2009628031711658426,28,0,0,0,0,0,0,0,0,0,0,0,0
2013281797748969673,"Mon, Jan 19, 2026","@chefgoose @stogolp thank you friend, next update will be mad.",https://x.com/Tuteth_/status/2013281797748969673,115,1,1,0,0,0,0,0,0,0,0,0,0
2011415018789613715,"Wed, Jan 14, 2026",@HollanderAdam @opensea GM Adam,https://x.com/Tuteth_/status/2011415018789613715,263,1,1,0,0,0,0,0,0,0,0,0,0
1993417440546767091,"Tue, Nov 25, 2025",@emrizblaq mega bakery it is bros,https://x.com/Tuteth_/status/1993417440546767091,232,3,8,0,0,0,0,0,3,2,0,0,0
1996429385747083495,"Thu, Dec 4, 2025",UPDATE - Monad x Myriad Prediction Market Slash The YES outcome has swung from 6% to 30% in under an hour. All upvotes are for slashes on Ethos = YES movement looking strong. I'm going to bed now. Excited to see where this is in the morning. https://t.co/888Xi4yzZZ,https://x.com/Tuteth_/status/1996429385747083495,2609,45,141,1,0,1,19,1,4,37,0,0,0
2010817930653532398,"Mon, Jan 12, 2026",@AbyssGang @deadbitnation lets go https://t.co/MGZQ4kUGxZ,https://x.com/Tuteth_/status/2010817930653532398,34,2,4,0,0,0,1,0,0,1,0,0,0
1996207732106605052,"Wed, Dec 3, 2025","@imluidji @megaeth @xeetdotai Whoever is feeding you xeet information is an extremely bad source. If you look up ""xeet"" on the timeline, you'll find that spamming Portalcoin-type content gets slashed, and many of those creators are getting a wake-up call.",https://x.com/Tuteth_/status/1996207732106605052,109,3,9,0,0,0,1,0,0,5,0,0,0
2013251631832309971,"Mon, Jan 19, 2026","The Official X Article Leaderboard. I built the first and only X Article Library/Leaderboard. Anyone can now look up the top 25 articles on X. A lot of updates are coming, and a guest builder. Make sure you check out the #2 top article: sgp (@stogolp) ""How to Wake Up"" – it https://t.co/QeXdoELzFZ",https://x.com/Tuteth_/status/2013251631832309971,3987,39,515,7,1,3,14,1,65,149,0,0,0
2012929602079850652,"Sun, Jan 18, 2026",@datadashboards @Kalshi @KalshiEco That's actually insane. was looking at NFT 24hour volume yesterday and it was 2.3m.,https://x.com/Tuteth_/status/2012929602079850652,165,1,4,0,0,0,1,0,0,2,0,0,0
1998117294707450072,"Mon, Dec 8, 2025","My Ethos x Myriad Market Experiment - Post Mortem //Thesis reminder: I slashed Monad as a real-time experiment in Prediction Markets, creating a public on-chain case study on how easily they can be manipulated. //Results: I’ll keep this short. If money had been the goal, I https://t.co/QccaTTYaAF",https://x.com/Tuteth_/status/1998117294707450072,2752,89,215,3,0,0,36,2,10,70,0,0,0
2001322860581621834,"Wed, Dec 17, 2025","Okay, I’m getting obsessed with BTC again. Here’s a thought experiment. Think of Bitcoin like property. Real property. One of the most powerful things about owning property isn’t the shelter, it’s the ability to unlock liquidity from it to grow wealth over time. In real https://t.co/os1CI2SB8s",https://x.com/Tuteth_/status/2001322860581621834,1361,36,135,3,0,0,15,3,12,61,0,0,0
1996614002538168469,"Thu, Dec 4, 2025","@SirJoey 100%, but all good gamblers and traders know, yo only need one good edge to make it.",https://x.com/Tuteth_/status/1996614002538168469,71,3,6,0,0,0,1,0,0,2,0,0,0
2007837133554499771,"Sun, Jan 4, 2026","@blees_eth @nikitabier oh really, I've been using ""following"" a lot more and my ""for you"" feed is really great now.",https://x.com/Tuteth_/status/2007837133554499771,16,2,4,0,0,0,0,0,0,2,0,0,0
2007814722763268553,"Sun, Jan 4, 2026",@zaimiri I’m just getting back from vacation. lol,https://x.com/Tuteth_/status/2007814722763268553,79,3,5,0,0,0,1,0,0,1,0,0,0
2000609661612109935,"Mon, Dec 15, 2025","One thing I think about a lot... How do we unlock liquidity stuck in our JPEGs and tokens? Imagine getting liquidity from an asset without dumping it? (Don't mention Blur loans, something more sophisticated is what I'm pondering) Example: Right now, @goodvibesclub has ~$1 https://t.co/wZBP2KDwcL",https://x.com/Tuteth_/status/2000609661612109935,1969,20,87,2,0,0,5,0,6,41,0,0,0
2012267345855619354,"Fri, Jan 16, 2026","@DeRonin_ @Polymarket @opinionlabsxyz Yeah, opinion is doing really well. I'm pissed they closed their builders plan tho.",https://x.com/Tuteth_/status/2012267345855619354,110,0,1,0,0,0,0,0,0,1,0,0,0
2014415393553612817,"Thu, Jan 22, 2026",@soulreapeeer @deadbitnation oh yeah? send me a ss,https://x.com/Tuteth_/status/2014415393553612817,47,0,4,0,0,0,2,0,0,2,0,0,0
2013665078600466624,"Tue, Jan 20, 2026","@DegenApe99 ayye, this is great brother.",https://x.com/Tuteth_/status/2013665078600466624,96,1,1,0,0,0,0,0,0,0,0,0,0
2005427111943950370,"Sun, Dec 28, 2025",Went to a Toronto Raptors game tonight. I still love photography and editing. The one and only Steph Curry with a tut edit. https://t.co/QHj1kut4rY,https://x.com/Tuteth_/status/2005427111943950370,2206,74,187,1,0,0,19,1,7,37,0,0,0
2011904000774307850,"Thu, Jan 15, 2026",@emrizblaq I can agree with that concept as this is a logical response.,https://x.com/Tuteth_/status/2011904000774307850,4,1,5,0,0,0,1,0,0,3,0,0,0
2014404033637712031,"Thu, Jan 22, 2026",@0xAsta @AzFlin haha keep going.,https://x.com/Tuteth_/status/2014404033637712031,7,1,1,0,0,0,0,0,0,0,0,0,0
2014665983789514796,"Fri, Jan 23, 2026",@meta_alchemist Happy to help,https://x.com/Tuteth_/status/2014665983789514796,259,1,4,0,0,0,0,0,3,0,0,0,0
2010050500876710330,"Sat, Jan 10, 2026",@mkeylang the legend.,https://x.com/Tuteth_/status/2010050500876710330,6,0,0,0,0,0,0,0,0,0,0,0,0
2008977371773161625,"Wed, Jan 7, 2026",https://t.co/ZGgyn10Cem,https://x.com/Tuteth_/status/2008977371773161625,6382,158,740,17,4,2,30,14,15,520,1,0,0
2011154453701837205,"Tue, Jan 13, 2026","The new Claude Cowork interface is insane. I’m a college professor, and I needed to set up an entire course for the next 14 weeks. I tested Cowork last night. In two hours, I finished what normally takes me a full week. • Course outline • Topical outline • Lesson plans • https://t.co/e3TQKtFDwD",https://x.com/Tuteth_/status/2011154453701837205,1281,46,162,6,0,0,15,2,2,52,0,0,0
1996232923385614699,"Wed, Dec 3, 2025","Here’s my no-cost Myriad Markets farming guide. Prediction markets are the hottest financial trend, reaching $10B+ valuations. Myriad’s $MYR token is coming soon, and it will likely be a nice reward for users at these levels. You can farm Myriad with zero money and get into a https://t.co/pgxFW4gyAO",https://x.com/Tuteth_/status/1996232923385614699,5687,164,560,32,2,2,79,6,24,279,0,0,0
2014019903267783063,"Wed, Jan 21, 2026","I don't think CT is ready for @megaeth. We complain about useless chains, bad tokens, and grifters all the time - like the latest Trove skem. MegaETH is the antithesis of that, and it's right in front of you: &gt; Actually scaling Ethereum, with a chain and token that have real",https://x.com/Tuteth_/status/2014019903267783063,12842,162,405,4,0,2,31,10,46,154,0,0,0
2002210334355108270,"Sat, Dec 20, 2025",@EJR_NFT @MuseumModernArt @beaniemaxi https://t.co/ZHgP8lIF0e,https://x.com/Tuteth_/status/2002210334355108270,102,3,3,0,0,0,0,0,0,0,0,0,0
2005421889183953396,"Sun, Dec 28, 2025",@multivrsstudios And we appreciate you so much,https://x.com/Tuteth_/status/2005421889183953396,89,2,3,0,0,0,0,0,1,0,0,0,0
2014768963742474471,"Fri, Jan 23, 2026",@0xAlphaGEMs @badbunnz_ Love the gemz,https://x.com/Tuteth_/status/2014768963742474471,216,5,9,0,0,0,1,0,2,1,0,0,0
2010048751122166011,"Sat, Jan 10, 2026",@0xwakes @xeetdotai let me vent https://t.co/mbRysMwB8o,https://x.com/Tuteth_/status/2010048751122166011,35,1,1,0,0,0,0,0,0,0,0,0,0
2012491296972083616,"Sat, Jan 17, 2026",@0x_ultra @BagsApp @ethos_network @tryfomo This is so clever. Checking it out rn,https://x.com/Tuteth_/status/2012491296972083616,2214,7,33,0,0,0,1,0,19,6,0,0,0
2009734523521581508,"Fri, Jan 9, 2026",You're not vibe coding. You're not making content. You're not building apps. You're not building a platform. You are mastering the process of creation. Idea &gt; Create &gt; Ship That's the goal: to refine that rhythm to express your ideas fully and efficiently.,https://x.com/Tuteth_/status/2009734523521581508,873,40,75,1,1,0,11,1,7,16,0,0,0
2015357936302751943,"Sun, Jan 25, 2026",@Cryptopapa7114 Grateful for clawbot,https://x.com/Tuteth_/status/2015357936302751943,274,1,1,0,0,0,0,0,0,0,0,0,0
2011843214274097384,"Thu, Jan 15, 2026","@chefgoose i don't know, i think they got blindsided. lol",https://x.com/Tuteth_/status/2011843214274097384,47,1,3,0,0,0,0,0,1,1,0,0,0
2013696762318307760,"Tue, Jan 20, 2026",@MisterPonX thank you Mr.P,https://x.com/Tuteth_/status/2013696762318307760,48,2,2,0,0,0,0,0,0,0,0,0,0
2004675915981488380,"Fri, Dec 26, 2025","@Jampzey I'll host a space and show you, it's magic once someone explains it properly.",https://x.com/Tuteth_/status/2004675915981488380,52,3,5,0,0,0,1,0,1,0,0,0,0
2006133520024912045,"Tue, Dec 30, 2025",@vohvohh Amazing work Voh! Happy for you,https://x.com/Tuteth_/status/2006133520024912045,73,2,2,0,0,0,0,0,0,0,0,0,0
2011878936679236009,"Thu, Jan 15, 2026",@Disob340 I honestly think most top creators don't care. They are getting a bag either way.,https://x.com/Tuteth_/status/2011878936679236009,35,2,2,0,0,0,0,0,0,0,0,0,0
2009347085020353005,"Thu, Jan 8, 2026",@CryptoGorilla @EJRWEB3 @Polymarket https://t.co/Swn958gNMI,https://x.com/Tuteth_/status/2009347085020353005,61,2,3,0,0,0,1,0,0,0,0,0,0
2014382809708650922,"Thu, Jan 22, 2026","@Ivan_Nab hahaha, death blow - 10 env variables, oh you updated your url, go get em",https://x.com/Tuteth_/status/2014382809708650922,23,1,2,0,0,0,0,0,0,1,0,0,0
2002115950557212762,"Fri, Dec 19, 2025","@Tma_420 I just want a phone call with this guy 🤪 but fr, that's the game here.",https://x.com/Tuteth_/status/2002115950557212762,97,3,4,0,0,0,0,0,1,0,0,0,0
1998773815623532737,"Wed, Dec 10, 2025",Only 4 days left in the Good Vibes Club x Xeet Campaign. 25k up for grabs. I'm currently in 2nd place. What's really rad about this leaderboard is that it's predominantly real humans xeeting about GVC. GG XEET team for figuring this out. https://t.co/d7YQCRJYy4,https://x.com/Tuteth_/status/1998773815623532737,1271,37,161,0,0,0,18,0,4,49,0,0,0
2014410251869573467,"Thu, Jan 22, 2026",@CrypSaf @deadbitnation i do it all habibi,https://x.com/Tuteth_/status/2014410251869573467,210,1,2,0,0,0,0,0,1,0,0,0,0
1993411572669333674,"Tue, Nov 25, 2025",@waleswoosh Went from solo builder to a founder with 5000+ holders of my art. Got 2nd in stay loudio on a thesis about the impact of artists to prove a point. Had my second child,https://x.com/Tuteth_/status/1993411572669333674,257,4,10,0,0,0,1,0,4,1,0,0,0
2013696276483674475,"Tue, Jan 20, 2026",@enrique__t thank you,https://x.com/Tuteth_/status/2013696276483674475,23,1,2,0,0,0,0,0,1,0,0,0,0
2011586391977967754,"Wed, Jan 14, 2026",@mariannehere No lies,https://x.com/Tuteth_/status/2011586391977967754,154,4,5,0,0,0,1,0,0,0,0,0,0
2009989786136912122,"Sat, Jan 10, 2026",@dazzlercoin @xeetdotai I see you Bewise,https://x.com/Tuteth_/status/2009989786136912122,51,0,2,0,0,0,1,0,0,1,0,0,0
2006530417328066972,"Thu, Jan 1, 2026","@Jampzey This is why I say : chop wood, carry water. We just keep showing up. Happy we’ve connected and I’m pumped for 2026",https://x.com/Tuteth_/status/2006530417328066972,107,2,2,0,0,0,0,0,0,0,0,0,0
2012576698013721081,"Sat, Jan 17, 2026","@serpinxbt This is what makes me sad, though - the core concept of bags is what we should be building here. A core concept of this space should always be to treat it as a sandbox for innovative financialized ideas on chain. fckn degens ruin everything.",https://x.com/Tuteth_/status/2012576698013721081,53,1,2,0,0,0,0,0,1,0,0,0,0
1990921513026158754,"Tue, Nov 18, 2025",@davidonchainx I didn’t get a dm - you are missing out a generational talent ser,https://x.com/Tuteth_/status/1990921513026158754,276,8,22,0,0,0,2,0,7,5,0,0,0
2010429634287198573,"Sun, Jan 11, 2026",@0xValmir @grok the fuk is going on,https://x.com/Tuteth_/status/2010429634287198573,19,0,0,0,0,0,0,0,0,0,0,0,0
2013088541434134771,"Mon, Jan 19, 2026",UPDATE: we now have article titles. https://t.co/oY9wjbIWbZ,https://x.com/Tuteth_/status/2013088541434134771,320,5,32,0,0,0,0,0,1,0,0,0,0
2013280908900532532,"Mon, Jan 19, 2026",@0xHeisenbruh MegaETH is the next step for crypto,https://x.com/Tuteth_/status/2013280908900532532,64,3,3,0,0,0,0,0,0,0,0,0,0
2014408439531741426,"Thu, Jan 22, 2026","@cocoedasf_ @deadbitnation try the app, it's easy",https://x.com/Tuteth_/status/2014408439531741426,160,0,1,0,0,0,0,0,1,0,0,0,0
2012276548645143022,"Fri, Jan 16, 2026",@R2D2zen I am walking through the window.,https://x.com/Tuteth_/status/2012276548645143022,40,0,0,0,0,0,0,0,0,0,0,0,0
2012489448231948298,"Sat, Jan 17, 2026",@chefgoose The irony would be so good,https://x.com/Tuteth_/status/2012489448231948298,63,2,3,0,0,0,0,0,0,1,0,0,0
1989359136388067344,"Fri, Nov 14, 2025","Our Brains Are Fried Yesterday was the most dystopian day I have ever had on X, and it left me genuinely worried about our future. We have reached a point where nobody trusts anyone. Here is what happened: 1. I replied to a @0xDith post with a fully original, human-written https://t.co/HfTk8MowCo",https://x.com/Tuteth_/status/1989359136388067344,2332,46,322,1,0,0,19,2,23,90,0,0,0
2010050569038377466,"Sat, Jan 10, 2026",@Tyleryapler always puking on me.,https://x.com/Tuteth_/status/2010050569038377466,14,1,3,0,0,0,1,0,0,1,0,0,0
2014056461509214519,"Wed, Jan 21, 2026",@AzeezDephi @megaeth Not gonna be me,https://x.com/Tuteth_/status/2014056461509214519,57,1,1,0,0,0,0,0,0,0,0,0,0
2013661408869638255,"Tue, Jan 20, 2026",@serpinxbt do it.,https://x.com/Tuteth_/status/2013661408869638255,62,1,4,0,0,0,0,0,1,2,0,0,0
2009347149826543830,"Thu, Jan 8, 2026",@EJRWEB3 @CryptoGorilla @Polymarket BRING IT THE FUCK ON LOL,https://x.com/Tuteth_/status/2009347149826543830,43,1,3,0,0,0,2,0,0,0,0,0,0
1988702531808276601,"Wed, Nov 12, 2025","Hey @nikitabier my account is back on desktop, but iphone is still stuck in infinite yubikey loop - also, X told me reset my yubikey and now all my 2FA is messed up. so what do i do now?",https://x.com/Tuteth_/status/1988702531808276601,1173,12,33,0,0,0,4,0,5,12,0,0,0
2013267362170961977,"Mon, Jan 19, 2026",@emrizblaq so hard,https://x.com/Tuteth_/status/2013267362170961977,35,0,1,0,0,0,0,0,1,0,0,0,0
2010048099818049819,"Sat, Jan 10, 2026","@28muff_ @xeetdotai one second she loves me, then the next I'm a piece of trash",https://x.com/Tuteth_/status/2010048099818049819,54,1,5,0,0,0,1,0,1,2,0,0,0
2003184874262610132,"Mon, Dec 22, 2025","@meta_alchemist Hey, NGL my experience with the prediction market hackathon was left very unfinished and unclear on what is going on. Seems like I was accepted and not accepted all at the same time and I'm left on read in a tg chat. Would love some clarity",https://x.com/Tuteth_/status/2003184874262610132,200,5,15,0,0,0,2,0,7,1,0,0,0
2011413491090084315,"Wed, Jan 14, 2026",@DefiIgnas Same!,https://x.com/Tuteth_/status/2011413491090084315,74,0,0,0,0,0,0,0,0,0,0,0,0
2004673940753711469,"Fri, Dec 26, 2025","@tdkimber @xeetdotai @man_versus_coin @0xdort I know, what a shame. The sad part is that the lesson to be learned is: if you rage bait, you will do well.",https://x.com/Tuteth_/status/2004673940753711469,24,2,3,0,0,0,1,0,0,0,0,0,0
2011621437212352916,"Thu, Jan 15, 2026","@opensea @MetaMask If MetaMask and OpenSea have a TGE this year, I will tattoo both brands on my ass.",https://x.com/Tuteth_/status/2011621437212352916,1624,19,48,0,0,0,5,0,3,21,0,0,0
,,,https://x.com/Tuteth_/status/undefined,0,0,0,0,0,0,0,0,0,0,0,0,0
2013047703299568079,"Mon, Jan 19, 2026",@walsxbt “I’m honored to be working with https://t.co/D40slFQaKi to bring you this message”,https://x.com/Tuteth_/status/2013047703299568079,69,0,0,0,0,0,0,0,0,0,0,0,0
1991213047126319545,"Wed, Nov 19, 2025",7 people bookmarked this post. I hope they’re okay - was just feeling poetic. I’m still bullish bros https://t.co/H5LF92w9Er,https://x.com/Tuteth_/status/1991213047126319545,2271,29,127,1,0,0,14,1,4,47,0,0,0
2009319028947603718,"Thu, Jan 8, 2026",@AzeezDephi exciting to have something like this again.,https://x.com/Tuteth_/status/2009319028947603718,134,2,2,0,0,0,0,0,0,0,0,0,0
2008724784381849754,"Wed, Jan 7, 2026",join here! https://t.co/EnAhj3af50 everyone who signs up gets a free $2',https://x.com/Tuteth_/status/2008724784381849754,251,5,23,0,0,0,2,0,2,8,6,0,0
1999181285781065998,"Thu, Dec 11, 2025","@vibesforreal1 dramafi, who is building this.",https://x.com/Tuteth_/status/1999181285781065998,54,3,4,0,0,0,1,0,0,0,0,0,0
1997856975732744541,"Mon, Dec 8, 2025","""Doodles wahhhh!"" ""Doodles dilution omfgwahhhhh!"" ""25k in THIS MARKET, WHAT ARE THEY THINKINGWAHHHHHH"" How about for once, just let a creative master express his vision without sounding like the laziest Walmart-shopping mom with the worst halitosis on earth. When did it",https://x.com/Tuteth_/status/1997856975732744541,26244,306,932,9,0,6,78,19,81,439,0,0,0
2011134494154109251,"Tue, Jan 13, 2026","@emilios_eth @thedankoe This gave me an idea, vibe code ab app that optimized long from structure",https://x.com/Tuteth_/status/2011134494154109251,137,0,1,0,0,0,1,0,0,0,0,0,0
2010022859050271000,"Sat, Jan 10, 2026",@Nxtlvl @xeetdotai I share a lot on the TL!,https://x.com/Tuteth_/status/2010022859050271000,23,1,1,0,0,0,0,0,0,0,0,0,0
2003910362475970622,"Wed, Dec 24, 2025","@Brielle_bliss National treasure, damn",https://x.com/Tuteth_/status/2003910362475970622,99,3,4,0,0,0,0,0,1,0,0,0,0
2010053995403063542,"Sat, Jan 10, 2026","@mert lma, banger MERTY",https://x.com/Tuteth_/status/2010053995403063542,68,0,0,0,0,0,0,0,0,0,0,0,0
2013668488284450972,"Tue, Jan 20, 2026",@SOLsesame this is really good man - thank you,https://x.com/Tuteth_/status/2013668488284450972,1020,1,2,0,0,0,0,0,1,0,0,0,0
2010059180452016327,"Sat, Jan 10, 2026",@SOLsesame my dev is from india and he cooks harder than anyone I know.,https://x.com/Tuteth_/status/2010059180452016327,1285,17,63,1,0,0,1,0,42,3,0,0,0
2004673275008606677,"Fri, Dec 26, 2025",@tdkimber @xeetdotai @man_versus_coin @0xdort The real dark side of it is that post got him a lot of sweets. lol,https://x.com/Tuteth_/status/2004673275008606677,58,2,5,0,0,0,1,0,0,2,0,0,0
2013061173021745505,"Mon, Jan 19, 2026",@buildinginweb3 I have my tricks https://t.co/ika6mDJyXZ,https://x.com/Tuteth_/status/2013061173021745505,76,1,3,0,0,0,0,0,1,0,0,0,0
2013679324910461130,"Tue, Jan 20, 2026",@meta_alchemist you know I do!,https://x.com/Tuteth_/status/2013679324910461130,199,2,3,0,0,0,0,0,1,0,0,0,0
2012919561671131565,"Sun, Jan 18, 2026",@kolkrypt not the same i thinnk,https://x.com/Tuteth_/status/2012919561671131565,7,1,2,0,0,0,1,0,0,0,0,0,0
2013259561365299330,"Mon, Jan 19, 2026",@webktsr @stogolp Thank you!,https://x.com/Tuteth_/status/2013259561365299330,60,0,0,0,0,0,0,0,0,0,0,0,0
2011133629922259082,"Tue, Jan 13, 2026",@Pons_ETH Let’s run it back! Lol,https://x.com/Tuteth_/status/2011133629922259082,67,1,4,0,0,0,0,0,2,1,0,0,0
1990490898015064238,"Mon, Nov 17, 2025",".I'm super excited to share that tut™ has received a $5000 grant from Rarible. This grant is set up to support independent artist and builders like myself. Tut™ will be using this grant to further build in the @megaeth ecosystem, starting with @deadbitnation and https://t.co/xFmoRSvSat",https://x.com/Tuteth_/status/1990490898015064238,15898,236,924,5,0,7,110,24,89,368,0,0,0
2014699610107744424,"Fri, Jan 23, 2026",@meowkillmeow @korssum @deadbitnation Suh,https://x.com/Tuteth_/status/2014699610107744424,43,2,5,0,0,0,1,0,0,2,0,0,0
2013071763026907419,"Mon, Jan 19, 2026",@BetmanJoe is that Joe Betman?!,https://x.com/Tuteth_/status/2013071763026907419,56,1,4,0,0,0,1,0,0,2,0,0,0
2013047276701090136,"Mon, Jan 19, 2026",@sayinshallah @megaeth Same - Starting to really think about the implications.,https://x.com/Tuteth_/status/2013047276701090136,55,1,1,0,0,0,0,0,0,0,0,0,0
2010902133269205420,"Tue, Jan 13, 2026","@maccurated oh damn, we are so back",https://x.com/Tuteth_/status/2010902133269205420,92,2,6,0,0,0,1,0,3,0,0,0,0
2004705102737936485,"Sat, Dec 27, 2025",@Jampzey Love this brother. I’m genuinely so excited for 2026,https://x.com/Tuteth_/status/2004705102737936485,159,2,3,0,0,0,1,0,0,0,0,0,0
2014072993291350199,"Wed, Jan 21, 2026",@AzFlin low key peppa is brilliant,https://x.com/Tuteth_/status/2014072993291350199,56,1,3,0,0,0,0,0,0,2,0,0,0
2013802853941284949,"Wed, Jan 21, 2026",@Degenplayer_1 haha we're all in the same boat brother.,https://x.com/Tuteth_/status/2013802853941284949,17,1,2,0,0,0,1,0,0,0,0,0,0
1995625980208066737,"Mon, Dec 1, 2025","MASSIVE opportunity for content creators - especially if you're growing your account. Xeet just partnered with Good Vibes Club on a mindshare campaign. The deets: - 20k up for grabs - 3 GVC NFTs (5k each) - Top 25 winners The competition lasts only 15 days, and the market is",https://x.com/Tuteth_/status/1995625980208066737,1985,48,148,5,0,0,31,1,4,64,0,0,0
2012555579835691510,"Sat, Jan 17, 2026",@Cyberworld001 Thank you !,https://x.com/Tuteth_/status/2012555579835691510,12,1,1,0,0,0,0,0,0,0,0,0,0
2014783800996438154,"Fri, Jan 23, 2026",@lia_rocks888 @badbunnz_ @0xAlphaGEMs And you’re a lil!,https://x.com/Tuteth_/status/2014783800996438154,59,1,4,0,0,0,1,0,2,0,0,0,0
2012344426371190952,"Sat, Jan 17, 2026",@R3birth You should see our OF models.,https://x.com/Tuteth_/status/2012344426371190952,2,1,1,0,0,0,0,0,0,0,0,0,0
2007629083728064909,"Sun, Jan 4, 2026",@frankdegods using claude and cursor all day every day rn,https://x.com/Tuteth_/status/2007629083728064909,1177,6,15,2,0,0,1,0,5,3,0,0,0
2012464551048954307,"Sat, Jan 17, 2026","@mpozzecco my man, this really is about artists and creatives doing this type of work",https://x.com/Tuteth_/status/2012464551048954307,43,1,2,0,0,0,1,0,0,0,0,0,0
2009607501344575496,"Fri, Jan 9, 2026","hey tut what's up? nothing, just about to change the art world forever. https://t.co/NbiXJMpsLD",https://x.com/Tuteth_/status/2009607501344575496,1362,65,127,0,0,0,15,2,9,21,0,0,0
1998845697190203468,"Wed, Dec 10, 2025","We are on the front lines of the Human vs. AI debate, and the implications are genuinely terrifying. //On Crypto Twitter Side: Inf0Fi has hit a wall. The mood on X is that AI bots are making the app unusable. You spend years building your account, only for replies to be ten bots https://t.co/22qIpzFubz",https://x.com/Tuteth_/status/1998845697190203468,1835,36,146,0,1,0,13,3,7,46,0,0,0
2013683720905977927,"Tue, Jan 20, 2026","@fvckingdegen @MetaAlchemist haha you know it, lets chat in tg about some new stuff, going to activate the chat today",https://x.com/Tuteth_/status/2013683720905977927,31,1,1,0,0,0,0,0,0,0,0,0,0
2011944571148571069,"Thu, Jan 15, 2026","@SOLsesame Option 2 The white on awesome green has some serious punch. The green bg allows for a shadow, tap The banner keeps the fun vibe and represents the 100k. 1 tap = 100k images. SEEEEEEEE IT https://t.co/akOKGQowst",https://x.com/Tuteth_/status/2011944571148571069,289,3,32,0,0,0,1,0,1,13,0,0,0
2008557612095467544,"Tue, Jan 6, 2026",@forexus @0xPiracyData @rarifoundation @megaeth @rarible @enjoyooors @fimmonaci @artnesh @nygi_xxv the real ones know,https://x.com/Tuteth_/status/2008557612095467544,33,4,6,0,0,0,0,0,0,2,0,0,0
2010065443223155070,"Sat, Jan 10, 2026",@TheCarpenter samesies 🫶,https://x.com/Tuteth_/status/2010065443223155070,8,1,2,0,0,0,1,0,0,0,0,0,0
1991200074785780021,"Wed, Nov 19, 2025",@AlexIsBuilding we should have a competition and see whos method works better.,https://x.com/Tuteth_/status/1991200074785780021,78,3,4,0,0,0,1,0,0,0,0,0,0
2009989463238459491,"Sat, Jan 10, 2026",@xerocooleth @xeetdotai https://t.co/ZXCBDlDTKe,https://x.com/Tuteth_/status/2009989463238459491,85,0,2,0,0,0,0,0,2,0,0,0,0
2012885266277544099,"Sun, Jan 18, 2026",@badbunnz_ Wen bad bunzz vs tut tps competition,https://x.com/Tuteth_/status/2012885266277544099,159,2,3,0,0,0,0,0,1,0,0,0,0
2003505670478520614,"Tue, Dec 23, 2025","@Chilearmy123 Sucks, man. This is some Gen Z new age of community management where you dunk on people giving real feedback. Shame.",https://x.com/Tuteth_/status/2003505670478520614,388,7,11,0,0,0,0,0,0,4,0,0,0
1988739851076976875,"Wed, Nov 12, 2025",@ACthreeNFT @jessthemessx4 @PumpkinKing72 @thepeengwin @rocksonabstract @_jeremy_two @PotLady_ @7whtarenfts7 @jed_131 @digital_tomato @Mulletman451 @PlatyMama_ @baka_artist @AgogoKaren @AlyssaDerstine @whenlamboBU @MagicMikeEditss @pwniR3birth @Web3Karina @itzmemoryyy How do I mute this godforsaken thread?,https://x.com/Tuteth_/status/1988739851076976875,97,7,14,0,0,0,3,0,0,4,0,0,0
2014404009298108784,"Thu, Jan 22, 2026",@AzFlin oh yeah - then having to chang test api keys to live api keys. HAVE FUNNNNNNN,https://x.com/Tuteth_/status/2014404009298108784,61,0,0,0,0,0,0,0,0,0,0,0,0
2014412754946285768,"Thu, Jan 22, 2026",@supertonneau @deadbitnation its so fun to ship ideas quickly,https://x.com/Tuteth_/status/2014412754946285768,143,2,7,0,0,0,2,0,1,2,0,0,0
1992021621209702725,"Sat, Nov 22, 2025","@AzFlin being a virgin is cool, okay",https://x.com/Tuteth_/status/1992021621209702725,906,8,16,0,0,0,1,0,4,3,0,0,0
2007091379860627885,"Fri, Jan 2, 2026","I am so honored to have someone as dope as @merheb rocking tut™ fashion. As a reminder, this drop was the first limited-edition tut fashion - only 69 will ever be produced. This is collectible fashion, and the purchase is verified on-chain for future consideration. tut™ in",https://x.com/Tuteth_/status/2007091379860627885,2058,49,150,1,0,0,25,2,9,65,0,0,0
2011995664276742367,"Fri, Jan 16, 2026","@RealDuckMaster @Pons_ETH @scottybmitch @tolibear_ @CarloGarcia @xeetdotai I was in NFT worlds when that happened, and this reminds me of that too. shame",https://x.com/Tuteth_/status/2011995664276742367,156,3,9,0,0,0,1,0,3,2,0,0,0
2012915326569070906,"Sun, Jan 18, 2026",@meta_alchemist https://t.co/y4vixkCcIF,https://x.com/Tuteth_/status/2012915326569070906,51,1,2,0,0,0,0,0,0,1,0,0,0
2013288844578140199,"Mon, Jan 19, 2026",@signatureXNG @stogolp every 2 hours,https://x.com/Tuteth_/status/2013288844578140199,48,1,3,0,0,0,1,0,0,1,0,0,0
2009264831438659638,"Thu, Jan 8, 2026",Also curious. When did so many American citizens decide that giving up their civil liberties was cool? I thought you were all about individual freedom and opposed to government overreach. Now I see many of you cheering as the government kills a US citizen for what amounts to a,https://x.com/Tuteth_/status/2009264831438659638,1732,31,78,0,0,0,10,0,2,35,0,0,0
1989463710377861306,"Fri, Nov 14, 2025",Show me someone who has a better overall xeet performance than me. This is peak marketing skills by your resident artist. https://t.co/tg7eQaxtMi,https://x.com/Tuteth_/status/1989463710377861306,2100,44,165,0,0,0,19,2,10,62,0,0,0
2010062988821315860,"Sat, Jan 10, 2026",BREAKING 🚨 X is about to open source its algorithm in 7 days. We are so back!,https://x.com/Tuteth_/status/2010062988821315860,1169,41,93,1,0,0,14,0,3,35,0,0,0
1994153705562611990,"Thu, Nov 27, 2025",My Prediction Market app is taking amazing shape! Polymarket API = ✅ Polymarket Affiliate link = ✅ Myriad API = ◌ Kalshi API = ◌ Limitless API = ◌ Opinion API = ◌ Still looking for testers! LMK! The Prediction Market - Track all markets in once place https://t.co/YsjhhGfSee,https://x.com/Tuteth_/status/1994153705562611990,2348,75,294,5,1,1,33,3,21,65,0,0,0
2011134630905499970,"Tue, Jan 13, 2026","@munchPRMR That is literally my way. And my life doesn’t have to change dramatically, just enjoy doing things.",https://x.com/Tuteth_/status/2011134630905499970,73,2,2,0,0,0,0,0,0,0,0,0,0
2010051526476365843,"Sat, Jan 10, 2026",@Tyleryapler I have a 4 year old too. double whammy.,https://x.com/Tuteth_/status/2010051526476365843,8,1,3,0,0,0,1,0,0,1,0,0,0
2012471345813094821,"Sat, Jan 17, 2026",@kolkrypt find your edge and go,https://x.com/Tuteth_/status/2012471345813094821,18,1,1,0,0,0,0,0,0,0,0,0,0
2005269499977797784,"Sun, Dec 28, 2025",@Soathefirstt @WCNetizens where did the bread come from?,https://x.com/Tuteth_/status/2005269499977797784,91,2,6,0,0,0,1,0,1,2,0,0,0
2012500720390451313,"Sat, Jan 17, 2026",@Disob340 lol - it was the finger image,https://x.com/Tuteth_/status/2012500720390451313,27,0,1,0,0,0,1,0,0,0,0,0,0
2012498514735988998,"Sat, Jan 17, 2026",@AzFlin I would not speak like that. Nikita will block you,https://x.com/Tuteth_/status/2012498514735988998,223,1,7,0,0,0,1,0,3,2,0,0,0
2013824596655382706,"Wed, Jan 21, 2026",@Jampzey that poor dog,https://x.com/Tuteth_/status/2013824596655382706,281,2,3,0,0,0,0,0,1,0,0,0,0
1997346037657186551,"Sat, Dec 6, 2025",MORE TUT FASHION,https://x.com/Tuteth_/status/1997346037657186551,1454,40,66,0,0,0,11,1,6,8,0,0,0
2012487239171797432,"Sat, Jan 17, 2026",@Denis_ka101 i think so!,https://x.com/Tuteth_/status/2012487239171797432,29,2,5,0,0,0,1,0,0,2,0,0,0
1987997227768291795,"Mon, Nov 10, 2025",@walsxbt @xeetdotai 1 xeet = $100,https://x.com/Tuteth_/status/1987997227768291795,190,4,12,0,0,0,2,0,1,5,0,0,0
2009791172810883402,"Sat, Jan 10, 2026","It is 100% clear that the woman in Minnesota was not trying to run over the officer. She was trying to flee. 1. You can see an officer walking towards her, saying ""get out of the car."" It is at that moment she starts her action to flee. (00:35) 2. After the officer asks her",https://x.com/Tuteth_/status/2009791172810883402,2404,37,87,0,0,0,10,0,4,36,0,0,0
2012277665563099371,"Fri, Jan 16, 2026","@lokithebird oh nice, a nakamigos",https://x.com/Tuteth_/status/2012277665563099371,197,2,2,0,0,0,0,0,0,0,0,0,0
2012256825710723532,"Fri, Jan 16, 2026",@WatcherGuru this should remove the ai slop!,https://x.com/Tuteth_/status/2012256825710723532,153,2,3,0,0,0,0,0,1,0,0,0,0
2003229744314363980,"Mon, Dec 22, 2025",@0xKnownxd jfc. same shit different chain.,https://x.com/Tuteth_/status/2003229744314363980,15,3,4,0,0,0,1,0,0,0,0,0,0
2011471080079200659,"Wed, Jan 14, 2026",The deadbit nation team is so cracked fo this 😂😂😂,https://x.com/Tuteth_/status/2011471080079200659,819,26,66,0,0,0,15,1,1,23,0,0,0
1987156537757082052,"Sat, Nov 8, 2025",@pixilyssa love it,https://x.com/Tuteth_/status/1987156537757082052,166,3,5,0,0,0,1,0,1,0,0,0,0
2014770918716014894,"Fri, Jan 23, 2026",@badbunnz_ @PrismFi_ @megaeth My boys don’t stop,https://x.com/Tuteth_/status/2014770918716014894,80,1,2,0,0,0,0,0,0,1,0,0,0
2014699670237274567,"Fri, Jan 23, 2026",@badlydrawnbarry Wait until the Barry generator is up,https://x.com/Tuteth_/status/2014699670237274567,61,2,2,0,0,0,0,0,0,0,0,0,0
1991650592075272213,"Thu, Nov 20, 2025",Surprised more Abstract chain users aren’t all jumping on to share ideas here. The OG post hast 5 r/t This is an invitation to share your ideas.,https://x.com/Tuteth_/status/1991650592075272213,385,7,17,1,0,0,3,0,3,4,0,0,0
1996653521253573081,"Thu, Dec 4, 2025",@im_Duckynft @deadbitnation @DingOnchain you need some bread?,https://x.com/Tuteth_/status/1996653521253573081,194,3,9,0,0,0,1,0,0,5,0,0,0
2003468745549971964,"Tue, Dec 23, 2025",Make sure you scroll down to see your booty type based on your X account. And the present I gave you. https://t.co/pyqSO6shgX,https://x.com/Tuteth_/status/2003468745549971964,807,12,66,0,0,0,0,0,1,8,0,0,0
2010903143778070849,"Tue, Jan 13, 2026",@eeelistar taking the other side of this bet,https://x.com/Tuteth_/status/2010903143778070849,84,1,3,0,0,0,1,0,0,1,0,0,0
2010820631365865565,"Mon, Jan 12, 2026","Alpha - I found the best CT Content creator list. The @xeetdotai team has put together their top 120 vetted creators on X in this list. You really can't find a better balance of creators on x to network with. These are creators who are grinding, educating, and most https://t.co/VH9CsVojT4",https://x.com/Tuteth_/status/2010820631365865565,3923,131,414,14,0,6,42,3,68,105,0,0,0
2010049742873735336,"Sat, Jan 10, 2026","@28muff_ @xeetdotai I Stroke the xeet algo so hard, still playing with me.",https://x.com/Tuteth_/status/2010049742873735336,8,1,4,0,0,0,1,0,0,2,0,0,0
2007639842382115198,"Sun, Jan 4, 2026",Maduro walking into DEA custody in NYC looks like an NBA pre-game tunnel fit walk. Dude looks like he's about to drop 40 and 10. https://t.co/BsS53ZDl61,https://x.com/Tuteth_/status/2007639842382115198,5621,36,166,4,0,0,22,1,0,75,0,0,0
2010921001316393010,"Tue, Jan 13, 2026","@Luongson94 yup, trying it rn",https://x.com/Tuteth_/status/2010921001316393010,85,0,0,0,0,0,0,0,0,0,0,0,0
2013330140151820676,"Mon, Jan 19, 2026",@CryptoKaleo nice,https://x.com/Tuteth_/status/2013330140151820676,126,0,0,0,0,0,0,0,0,0,0,0,0
1990497694524321880,"Mon, Nov 17, 2025",@0xCelebrant @megaeth @deadbitnation no problem https://t.co/DzyC73zHhT,https://x.com/Tuteth_/status/1990497694524321880,72,3,4,0,0,0,0,0,0,0,0,0,0
2012583596997980375,"Sat, Jan 17, 2026",@batzdu bahahahaha,https://x.com/Tuteth_/status/2012583596997980375,124,0,1,0,0,0,0,0,0,1,0,0,0
1991605545233485930,"Thu, Nov 20, 2025",@0xWalido yes ser,https://x.com/Tuteth_/status/1991605545233485930,48,3,4,0,0,0,0,0,1,0,0,0,0
2011627224278118780,"Thu, Jan 15, 2026",@_RedArctic_ @opensea @MetaMask fuk,https://x.com/Tuteth_/status/2011627224278118780,57,0,1,0,0,0,0,0,1,0,0,0,0
2009780973244694714,"Sat, Jan 10, 2026",@DeeZe Generated around 3K from payouts in 2025.,https://x.com/Tuteth_/status/2009780973244694714,351,3,16,0,0,0,1,0,11,1,0,0,0
2011946222852981067,"Thu, Jan 15, 2026",@SOLsesame this has a vibe https://t.co/ZlF5u3yIXL,https://x.com/Tuteth_/status/2011946222852981067,96,1,11,0,0,0,1,0,1,2,0,0,0
2002120643471679507,"Fri, Dec 19, 2025",@XCOPYART i like it,https://x.com/Tuteth_/status/2002120643471679507,266,3,3,0,0,0,0,0,0,0,0,0,0
2001701357036671404,"Thu, Dec 18, 2025",@0xWalido @badbunnz_ Baked and caked!,https://x.com/Tuteth_/status/2001701357036671404,141,5,9,0,0,0,1,0,3,0,0,0,0
1990441291507732541,"Mon, Nov 17, 2025",@Alex_GPEG @AbstractChain niiice,https://x.com/Tuteth_/status/1990441291507732541,131,4,8,0,0,0,1,0,0,3,0,0,0
2012261919722283195,"Fri, Jan 16, 2026",@CryptoBlckParty @tapdotfun https://t.co/346gulDd8s,https://x.com/Tuteth_/status/2012261919722283195,17,1,2,0,0,0,1,0,0,0,0,0,0
2013332588555891097,"Mon, Jan 19, 2026",@serpinxbt Agree with serp here,https://x.com/Tuteth_/status/2013332588555891097,50,0,1,0,0,0,0,0,0,1,0,0,0
2014769000333640188,"Fri, Jan 23, 2026",@CrypSaf @badbunnz_ @0xAlphaGEMs Best community in crypto,https://x.com/Tuteth_/status/2014769000333640188,122,1,2,0,0,0,0,0,1,0,0,0,0
2014426339965599974,"Thu, Jan 22, 2026",@AzeezDephi more coming,https://x.com/Tuteth_/status/2014426339965599974,13,1,1,0,0,0,0,0,0,0,0,0,0
2003995442712035328,"Thu, Dec 25, 2025",Bake your cookies here: https://t.co/6lsfIm19ZR,https://x.com/Tuteth_/status/2003995442712035328,482,16,75,0,0,0,2,0,1,30,26,0,0
2007165651820142986,"Fri, Jan 2, 2026","@CrypSaf check my 2026 goals, you'll like the humour in response to this, lol",https://x.com/Tuteth_/status/2007165651820142986,33,2,4,0,0,0,0,0,2,0,0,0,0
2010192313159745738,"Sun, Jan 11, 2026",@tdkimber get on @MezoNetwork,https://x.com/Tuteth_/status/2010192313159745738,97,2,3,0,0,0,1,0,0,0,0,0,0
2011412995927327205,"Wed, Jan 14, 2026",@swankyjohnx gm swanky,https://x.com/Tuteth_/status/2011412995927327205,25,0,0,0,0,0,0,0,0,0,0,0,0
2008695001983656134,"Wed, Jan 7, 2026",@CoinbaseMarkets YALLA MEGAETH https://t.co/2XWpp27CRR,https://x.com/Tuteth_/status/2008695001983656134,506,7,16,0,0,1,0,1,3,2,0,0,0
2003152022707798082,"Mon, Dec 22, 2025","@punk9059 Check notes: Trump is further reinforcing the ""don't take this seriously"" narrative.",https://x.com/Tuteth_/status/2003152022707798082,245,6,9,0,0,0,0,0,1,2,0,0,0
2015357960088633607,"Sun, Jan 25, 2026",@0xWalido lmao,https://x.com/Tuteth_/status/2015357960088633607,581,1,2,0,0,0,0,0,1,0,0,0,0
2011905541266948222,"Thu, Jan 15, 2026",@emrizblaq the oven stays on for sure!,https://x.com/Tuteth_/status/2011905541266948222,7,0,0,0,0,0,0,0,0,0,0,0,0
2012587592881971496,"Sat, Jan 17, 2026",@tenitoka_eth @gmoneyNFT My git hub has like 25 repositories. lol,https://x.com/Tuteth_/status/2012587592881971496,13,0,3,0,0,0,0,0,1,2,0,0,0
1991525700101370300,"Thu, Nov 20, 2025","Start here, Fluffle tools built by @0x_ultra It's a dashboard (surprise) of everything not in stealth building on megaETH. more 👇 https://t.co/BIUUSl4xuY",https://x.com/Tuteth_/status/1991525700101370300,698,23,78,5,0,0,1,1,4,21,28,0,0
2010516106935517562,"Mon, Jan 12, 2026",@MeltedMindz This is my workflow too.,https://x.com/Tuteth_/status/2010516106935517562,85,1,1,0,0,0,0,0,0,0,0,0,0
2013827757512307088,"Wed, Jan 21, 2026","@QwQiao I mean, aren't we all working on like 5 repos at a time rn?",https://x.com/Tuteth_/status/2013827757512307088,650,4,8,0,0,0,0,1,0,3,0,0,0
1986855360301543424,"Fri, Nov 7, 2025",I have solved the X bot problem. We turn X into a Video Game. Real human users squirt bot accounts &gt; The bots get nurfed &gt; Human users get some form XP &gt; Trade XP for skins and upgraded squirters. SOLVED https://t.co/SBkKbXiCwS,https://x.com/Tuteth_/status/1986855360301543424,2890,50,169,0,0,0,20,2,8,85,0,0,0
1992976343957389438,"Mon, Nov 24, 2025",The tut™ bakery will be open in a few hours. LOB megaETH mint passes and rarity will be live for trading. This is your final warning. https://t.co/tEdy9GcWos,https://x.com/Tuteth_/status/1992976343957389438,5433,151,565,4,1,0,53,8,74,227,0,0,0
1996727901819994329,"Thu, Dec 4, 2025",@monad hmmmmmmmmmm https://t.co/n98q0DgB5d,https://x.com/Tuteth_/status/1996727901819994329,500,7,65,0,0,0,4,0,1,19,0,0,0
2011892067786801216,"Thu, Jan 15, 2026",@yotdog69 whats next yotttie,https://x.com/Tuteth_/status/2011892067786801216,52,1,1,0,0,0,0,0,0,0,0,0,0
1988758009988972762,"Wed, Nov 12, 2025",Hold on - you didn't get the first limited edition tut™ fashion? And you call yourself an @AbstractChain GIGACHAD?! bru - talk to MrP,https://x.com/Tuteth_/status/1988758009988972762,2234,30,59,0,0,0,8,2,1,18,0,0,0
2009406627045114315,"Thu, Jan 8, 2026",@tolibear_ claude crushed it first try. the ui is banger,https://x.com/Tuteth_/status/2009406627045114315,40,1,5,0,0,0,1,0,0,3,0,0,0
1991597187957158245,"Thu, Nov 20, 2025","KOLs that made bags this cycle from being insiders: ""This cycle was a bull market, if you didn't make a bag, skill issue"" Everyone Else: https://t.co/LtuBu20jqg",https://x.com/Tuteth_/status/1991597187957158245,516,10,27,1,0,1,3,0,1,10,0,0,0
2011134048769540213,"Tue, Jan 13, 2026",@Deebs_DeFi Rate my booty tho,https://x.com/Tuteth_/status/2011134048769540213,52,0,0,0,0,0,0,0,0,0,0,0,0
2010050343204487437,"Sat, Jan 10, 2026",@riderAndrea83 thanks Andrea!,https://x.com/Tuteth_/status/2010050343204487437,38,1,2,0,0,0,0,0,0,1,0,0,0
1996353583458254880,"Wed, Dec 3, 2025","@eeelistar @Polymarket If you had to bet on one pm platform , what would it be Elisa?",https://x.com/Tuteth_/status/1996353583458254880,718,3,21,0,0,1,0,0,13,4,0,0,0
2013291105953918992,"Mon, Jan 19, 2026","@signatureXNG @stogolp the api takes a few minutes, it will come",https://x.com/Tuteth_/status/2013291105953918992,22,0,3,0,0,0,2,0,1,0,0,0,0
2009303562581418320,"Thu, Jan 8, 2026",Traditional education is so cooked I just asked my college to provide API keys so I can build advanced educational tools for professors to keep up with students in the time of AI. This was their response... https://t.co/AvQgo5ALh7,https://x.com/Tuteth_/status/2009303562581418320,458,8,22,0,2,0,2,0,0,7,0,0,0
2011835208283074611,"Thu, Jan 15, 2026",@man_versus_coin it's really over i think.,https://x.com/Tuteth_/status/2011835208283074611,55,1,4,0,0,0,1,0,0,2,0,0,0
2007616102814363779,"Sun, Jan 4, 2026","Having kids is hands down the most emotionally unhinged experience there is. I went away for a week with my wife and our two kids. By night three, my wife and I were ready to ship our four-year-old daughter back to the devil who brought her here. We were cooked. Three full, https://t.co/zfObs1g50E",https://x.com/Tuteth_/status/2007616102814363779,3682,100,396,2,0,0,35,1,17,109,0,0,0
2012274560788308196,"Fri, Jan 16, 2026",@0xCryptozemoon come on in!,https://x.com/Tuteth_/status/2012274560788308196,34,1,2,0,0,0,1,0,0,0,0,0,0
2013443222479978629,"Tue, Jan 20, 2026",@jackbutcher this hurts jack.,https://x.com/Tuteth_/status/2013443222479978629,111,0,0,0,0,0,0,0,0,0,0,0,0
2006068143706239209,"Tue, Dec 30, 2025","@levithefirst @xeetdotai @MezoNetwork just researching, their intention is to reward browsing.",https://x.com/Tuteth_/status/2006068143706239209,33,3,7,0,0,0,1,0,0,3,0,0,0
2009643923040604175,"Fri, Jan 9, 2026",@0xCryptozemoon @xeetdotai ez,https://x.com/Tuteth_/status/2009643923040604175,23,2,2,0,0,0,0,0,0,0,0,0,0
2000631225636249707,"Mon, Dec 15, 2025",@opensea https://t.co/E7x0xB7Foj,https://x.com/Tuteth_/status/2000631225636249707,1877,7,16,1,0,1,1,0,4,3,0,0,0
1993399129897419163,"Tue, Nov 25, 2025","@megaeth Respect the transparency, thank you for taking attention away from my Bakery going down with @rarible . megaETH lives another day",https://x.com/Tuteth_/status/1993399129897419163,1470,8,24,0,0,0,0,0,7,9,0,0,0
2009373343737057586,"Thu, Jan 8, 2026","@NoahGreenSnow yes, exactly.",https://x.com/Tuteth_/status/2009373343737057586,21,0,0,0,0,0,0,0,0,0,0,0,0
2011776403474162133,"Thu, Jan 15, 2026",@dazzlercoin @MezoNetwork LOOKING GOOD 😭😭😭,https://x.com/Tuteth_/status/2011776403474162133,24,0,4,0,0,0,1,0,0,3,0,0,0
1991556608946774323,"Thu, Nov 20, 2025",@MoarkyMoark Moark this is you on CT: https://t.co/DJiqpSulfu,https://x.com/Tuteth_/status/1991556608946774323,192,3,8,0,0,0,1,1,0,3,0,0,0
2010889081463665019,"Tue, Jan 13, 2026",@Ahmedhaq01 @deadbitnation yes and memecoin,https://x.com/Tuteth_/status/2010889081463665019,26,1,2,0,0,0,1,0,0,0,0,0,0
2012321126328791349,"Sat, Jan 17, 2026","@tapdotfun dece, looks very gamer vs. iconic legacy that you were going for but it's clean as fuck",https://x.com/Tuteth_/status/2012321126328791349,683,4,10,0,0,0,0,0,2,4,0,0,0
2009776982720979277,"Fri, Jan 9, 2026",@bread_ She has a crush on u,https://x.com/Tuteth_/status/2009776982720979277,152,3,4,0,0,0,1,0,0,0,0,0,0
2014541480870764812,"Fri, Jan 23, 2026",@zacxbt yes please,https://x.com/Tuteth_/status/2014541480870764812,54,1,3,0,0,0,0,0,0,2,0,0,0
2012284172379783402,"Fri, Jan 16, 2026",@khaleed_th More on that soon,https://x.com/Tuteth_/status/2012284172379783402,33,0,2,0,0,0,1,0,0,1,0,0,0
2014083838473912324,"Wed, Jan 21, 2026",@meta_alchemist going to create a tutorial for this.,https://x.com/Tuteth_/status/2014083838473912324,773,15,43,0,0,0,3,0,18,7,0,0,0
1999142381166158267,"Thu, Dec 11, 2025",Abstractions and tut™ fam. We are migrating to the encrypted group chats on X. Please update your X app. We will be purging inactives as well. https://t.co/dXRu5AIb2u,https://x.com/Tuteth_/status/1999142381166158267,3401,56,183,0,0,1,29,1,12,84,0,0,0
1990119080137732337,"Sun, Nov 16, 2025","@icobeast 100% - in 2021 during NFT Bull run, you could log in to twitter, find somebody shilling a new mint, go mint, and get a 10x on your investment in under 12 hours. When was the last time you seen someone flexing on the tl?",https://x.com/Tuteth_/status/1990119080137732337,2912,14,27,1,0,0,2,0,2,9,0,0,0
2011925195297067289,"Thu, Jan 15, 2026",@tapdotfun I will never forgive u https://t.co/cjeKpM71lx,https://x.com/Tuteth_/status/2011925195297067289,104,3,16,1,0,0,1,0,2,5,0,0,0
1992072104989344201,"Sat, Nov 22, 2025","@TenaciousBit that's every chart ser,",https://x.com/Tuteth_/status/1992072104989344201,346,6,7,0,0,0,1,0,0,0,0,0,0
1999179149869461737,"Thu, Dec 11, 2025","I was pulled into a scandal yesterday involving Good Vibes Club community members and Xeet over their latest campaign. I was labeled a farmer, an alt Xeet anchor account, an extractor, a slop account, and more. lol (For those who know me, you know I'm not any of those.) The https://t.co/p6BNOzCSvc",https://x.com/Tuteth_/status/1999179149869461737,2164,64,221,0,1,0,29,1,17,106,0,0,0
2001298216784994569,"Wed, Dec 17, 2025",GM bulls! The bakery will be pumping out Christmas cookies. https://t.co/lvta34ltXv,https://x.com/Tuteth_/status/2001298216784994569,2380,135,295,2,0,1,63,9,12,65,0,0,0
2012997184514302405,"Sun, Jan 18, 2026",@elonmusk so should x!,https://x.com/Tuteth_/status/2012997184514302405,144,1,1,0,0,0,0,0,0,0,0,0,0
2000970273676300703,"Tue, Dec 16, 2025",@emilios_eth Is anyone taking notes Emilios?,https://x.com/Tuteth_/status/2000970273676300703,220,3,6,0,0,0,1,0,0,2,0,0,0
2012278044572991623,"Fri, Jan 16, 2026","@Tma_420 @opensea @pudgypenguins nice, got it too.",https://x.com/Tuteth_/status/2012278044572991623,146,1,3,0,0,0,0,0,2,0,0,0,0
2012496123420725746,"Sat, Jan 17, 2026",@icobeast @jackbutcher niiice ICO,https://x.com/Tuteth_/status/2012496123420725746,76,2,2,0,0,0,0,0,0,0,0,0,0
1990874605267857413,"Tue, Nov 18, 2025",@0xwakes So we give it one last chance https://t.co/gDEvnykoTM,https://x.com/Tuteth_/status/1990874605267857413,51,5,5,0,0,0,0,0,0,0,0,0,0
1990463441119682819,"Mon, Nov 17, 2025",Looks like my X account is worth 150k/year. Pretty cool feature by @opencampus_xyz and @R3ACHNTWRK. I don't think we are even close to how big creators can get in this space and beyond. Going all in on building your brand has never been better. (link in next tweet) https://t.co/bgnRIZ5Po9,https://x.com/Tuteth_/status/1990463441119682819,1742,25,133,1,0,0,10,0,17,49,0,0,0
1991300148895612948,"Thu, Nov 20, 2025",Do you guys want me to share my most bullish investment thesis for this market? It’s not prediction markets… https://t.co/k2rviCeeA7,https://x.com/Tuteth_/status/1991300148895612948,992,37,95,0,0,0,20,0,7,28,0,0,0
2001749002820391383,"Thu, Dec 18, 2025",mint here: https://t.co/poeSvlnFYx,https://x.com/Tuteth_/status/2001749002820391383,958,9,255,3,1,0,2,0,5,75,164,0,0
2010050383394332849,"Sat, Jan 10, 2026",@Degenplayer_1 he's my guy!,https://x.com/Tuteth_/status/2010050383394332849,25,1,1,0,0,0,0,0,0,0,0,0,0
2011936520215634202,"Thu, Jan 15, 2026",Mr. @SOLsesame asked for my portfolio. I said - just watch me. You can end the competition now. https://t.co/fj1wMsND3q,https://x.com/Tuteth_/status/2011936520215634202,2601,30,189,2,1,0,7,3,45,60,0,0,0
1988778496827748543,"Thu, Nov 13, 2025",CT will be great when the entire 2021 cohort is finally liquidated and gone. Leaving only infoFI slop accts yapping about the same 5 dumb campaigns. https://t.co/JZmHUIzXMp,https://x.com/Tuteth_/status/1988778496827748543,652,27,60,0,0,0,8,0,3,19,0,0,0
2010773294211842133,"Mon, Jan 12, 2026","If you're looking to get exposure to megaETH, I'm advising a great team over at @deadbitnation. They're building an entire IP brand universe in a way that's never been done before in web3. They just announced that along with the Deadbit NFTs, there will be an ecosystem support",https://x.com/Tuteth_/status/2010773294211842133,4160,70,312,4,1,4,23,12,37,166,0,0,0
2011253850616053903,"Wed, Jan 14, 2026",@serpinxbt I had that last night. https://t.co/4FZ9sYfX5Q,https://x.com/Tuteth_/status/2011253850616053903,250,1,2,1,0,0,0,0,1,0,0,0,0
2011417094689317024,"Wed, Jan 14, 2026",@KashKysh We need it,https://x.com/Tuteth_/status/2011417094689317024,69,0,0,0,0,0,0,0,0,0,0,0,0
1999505127607038201,"Fri, Dec 12, 2025","BREAKING You can now apply to become a @xeetdotai certified creator. I made this prediction months ago, and this makes me very bullish on Xeet and the future of creators monetizing their skills. I don't think this evolution stops here - I see a future where Xeet becomes a deal https://t.co/074Ue7cJN0",https://x.com/Tuteth_/status/1999505127607038201,3000,41,158,3,1,0,16,2,14,76,0,0,0
2015358147666292739,"Sun, Jan 25, 2026",@vigneshmani1512 Might end up with another kid,https://x.com/Tuteth_/status/2015358147666292739,2729,3,8,0,0,0,0,0,5,0,0,0,0
2001630932835635338,"Thu, Dec 18, 2025",@cabenX Classic academic vs lived experience response. You don’t agree because you read something. But in reality you have no idea what you’re talking about because you haven’t done it. It’s like having an opinion on what it means to be cat.,https://x.com/Tuteth_/status/2001630932835635338,64,3,6,0,0,0,0,0,0,3,0,0,0
2011588110929575955,"Wed, Jan 14, 2026",@djDriverless Not until mainnet but the communities are starting now,https://x.com/Tuteth_/status/2011588110929575955,58,1,2,0,0,0,0,0,1,0,0,0,0
2011840691274420354,"Thu, Jan 15, 2026",And now Kaito. https://t.co/u2wmcLeMr9,https://x.com/Tuteth_/status/2011840691274420354,192,4,9,0,0,0,0,0,0,3,0,0,0
2013661230234308746,"Tue, Jan 20, 2026",@meta_alchemist gm vibecoders,https://x.com/Tuteth_/status/2013661230234308746,52,1,1,0,0,0,0,0,0,0,0,0,0
2005068376960630939,"Sun, Dec 28, 2025",@Zaddy_Fi solid crew,https://x.com/Tuteth_/status/2005068376960630939,100,2,2,0,0,0,0,0,0,0,0,0,0
2014515373341646889,"Fri, Jan 23, 2026",@Radiant_Eidolon @deadbitnation so good!,https://x.com/Tuteth_/status/2014515373341646889,25,0,2,0,0,0,0,0,0,2,0,0,0
2012945039572299879,"Sun, Jan 18, 2026",@bread_ so what you're saying is gas prices are not affected by heavy chain loads?,https://x.com/Tuteth_/status/2012945039572299879,319,5,8,0,0,0,1,0,1,1,0,0,0
2013082489049305165,"Mon, Jan 19, 2026","@imthatdexter yeah, by doing this I learned there is no central location for all the x articles. Some really cool stuff in there. I HAVE BUILT THE ONLY ONE IN THE WORLD",https://x.com/Tuteth_/status/2013082489049305165,9,1,1,0,0,0,0,0,0,0,0,0,0
2009746425228173324,"Fri, Jan 9, 2026",@TheCarpenter JFC this is sick. my boy is looking hot as fuck,https://x.com/Tuteth_/status/2009746425228173324,106,5,7,0,0,0,1,0,1,0,0,0,0
2013378343136080297,"Mon, Jan 19, 2026",@Jampzey what is this memecoin?,https://x.com/Tuteth_/status/2013378343136080297,87,2,3,0,0,0,0,0,1,0,0,0,0
2012237561217823086,"Fri, Jan 16, 2026",@Pons_ETH @xeetdotai lets chat pons!,https://x.com/Tuteth_/status/2012237561217823086,106,1,4,0,0,1,0,0,2,0,0,0,0
2010102659035099263,"Sat, Jan 10, 2026",@CrypSaf This is actually me today 😭😭😭,https://x.com/Tuteth_/status/2010102659035099263,93,4,4,0,0,0,0,0,0,0,0,0,0
2011896265324577210,"Thu, Jan 15, 2026",@leonabboud bahahahah this is a bad take.,https://x.com/Tuteth_/status/2011896265324577210,78,0,0,0,0,0,0,0,0,0,0,0,0
2003474498356682930,"Tue, Dec 23, 2025",@SickAssPen you know who you are. lol,https://x.com/Tuteth_/status/2003474498356682930,105,5,7,0,1,0,1,0,0,1,0,0,0
2013452099816759659,"Tue, Jan 20, 2026",@AzFlin @GianTheRios take that back lol,https://x.com/Tuteth_/status/2013452099816759659,32,1,3,0,0,0,1,0,0,1,0,0,0
2012554949830250846,"Sat, Jan 17, 2026",@chinsanity HE WILL BLOCK YOU FOR THAT,https://x.com/Tuteth_/status/2012554949830250846,44,1,1,0,0,0,0,0,0,0,0,0,0
2011585037360382088,"Wed, Jan 14, 2026",@deadbitnation Heeeeyyyyvthat way,https://x.com/Tuteth_/status/2011585037360382088,49,0,0,0,0,0,0,0,0,0,0,0,0
2007640541706785048,"Sun, Jan 4, 2026",@tdkimber hahaha I'm dying about this.,https://x.com/Tuteth_/status/2007640541706785048,68,2,2,0,0,0,0,0,0,0,0,0,0
2008714096326365292,"Wed, Jan 7, 2026","We are live with @metafide_ai. A free stimmy for those that use my code, link in next tweet! https://t.co/QC8tjrsK5W",https://x.com/Tuteth_/status/2008714096326365292,816,21,102,0,0,3,8,1,5,50,14,0,0
2012280334826561910,"Fri, Jan 16, 2026",@zaddyfi ready to cook Zaddy,https://x.com/Tuteth_/status/2012280334826561910,48,0,0,0,0,0,0,0,0,0,0,0,0
2014421416272158728,"Thu, Jan 22, 2026",@sosocg01 @deadbitnation whaaaaaaaaaat,https://x.com/Tuteth_/status/2014421416272158728,46,1,3,0,0,0,2,0,0,0,0,0,0
2014406616695660607,"Thu, Jan 22, 2026","I vibe-coded the most dank meme generator for @deadbitnation and Homie. The site is now live for anyone to use. Post your generated homie memes below, and I'll pick 3 of you for a free mint during the Pledge. 24 hours https://t.co/uO0YR6dHtq",https://x.com/Tuteth_/status/2014406616695660607,6827,145,1112,17,3,9,139,24,134,658,0,0,0
2009656198417781012,"Fri, Jan 9, 2026",I'l be going over megaETH nfts from this article! https://t.co/IzjD29nSVA,https://x.com/Tuteth_/status/2009656198417781012,290,6,8,1,0,0,1,1,0,0,0,0,0
2002491207042412616,"Sat, Dec 20, 2025",Elon Musk's hourly wage is up to $6 million per hour.,https://x.com/Tuteth_/status/2002491207042412616,1016,23,62,0,0,0,8,0,3,28,0,0,0
2010427012071276594,"Sun, Jan 11, 2026",@CrypSaf he deleted this post FYI lol,https://x.com/Tuteth_/status/2010427012071276594,111,0,2,0,0,0,1,0,1,0,0,0,0
2013993503727013893,"Wed, Jan 21, 2026",@imthatdexter Im legit scared lol,https://x.com/Tuteth_/status/2013993503727013893,10,0,0,0,0,0,0,0,0,0,0,0,0
1996412546765750677,"Thu, Dec 4, 2025",the social experiment is leaning YES right now. up from 6% &gt; 10% YES https://t.co/QaUpaCSuyi,https://x.com/Tuteth_/status/1996412546765750677,515,6,24,0,0,0,0,0,0,1,0,0,0
1997366978189603207,"Sat, Dec 6, 2025",@goodvibesclub this one went hard too https://t.co/JT5gdTneCk,https://x.com/Tuteth_/status/1997366978189603207,481,12,23,0,0,0,4,0,0,2,0,0,0
2009384120544038996,"Thu, Jan 8, 2026",@WatcherGuru bollocks innit,https://x.com/Tuteth_/status/2009384120544038996,2273,5,20,0,2,0,3,0,8,4,0,0,0
2006346270718464279,"Wed, Dec 31, 2025",@walsxbt You’ll crush it this year Wals. Happy new year to you and yours!,https://x.com/Tuteth_/status/2006346270718464279,75,2,3,0,0,0,1,0,0,0,0,0,0
2012226735043985916,"Fri, Jan 16, 2026","@IcedKnife holy shit, man im sorry",https://x.com/Tuteth_/status/2012226735043985916,213,2,2,0,0,0,0,0,0,0,0,0,0
1987533110263558232,"Sun, Nov 9, 2025",@WatcherGuru I'M SICK OF WINNING,https://x.com/Tuteth_/status/1987533110263558232,3328,9,31,0,0,0,1,0,4,17,0,0,0
2012562323156640091,"Sat, Jan 17, 2026",@mkeylang I have to have a meeting with them,https://x.com/Tuteth_/status/2012562323156640091,8,0,0,0,0,0,0,0,0,0,0,0,0
2012362913013534797,"Sat, Jan 17, 2026",@Sage_Tega No good deed goes upunished. Especially in this space,https://x.com/Tuteth_/status/2012362913013534797,144,1,1,0,0,0,0,0,0,0,0,0,0
2008594622743015469,"Tue, Jan 6, 2026",https://t.co/TDuuemsRA5,https://x.com/Tuteth_/status/2008594622743015469,2633,87,378,21,0,0,19,15,6,234,17,0,0
1993037088510689470,"Mon, Nov 24, 2025","Crypto brands are insane - I know wokeism wasn’t good, but using slurs and targeting specific cultures is swinging way too hard the other way. You could just say everyone LARPing. lol",https://x.com/Tuteth_/status/1993037088510689470,3293,33,126,2,0,0,16,0,15,52,10,0,0
2014459420361507114,"Thu, Jan 22, 2026",@AdenJax2012 @deadbitnation deniiiiiiis,https://x.com/Tuteth_/status/2014459420361507114,52,1,2,0,0,0,0,0,1,0,0,0,0
2012374641550004719,"Sat, Jan 17, 2026",@buildinginweb3 You missed one! 👀 Although I do love this list,https://x.com/Tuteth_/status/2012374641550004719,70,1,3,0,0,0,1,0,1,0,0,0,0
2013062788474687523,"Mon, Jan 19, 2026",@jackbutcher go you are smart.,https://x.com/Tuteth_/status/2013062788474687523,90,0,0,0,0,0,0,0,0,0,0,0,0
1990437202266829274,"Mon, Nov 17, 2025","InfoFI is changing for the better, and it's finally finding its place in the market. Remember, infoFI is just decentralized marketing. It works as long as creators get paid for their work, and brands get real traction from a campaign. The biggest issue with infoFI phase 1 and https://t.co/z5DEowrexS",https://x.com/Tuteth_/status/1990437202266829274,1060,20,100,0,0,0,9,0,4,48,0,0,0
2011586351381299221,"Wed, Jan 14, 2026",@lechriss17 Congrats!,https://x.com/Tuteth_/status/2011586351381299221,44,0,1,0,0,0,0,0,0,1,0,0,0
2013328875573407826,"Mon, Jan 19, 2026",@R2D2zen @stogolp @nikitabier The GitHub is called articleFi lmao,https://x.com/Tuteth_/status/2013328875573407826,119,0,1,0,0,0,0,0,1,0,0,0,0
1990122066863952233,"Sun, Nov 16, 2025",Yapping is dead - If you're in infoFI you'll need skin in the game to continue. Take a look at the @MyriadMarkets Xeet leaderboard There are 21 xeeters in the top 50 with 2 xeets or less. There onchain use has propelled them to their LB spots. Some accounts have earned 0 https://t.co/mo9QIS5zoD,https://x.com/Tuteth_/status/1990122066863952233,2127,44,261,2,0,2,38,1,10,61,0,0,0
2012278183995801672,"Fri, Jan 16, 2026",@mdudas bahahaha i think about this all the time.,https://x.com/Tuteth_/status/2012278183995801672,127,1,2,0,0,0,0,0,1,0,0,0,0
2014697130808459414,"Fri, Jan 23, 2026",@TheRealBastian4 @meta_alchemist I love the meta,https://x.com/Tuteth_/status/2014697130808459414,63,1,1,0,0,0,0,0,0,0,0,0,0
2002723799171514848,"Sun, Dec 21, 2025","BTC will become the most valuable asset in the world. And when it does, owning BTC will carry more power than real estate. I believe we’ll eventually be able to build on BTC and add value to the base asset, just like we do with property. &gt; You buy $10k worth of BTC. &gt; You",https://x.com/Tuteth_/status/2002723799171514848,1673,54,165,3,1,0,29,3,12,67,0,0,0
1988716502342586558,"Wed, Nov 12, 2025",Woodsy has been in the tut family since the beginning. Blessed to have the best community,https://x.com/Tuteth_/status/1988716502342586558,1548,29,47,0,0,0,3,1,2,12,0,0,0
1994855424030335242,"Sat, Nov 29, 2025","This is an incredible post about how broken the “traditional” onchain art market is. I saw this outcome coming over a year ago. IMO, the issue is that the onchain digital art market is trying to recreate the trad art market, just online. Opportunities for artists and creatives",https://x.com/Tuteth_/status/1994855424030335242,2083,30,64,2,0,1,5,1,4,23,0,0,0
2013819593609859294,"Wed, Jan 21, 2026",@eeelistar @SanjayWeb3 looking fab,https://x.com/Tuteth_/status/2013819593609859294,58,2,3,0,0,0,0,0,1,0,0,0,0
2009117666209091830,"Thu, Jan 8, 2026",@MeltedMindz can this run in crusor as well?,https://x.com/Tuteth_/status/2009117666209091830,1302,4,23,0,0,0,2,0,11,6,0,0,0
2013660957587706124,"Tue, Jan 20, 2026",@YangYuHao_ thank you!,https://x.com/Tuteth_/status/2013660957587706124,77,1,2,0,0,0,0,0,0,1,0,0,0
2002388990385586406,"Sat, Dec 20, 2025","So I was making a piece of art this morning of Jake Paul getting knocked out by Anthony Joshua. While I was making it, my 4-year-old jumped on my lap and I let her help with a digital art layer. This is the first official art collab between me and my daughter Na'ilah. enjoy https://t.co/7DvHOPLZeb",https://x.com/Tuteth_/status/2002388990385586406,1486,72,201,0,0,2,24,0,5,65,0,0,0
2013067165298016425,"Mon, Jan 19, 2026",@Jampzey yes,https://x.com/Tuteth_/status/2013067165298016425,23,1,2,0,0,0,1,0,0,0,0,0,0
2011524286444683758,"Wed, Jan 14, 2026",@tolibear_ Vibe coding a xeetby extension right now,https://x.com/Tuteth_/status/2011524286444683758,11,1,2,0,0,0,0,0,0,1,0,0,0
2009609514832855528,"Fri, Jan 9, 2026",@mpozzecco Thanks friend!,https://x.com/Tuteth_/status/2009609514832855528,17,1,1,0,0,0,0,0,0,0,0,0,0
1989476663244329140,"Fri, Nov 14, 2025",@AzFlin I just want to make sure you’re okay Not going full emo - ya know? https://t.co/xhrsdYJkzl,https://x.com/Tuteth_/status/1989476663244329140,39,3,7,0,0,0,0,0,0,3,0,0,0
2014479514403811701,"Thu, Jan 22, 2026",@craigscoinpurse need this. lol,https://x.com/Tuteth_/status/2014479514403811701,78,3,4,0,0,0,0,0,0,1,0,0,0
2012896756871184474,"Sun, Jan 18, 2026",@AzFlin @SOLsesame I need 1 click technology,https://x.com/Tuteth_/status/2012896756871184474,40,2,4,0,0,0,0,0,2,0,0,0,0
2010779453866328366,"Mon, Jan 12, 2026",@xeetdotai this is amazing. gg all,https://x.com/Tuteth_/status/2010779453866328366,70,0,0,0,0,0,0,0,0,0,0,0,0
2012512798505345329,"Sat, Jan 17, 2026",@zaddyfi &gt; following the same old rules will keep you stuck,https://x.com/Tuteth_/status/2012512798505345329,85,1,1,0,0,0,0,0,0,0,0,0,0
1994422864192078015,"Fri, Nov 28, 2025",LOB Mint is live for all megaETH LOB testnet holders. you have until 10 days after mainnet. secondary is locked until then. must mint from banner section on rarible - link in next xeet. tut™ https://t.co/E6zYCTIbhx,https://x.com/Tuteth_/status/1994422864192078015,6428,90,716,19,3,0,34,6,29,389,0,0,0
2010162684126474253,"Sun, Jan 11, 2026","Some Alpha - A very under-the-radar TGE is coming soon, and it could do well. If you've ever borrowed from your BTC before, then you could be eligible - go check. Airdrop coming from @MezoNetwork - a leader in BTC lending. https://t.co/sUPhTt39th",https://x.com/Tuteth_/status/2010162684126474253,1591,58,262,4,1,0,23,5,26,133,0,0,0
2012146669165629732,"Fri, Jan 16, 2026",@jakethedegen Get a proper diagnosis and proper treatment,https://x.com/Tuteth_/status/2012146669165629732,110,2,6,0,0,0,0,0,1,3,0,0,0
2012285967457996887,"Fri, Jan 16, 2026",@cabenX thanks friend. So happy we met during the meta.,https://x.com/Tuteth_/status/2012285967457996887,137,2,3,0,0,0,1,0,0,0,0,0,0
2010443681388724497,"Sun, Jan 11, 2026","@Gamejudge_ yup, and it fluctuates. this new x is not static.",https://x.com/Tuteth_/status/2010443681388724497,39,1,5,0,0,0,1,0,0,3,0,0,0
1987951742407823671,"Mon, Nov 10, 2025",@ACthreeNFT @thepeengwin @anradioshow @Realeks_2 @d00liv @KaruptKP @Satoshi_MZ @Maximus_0812 @DaFameless @Yummy_TheArtist @MayanMango @MichyAsg @rocksonabstract @itzmemoryyy @PacmanNFT @joxiecoxie this post has destroyed my tl lol,https://x.com/Tuteth_/status/1987951742407823671,116,5,14,0,0,0,2,0,2,5,0,0,0
2005074442473664739,"Sun, Dec 28, 2025","@mariannehere Would be so fun, hangin with you, @merheb and @SpiralEye_ would be amazing.",https://x.com/Tuteth_/status/2005074442473664739,68,2,7,0,0,0,2,0,2,1,0,0,0
1997394817517764892,"Sat, Dec 6, 2025",I just finished watching the Diddy documentary. Here are my quick thoughts: 1. He is responsible for the deaths of Tupac and Biggie. It’s obvious now. The fact he made albums and danced on stage right after Biggie died is messed up. His hands are 100% dirty in both cases https://t.co/aI0uPECnEn,https://x.com/Tuteth_/status/1997394817517764892,16723,173,1045,22,1,0,32,11,16,221,1,0,0
2003481537543831799,"Tue, Dec 23, 2025",@thebluepantherr What a cookie!,https://x.com/Tuteth_/status/2003481537543831799,95,2,6,0,0,0,1,0,2,1,0,0,0
1998868543509827627,"Wed, Dec 10, 2025",@metabloxx @Pons_ETH Here’s another you missed too. https://t.co/0ECaf98hvf,https://x.com/Tuteth_/status/1998868543509827627,350,3,6,0,0,0,0,0,2,1,0,0,0
2012469343238357323,"Sat, Jan 17, 2026",@mikeweb3 hans solo,https://x.com/Tuteth_/status/2012469343238357323,26,1,1,0,0,0,0,0,0,0,0,0,0
2002117998610726915,"Fri, Dec 19, 2025","@amber_vittoria This makes me so happy. and your girl looks so awake and ready to go, she's an angel.",https://x.com/Tuteth_/status/2002117998610726915,3671,176,194,0,0,0,2,0,3,13,0,0,0
2014773622657675570,"Fri, Jan 23, 2026",@meta_alchemist So ready friend.,https://x.com/Tuteth_/status/2014773622657675570,90,0,2,0,0,0,0,0,2,0,0,0,0
2012579418108055554,"Sat, Jan 17, 2026","@ninja_dev3 @serpinxbt Yeah, that's kinda why I pushed back on Serp. I still think it's important we do crazy things regardless of sentiment. I really just want to create cool things, come hell or high water. This is still the best place in the world to express your wild ideas and have a massive",https://x.com/Tuteth_/status/2012579418108055554,23,1,3,0,0,0,1,0,0,1,0,0,0
2012570308750737920,"Sat, Jan 17, 2026",@bunya_eth @AbstractChain love it!,https://x.com/Tuteth_/status/2012570308750737920,81,1,1,0,0,0,0,0,0,0,0,0,0
2010744867962429544,"Mon, Jan 12, 2026",@Capy_Research yes,https://x.com/Tuteth_/status/2010744867962429544,12,0,0,0,0,0,0,0,0,0,0,0,0
2011823615113568400,"Thu, Jan 15, 2026",@davidonchainx These are my students lol,https://x.com/Tuteth_/status/2011823615113568400,64,0,0,0,0,0,0,0,0,0,0,0,0
2011892476517499087,"Thu, Jan 15, 2026",@walsxbt yup - pretty much my same thought it will be the saem players just doing b to b deals now. lol,https://x.com/Tuteth_/status/2011892476517499087,83,2,5,0,0,0,1,0,1,1,0,0,0
1996607218590847137,"Thu, Dec 4, 2025",Prediction Markets Are Too Easily Manipulated We’re now 14 hours into the first transparent social experiment on this thesis. Early outcomes: &gt; Reached the front page of X for news &gt; Generated an extra 10k in volume on Myriad &gt; Monad market now top trending on Myriad &gt; 52 https://t.co/fYyKaihPeR,https://x.com/Tuteth_/status/1996607218590847137,4768,75,407,5,0,1,34,7,16,163,0,0,0
2010065574672642147,"Sat, Jan 10, 2026",@Soathefirstt im going to vibe code an assistant that can train us on it,https://x.com/Tuteth_/status/2010065574672642147,50,0,0,0,0,0,0,0,0,0,0,0,0
1998918022443184221,"Thu, Dec 11, 2025",@CryptoGorilla Proud to share that I work closely with some of those teams.,https://x.com/Tuteth_/status/1998918022443184221,89,3,6,0,0,0,0,0,2,1,0,0,0
2012883635037184069,"Sun, Jan 18, 2026",@meta_alchemist Meta!!! You’re the goat. Love this activation and love how you are inspiring us all.,https://x.com/Tuteth_/status/2012883635037184069,2868,7,33,0,0,0,1,0,19,6,0,0,0
2013452429920985271,"Tue, Jan 20, 2026","@walsxbt @unwisecap same, missed the whole thing.",https://x.com/Tuteth_/status/2013452429920985271,83,1,2,0,0,0,0,0,1,0,0,0,0
2015217623638716810,"Sun, Jan 25, 2026",@fvckingdegen I can’t!,https://x.com/Tuteth_/status/2015217623638716810,369,1,1,0,0,0,0,0,0,0,0,0,0
1994875065402352072,"Sat, Nov 29, 2025","@eeelistar I think this is one of those things that everyone knows, but has no idea how to actually do it.",https://x.com/Tuteth_/status/1994875065402352072,436,3,9,0,0,0,1,0,3,2,0,0,0
2001806562269237740,"Fri, Dec 19, 2025",Note: It took me two years of therapy and hard work to transition from a selfish to an unselfish life. Selfishness is a mental illness and addiction.,https://x.com/Tuteth_/status/2001806562269237740,917,22,50,0,0,0,10,0,4,14,0,0,0
2004658687538040843,"Fri, Dec 26, 2025",@imthatdexter thanks dexter,https://x.com/Tuteth_/status/2004658687538040843,27,2,3,0,0,0,0,0,0,1,0,0,0
2012965364787798147,"Sun, Jan 18, 2026","@bread_ yeah man, the old creative brain has a concept already.",https://x.com/Tuteth_/status/2012965364787798147,62,0,1,0,0,0,0,0,1,0,0,0,0
1999517293764661426,"Fri, Dec 12, 2025",@ptyunbo @megaeth Ayyye LFG!,https://x.com/Tuteth_/status/1999517293764661426,132,4,13,0,0,0,1,0,6,2,0,0,0
1998305613076725816,"Tue, Dec 9, 2025",Another 100k up for grabs with xeet x @ADIChain_ . Gotta be over 1mil available to creators on xeet rn. Going to look into it,https://x.com/Tuteth_/status/1998305613076725816,686,14,32,0,0,0,8,0,0,10,0,0,0
2012276935473148128,"Fri, Jan 16, 2026",@web3melon cooking,https://x.com/Tuteth_/status/2012276935473148128,101,1,2,0,0,1,0,0,0,0,0,0,0
2011413551924351252,"Wed, Jan 14, 2026",@CryptoGorilla Abstractions by tut of course,https://x.com/Tuteth_/status/2011413551924351252,63,0,0,0,0,0,0,0,0,0,0,0,0
2003132857833681102,"Mon, Dec 22, 2025","BREAKING 🍞🍞🍞 The Legend of Breadio claim on ETH is DONE. There is no more bread. Slices will be airdropped to ETH LOB pass holders on @megaeth mainnet when it goes public (early Jan). Supply is now capped, and the rest will be burned (except for the 1/1s). The oven stays https://t.co/ZV7vQQZy5B",https://x.com/Tuteth_/status/2003132857833681102,1939,84,283,1,1,0,40,10,21,109,0,0,0
2009348125836890340,"Thu, Jan 8, 2026",@datadashboards @Polymarket @Kalshi @TheBlock__ I know! you're the goat. volume and users,https://x.com/Tuteth_/status/2009348125836890340,16,1,2,0,0,0,1,0,0,0,0,0,0
1989801106768368099,"Sat, Nov 15, 2025",@thepeengwin @CrypSaf @Plasma @HyperliquidX @katana @berachain @AbstractChain @StoryProtocol @megaeth Bera focused on defi and tvl from the get. Abstract did not.,https://x.com/Tuteth_/status/1989801106768368099,68,3,11,0,0,0,2,0,0,6,0,0,0
2012357656262959105,"Sat, Jan 17, 2026",@oppamia Yes - would love to chat,https://x.com/Tuteth_/status/2012357656262959105,15,1,2,0,0,0,0,0,1,0,0,0,0
1998474811077435723,"Tue, Dec 9, 2025","There’s a massive scandal unfolding in the art side of CT. A well-known artist curated and promoted by SuperRare was caught stealing from her peer, the incredibly talented FaithLove (@Izzyalright), and passing the work off as her own. The process was literally: - right-click https://t.co/pd4puGV1pe",https://x.com/Tuteth_/status/1998474811077435723,3181,72,351,1,0,0,26,5,18,85,0,0,0
1991606590743670863,"Thu, Nov 20, 2025",@PrismFi_ done,https://x.com/Tuteth_/status/1991606590743670863,614,3,3,0,0,0,0,0,0,0,0,0,0
2009373296559538214,"Thu, Jan 8, 2026",@0xFTWR I wrote an article: https://t.co/6mxuUtEU2R,https://x.com/Tuteth_/status/2009373296559538214,41,1,5,0,0,0,1,0,0,3,0,0,0
2011602964289614146,"Thu, Jan 15, 2026",@chai_lens Yes,https://x.com/Tuteth_/status/2011602964289614146,59,1,1,0,0,0,0,0,0,0,0,0,0
2001426037515948257,"Wed, Dec 17, 2025","As you all know, I'm super interested in decentralized marketing. One massive area that has yet to see much development is visual content, including video. Well, @MindoAI is now unlocking paid decentralized campaigns for video creators. They already have $70k in prizes across",https://x.com/Tuteth_/status/2001426037515948257,977,13,64,0,0,0,11,1,4,35,0,0,0
2013358040305504714,"Mon, Jan 19, 2026",https://t.co/0sotN4qhLr,https://x.com/Tuteth_/status/2013358040305504714,249,1,27,0,0,0,1,0,1,7,17,0,0
2006355467015225667,"Wed, Dec 31, 2025","GM The last one of 2025. This is your reminder that no matter what happens in 2026, you have the capacity to handle it. All the highs and lows - you're going to crush it because you can handle anything. Love you all - tut™ https://t.co/D63mSJ137B",https://x.com/Tuteth_/status/2006355467015225667,1390,80,195,0,1,4,40,7,7,53,0,0,0
1989362397228990617,"Fri, Nov 14, 2025","@0xDith to be clear, I'm not calling anyone out, I suffer from this too. It just makes me sad for humanity - it operates like a self fulfilling prophecy or a cycle of distrust https://t.co/I1r1PiKysl",https://x.com/Tuteth_/status/1989362397228990617,311,4,13,0,0,0,0,1,2,2,0,0,0
2007546419599810931,"Sat, Jan 3, 2026","Is it just me, or is the X algorithm now better than ever? &gt; The “For You” tab is all content I like. &gt; All the homies are cooking. &gt; X payouts were doubled. I’m long on @nikitabier here. https://t.co/r7mtANtk9z",https://x.com/Tuteth_/status/2007546419599810931,2310,58,139,0,0,0,29,2,11,35,0,0,0
2010911792701096236,"Tue, Jan 13, 2026","I think we're fucked. Not because AI will replace us. No, because AI will give us the power to accomplish 1,000 things a day. That will come with an extremely high bar of satisfaction that can only be met by using AI tools to keep up. Before this tech, we were fine with just",https://x.com/Tuteth_/status/2010911792701096236,2941,61,212,5,2,2,25,4,8,112,0,0,0
2003938906228904249,"Wed, Dec 24, 2025",@punk9059 @Tyler_Did_It @Legendaryy @EasyEatsBodega @notthreadguy Glad you enjoyed this stats! Thanks for coming to the bakery.,https://x.com/Tuteth_/status/2003938906228904249,209,4,9,0,0,0,1,0,4,0,0,0,0
1991971711022203020,"Fri, Nov 21, 2025",@0xWalido you are def gmi,https://x.com/Tuteth_/status/1991971711022203020,137,3,5,0,0,0,1,0,0,1,0,0,0
2012264324513910929,"Fri, Jan 16, 2026",@bunya_eth jfc bunya!,https://x.com/Tuteth_/status/2012264324513910929,96,0,1,0,0,0,1,0,0,0,0,0,0
2014771377837113814,"Fri, Jan 23, 2026","@onchainmo I’m a college prof, we try to teach this stuff in school. It’s not black and white But great work.",https://x.com/Tuteth_/status/2014771377837113814,204,2,9,1,0,0,0,1,4,2,0,0,0
2011837076732284993,"Thu, Jan 15, 2026",@whenmo0n @wallchain gg,https://x.com/Tuteth_/status/2011837076732284993,46,1,5,0,0,0,1,0,0,3,0,0,0
2011989454353760415,"Fri, Jan 16, 2026",@xeetdotai ready for the next phase of xeet - just lmk,https://x.com/Tuteth_/status/2011989454353760415,256,1,3,0,0,0,1,0,1,0,0,0,0
2009999277419048986,"Sat, Jan 10, 2026","@plusthomasp They will not admit it, but he shot her to stop her fleeing. Not because he was being run over.",https://x.com/Tuteth_/status/2009999277419048986,26,1,3,0,0,0,1,0,0,1,0,0,0
2009331002796331515,"Thu, Jan 8, 2026",@datadashboards @Polymarket @Kalshi @TheBlock__ can't fuck with Dash lmao,https://x.com/Tuteth_/status/2009331002796331515,33,1,5,0,0,0,1,0,1,2,0,0,0
1996569852371247256,"Thu, Dec 4, 2025","babe, wake up My art made it to the front page of X https://t.co/kQ0plkM8LH",https://x.com/Tuteth_/status/1996569852371247256,1757,66,154,1,0,0,15,0,15,30,0,0,0
2013630600364642622,"Tue, Jan 20, 2026",@Degenplayer_1 Ultra and I just like building and shipping.,https://x.com/Tuteth_/status/2013630600364642622,44,1,3,0,0,0,1,0,0,1,0,0,0
2013626892348174492,"Tue, Jan 20, 2026",The X Article dashboard I initially built has turned into a collab with 0x_Ultra. It’s brilliant. Ultra put his touch on the code and revamped it into a much more accurate database. This is a massive reminder. This dashboard is currently the only resource in the world https://t.co/mdsypxq1FJ,https://x.com/Tuteth_/status/2013626892348174492,4255,87,307,2,1,0,23,2,16,108,0,0,0
2012511619767509465,"Sat, Jan 17, 2026",@0xxbeacon I'm so happy to be building alongside you guys. tut™ is operating in the same way.,https://x.com/Tuteth_/status/2012511619767509465,208,2,7,0,0,0,2,0,3,0,0,0,0
2009647123990761843,"Fri, Jan 9, 2026",@levithefirst @EIP7503 @Sage_Tega @abuabel_001 @emmyb0y so down!,https://x.com/Tuteth_/status/2009647123990761843,13,1,2,0,0,0,0,0,1,0,0,0,0
2015214766042595779,"Sun, Jan 25, 2026",I downloaded Clawbot and let it run for 8 hours. Went to the park with my kids. Came back to this: → Cleaned my inbox → Organized my calendar → Found free weekends for me and my wife → Created a burner phone → Found free weekends for me and my mistress → Diagnosed me https://t.co/bBtMpC56Wf,https://x.com/Tuteth_/status/2015214766042595779,73295,824,3977,243,52,8,72,39,110,1999,2,0,0
2012487171182133749,"Sat, Jan 17, 2026",@Parsats_eth https://t.co/FIP5n1qY8E,https://x.com/Tuteth_/status/2012487171182133749,47,2,2,1,0,0,0,0,0,0,0,0,0
2012531228885372959,"Sat, Jan 17, 2026",@beausecurity I have a bad feeling about this,https://x.com/Tuteth_/status/2012531228885372959,78,1,1,0,0,0,0,0,0,0,0,0,0
2011583836770222242,"Wed, Jan 14, 2026",@MortachThomas Let’s go brother!,https://x.com/Tuteth_/status/2011583836770222242,25,1,1,0,0,0,0,0,0,0,0,0,0
2010825120676217030,"Mon, Jan 12, 2026",@SakiRAWR @deadbitnation yes bb https://t.co/3S9Sjn9eSk,https://x.com/Tuteth_/status/2010825120676217030,35,1,1,0,0,0,0,0,0,0,0,0,0
2011412624613745026,"Wed, Jan 14, 2026",@cabenX gm caben,https://x.com/Tuteth_/status/2011412624613745026,33,0,0,0,0,0,0,0,0,0,0,0,0
2002528665226424494,"Sat, Dec 20, 2025",@StarPlatinum_ incredible work brother.,https://x.com/Tuteth_/status/2002528665226424494,179,4,5,0,0,0,0,0,1,0,0,0,0
1995919534172020923,"Tue, Dec 2, 2025",ALPHA - MegaETH Follow and turn on notifications. A new way to build financialized communities on chain - coming to megaETH @DingOnchain https://t.co/qzLAnYVLjW,https://x.com/Tuteth_/status/1995919534172020923,3166,133,680,6,1,17,65,9,159,297,0,0,0
2011831895495958787,"Thu, Jan 15, 2026",@monitalan it was over before we ever got to start,https://x.com/Tuteth_/status/2011831895495958787,44,1,2,0,0,0,0,0,0,1,0,0,0
1987923962412532216,"Mon, Nov 10, 2025",@Tma_420 i thought i wrote this... just know all the dads are with you brother. ded to the world today.,https://x.com/Tuteth_/status/1987923962412532216,123,3,18,0,0,0,0,0,0,15,0,0,0
2014385088209752555,"Thu, Jan 22, 2026","@Aizcalibur oh I do, it's still a pain, lmao",https://x.com/Tuteth_/status/2014385088209752555,45,2,5,0,0,0,0,0,0,3,0,0,0
2013068477284671758,"Mon, Jan 19, 2026","@imthatdexter yeah, exactly.",https://x.com/Tuteth_/status/2013068477284671758,39,1,5,0,0,0,1,0,0,3,0,0,0
2010903583936675981,"Tue, Jan 13, 2026",@Predictefy @opinionlabsxyz @Kalshi @Polymarket @0xProbable @predictdotfun @SX_Bet @trylimitless @footballdotfun @MyriadMarkets where can I access this data?,https://x.com/Tuteth_/status/2010903583936675981,96,0,1,0,0,0,0,0,0,1,0,0,0
2014772788062462251,"Fri, Jan 23, 2026",@badlydrawnbarry Cook it Barry,https://x.com/Tuteth_/status/2014772788062462251,112,1,2,0,0,0,0,0,0,1,0,0,0
1996725271991353355,"Thu, Dec 4, 2025",For everyone paying attention: I slashed @monad yesterday as part of the first open experiment to manipulate a prediction market. Myriad Markets currently has a bet that Monad won’t be successfully slashed in the next 24 hours. Since the experiment began: - Price went from 6% https://t.co/sImVOvgpUI,https://x.com/Tuteth_/status/1996725271991353355,3781,68,265,2,0,1,32,2,19,98,0,0,0
2013101796663738874,"Mon, Jan 19, 2026",@stogolp you get my vote,https://x.com/Tuteth_/status/2013101796663738874,114,5,8,0,0,0,0,0,1,2,0,0,0
2003156876595491060,"Mon, Dec 22, 2025","@punk9059 Combined with a For You feed that isn't a chronology of your followers anymore, and is now filled with random brain rot. Yeah, I'm actually pissed about X now.",https://x.com/Tuteth_/status/2003156876595491060,246,3,10,0,0,0,1,0,3,3,0,0,0
2013812306287657088,"Wed, Jan 21, 2026","@nishseq @LucaNetz @zaddyfi @yotdog69 @greenytrades @merheb @elenionchain @MindfulMarketOG @craigscoinpurse @shivst3r @ProofOfEly oh man, I love these.",https://x.com/Tuteth_/status/2013812306287657088,88,2,8,0,0,1,1,0,1,3,0,0,0
2005667025042206728,"Mon, Dec 29, 2025",@StephenCurry30 made this for you brother. please like it! lol,https://x.com/Tuteth_/status/2005667025042206728,206,2,5,0,0,0,0,0,1,2,0,0,0
1989856993419620548,"Sun, Nov 16, 2025","A fugz real on Instagram just did 40m views. That's as good as any web3 brand on instagram, including Pudgy Penguins. Now that Abstract Chain is doubling down on IP, it makes me even more bullish on fugz. There isn't an IP as good as fugz in all of web3 IMO.",https://x.com/Tuteth_/status/1989856993419620548,4069,64,176,0,0,0,23,8,6,75,0,0,0
1988265380301730283,"Tue, Nov 11, 2025",gm https://t.co/ihn8S1soRw,https://x.com/Tuteth_/status/1988265380301730283,906,49,110,1,0,3,27,0,3,23,0,0,0
2013442352136794239,"Tue, Jan 20, 2026",@bunya_eth @pudgypenguins big dog bunya,https://x.com/Tuteth_/status/2013442352136794239,62,1,1,0,0,0,0,0,0,0,0,0,0
2014460577007968445,"Thu, Jan 22, 2026",@Soathefirstt more bullish than ever,https://x.com/Tuteth_/status/2014460577007968445,151,0,0,0,0,0,0,0,0,0,0,0,0
2003190750650007932,"Mon, Dec 22, 2025","So @StoryProtocol just rolled out their latest marketing campaign. My feed is full of creators posting what looks like obviously paid content. (I could be wrong, but I don't think so.) The sad thing about this style of marketing is that it achieves nothing now. It's so https://t.co/U5fyRAddQn",https://x.com/Tuteth_/status/2003190750650007932,1787,51,301,3,1,2,22,2,11,110,0,0,0
2012566006992953428,"Sat, Jan 17, 2026","@0xdgw Yes, I'm aware. Just sharing my thoughts after the convo I had.",https://x.com/Tuteth_/status/2012566006992953428,18,1,5,0,0,0,1,0,0,3,0,0,0
2010903215047590343,"Tue, Jan 13, 2026",@munchPRMR the real question is do you respond to them?,https://x.com/Tuteth_/status/2010903215047590343,62,0,0,0,0,0,0,0,0,0,0,0,0
2001693029116317960,"Thu, Dec 18, 2025","LET'S HAVE SOME FUN! The holidays are coming, and as your resident baker, I want to make you some Christmas cookies. Drop your PFP below and I'll bake you a cookie. Who knows, maybe I'll vibe-code an app that can do this automatically. Here's my @goodvibesclub turned into a https://t.co/GEaaUUfyzU",https://x.com/Tuteth_/status/2001693029116317960,4837,63,279,3,0,1,54,10,14,128,1,0,0
2012569887495909826,"Sat, Jan 17, 2026",@notthreadguy ON IT,https://x.com/Tuteth_/status/2012569887495909826,20,0,0,0,0,0,0,0,0,0,0,0,0
1996371621339369755,"Thu, Dec 4, 2025","@commander_web3 @Infinit_Labs I would play around polymarket, Kalshi and myriad.",https://x.com/Tuteth_/status/1996371621339369755,134,3,17,1,0,0,1,0,13,0,0,0,0
2010536738155016571,"Mon, Jan 12, 2026",@Pons_ETH this is the xeet AI bot,https://x.com/Tuteth_/status/2010536738155016571,125,1,2,0,0,0,1,0,0,0,0,0,0
2012538636286177637,"Sat, Jan 17, 2026","I was on a space yesterday and people were still talking about how crypto has an onboarding problem. I hate to break it to everyone, but the only crypto onboarding problem we have is there's no good reason to onboard. The biggest onboarding event was when it yielded the highest https://t.co/LO7hF8pX8D",https://x.com/Tuteth_/status/2012538636286177637,912,37,81,2,0,0,12,0,1,27,0,0,0
2015101815059075093,"Sat, Jan 24, 2026",Just got news my uncle is in Hospice care. Hug your loved ones. tut™,https://x.com/Tuteth_/status/2015101815059075093,1407,61,129,0,0,1,24,0,4,39,0,0,0
1988297604267208812,"Tue, Nov 11, 2025",@Pons_ETH @MyriadMarkets skin in the game or gtfo,https://x.com/Tuteth_/status/1988297604267208812,309,8,16,0,0,0,1,0,1,6,0,0,0
2011895359271006318,"Thu, Jan 15, 2026","@craigscoinpurse dude, no oddjob",https://x.com/Tuteth_/status/2011895359271006318,60,4,4,0,0,0,0,0,0,0,0,0,0
2013828253111234680,"Wed, Jan 21, 2026",@CozomoMedici Beeple is Xcopy,https://x.com/Tuteth_/status/2013828253111234680,318,1,2,0,0,0,0,0,1,0,0,0,0
2003192639135358982,"Mon, Dec 22, 2025",@CrypSaf i love finding those accounts legends. lol,https://x.com/Tuteth_/status/2003192639135358982,222,4,9,0,0,1,1,0,3,0,0,0,0
1987648916418961857,"Sun, Nov 9, 2025",This is the greatest piece of content to come out of the ICOBeast drama. Just sayin,https://x.com/Tuteth_/status/1987648916418961857,2071,37,80,0,0,0,13,0,2,28,0,0,0
2012580254838055053,"Sat, Jan 17, 2026",@nicedayJules @batzdu I need to get in on this,https://x.com/Tuteth_/status/2012580254838055053,75,1,5,0,0,0,0,0,0,4,0,0,0
2010459772592771115,"Sun, Jan 11, 2026","@Gamejudge_ being a creator, learning marketing, networking, learning how vibe code and ship, and there is still some alpha.",https://x.com/Tuteth_/status/2010459772592771115,12,1,2,0,0,0,0,0,0,1,0,0,0
2002192255281410154,"Sat, Dec 20, 2025",@batzdu lmao same vibes https://t.co/ms3buNAnB3,https://x.com/Tuteth_/status/2002192255281410154,142,3,10,0,0,0,1,0,0,2,0,0,0
2012918203375059052,"Sun, Jan 18, 2026",@klugmic @FugzOfficial clean!,https://x.com/Tuteth_/status/2012918203375059052,53,0,1,0,0,0,0,0,0,1,0,0,0
1999182764755534057,"Thu, Dec 11, 2025","To be clear, I'm just memeing and having fun. All love for GVC and Xeet. I'll be sharing a more professional post later.",https://x.com/Tuteth_/status/1999182764755534057,308,3,5,0,0,0,1,0,0,1,0,0,0
2011820436376465859,"Thu, Jan 15, 2026",@cblkrypt @EIP7503 i want it,https://x.com/Tuteth_/status/2011820436376465859,52,1,1,0,0,0,0,0,0,0,0,0,0
2012466271061688639,"Sat, Jan 17, 2026",@DeeZe hahaha enjoy!,https://x.com/Tuteth_/status/2012466271061688639,60,1,1,0,0,0,0,0,0,0,0,0,0
2003481418199105937,"Tue, Dec 23, 2025",@badlydrawnbarry Barry has had a glow up,https://x.com/Tuteth_/status/2003481418199105937,80,2,4,0,0,0,1,0,1,0,0,0,0
2013060820951798107,"Mon, Jan 19, 2026",@sizdafunds @IterIntellectus check my pinned. or here: https://t.co/0sotN4qhLr,https://x.com/Tuteth_/status/2013060820951798107,34,1,18,1,0,0,0,0,5,2,10,0,0
2014492890328670676,"Fri, Jan 23, 2026",@Cryptopapa7114 @forexus I know,https://x.com/Tuteth_/status/2014492890328670676,100,2,5,0,0,0,0,0,2,1,0,0,0
2011890662267109846,"Thu, Jan 15, 2026","@buildinginweb3 exactly. short sighted. and my other guess and assumption is that the x team are not dumb, they did this for other reasons.",https://x.com/Tuteth_/status/2011890662267109846,38,1,1,0,0,0,0,0,0,0,0,0,0
1996635115880169562,"Thu, Dec 4, 2025","UPDATE! I just received my first negative review on @ethos_network based on my recent experiment. The irony is poetic. This person made a ton of assumptions while claiming to champion the “spirit” of Ethos. Friend, I have facts and timestamps proving the slash was not https://t.co/vcwPv7rTpl",https://x.com/Tuteth_/status/1996635115880169562,5187,89,619,3,0,0,36,1,41,191,0,0,0
2009643139792077053,"Fri, Jan 9, 2026",@cblkrypt @xeetdotai yes ser,https://x.com/Tuteth_/status/2009643139792077053,17,2,2,0,0,0,0,0,0,0,0,0,0
2003867935878808061,"Wed, Dec 24, 2025","@sauciii Lmao, how's the collectible shelf at home looking?",https://x.com/Tuteth_/status/2003867935878808061,158,2,2,0,0,0,0,0,0,0,0,0,0
2011537778232746442,"Wed, Jan 14, 2026",@emilios_eth @xeetdotai congrats - please add a community building variable to the xeet algo.,https://x.com/Tuteth_/status/2011537778232746442,66,3,4,0,0,0,0,0,1,0,0,0,0
2014082127147454707,"Wed, Jan 21, 2026",@kolkrypt @megaeth you can even miss a few times,https://x.com/Tuteth_/status/2014082127147454707,54,2,2,0,0,0,0,0,0,0,0,0,0
2013267291647955028,"Mon, Jan 19, 2026","@lanofx i wish, but no",https://x.com/Tuteth_/status/2013267291647955028,28,1,1,0,0,0,0,0,0,0,0,0,0
2012917067196842182,"Sun, Jan 18, 2026",@thebluepantherr lol good!,https://x.com/Tuteth_/status/2012917067196842182,29,1,1,0,0,0,0,0,0,0,0,0,0
2012465301703528628,"Sat, Jan 17, 2026",@erequendi So down,https://x.com/Tuteth_/status/2012465301703528628,67,2,2,0,0,0,0,0,0,0,0,0,0
2012266641384485281,"Fri, Jan 16, 2026","@pawnie_ hmmm, i dunno, ad features on platforms seem like an outlier thing to me. different marketing strategy.",https://x.com/Tuteth_/status/2012266641384485281,111,3,3,0,0,0,0,0,0,0,0,0,0
2010758893593411782,"Mon, Jan 12, 2026","@xeetdotai Data on my content: - How many posts per campaign - What performs well - Ability to network with campaign teams - Algo tracking Honestly, you guys could make this a hub for X creators to find their edge and improve their content. X creators get better = better campaigns for X",https://x.com/Tuteth_/status/2010758893593411782,642,16,34,0,0,1,1,1,1,14,0,0,0
2009455825237299346,"Fri, Jan 9, 2026",@fvckingdegen @xeetdotai https://t.co/RlFGV3IE7Q,https://x.com/Tuteth_/status/2009455825237299346,46,1,2,0,0,0,0,0,0,1,0,0,0
2013052888986026129,"Mon, Jan 19, 2026",@thedankoe If you want to track who will win the $1mil prize. I built this X Article dashboard: https://t.co/TFkHIIUgiF,https://x.com/Tuteth_/status/2013052888986026129,319,0,5,0,0,0,0,0,1,3,1,0,0
1988430842729726238,"Wed, Nov 12, 2025",Sometimes I go on fluffle tools by @0x_ultra to just feel things. https://t.co/qK2ulDl2Mv,https://x.com/Tuteth_/status/1988430842729726238,2798,65,294,1,0,0,10,0,18,42,0,0,0
2003907121067577596,"Wed, Dec 24, 2025",Get your cookie and present here: https://t.co/6lsfIm19ZR,https://x.com/Tuteth_/status/2003907121067577596,864,16,261,3,1,0,3,1,1,94,146,0,0
1994788379389489332,"Sat, Nov 29, 2025",@xeetdotai I'm ungrateful that I didn't see this until two days later. lol,https://x.com/Tuteth_/status/1994788379389489332,357,4,7,0,0,0,2,0,1,0,0,0,0
2013047549351891055,"Mon, Jan 19, 2026",@jackbutcher That’s my boy Jack!,https://x.com/Tuteth_/status/2013047549351891055,221,1,1,0,0,0,0,0,0,0,0,0,0
2004671628664512528,"Fri, Dec 26, 2025","@Jampzey remove the thinking, it's even better. So when meditation space?",https://x.com/Tuteth_/status/2004671628664512528,183,3,7,0,0,0,1,0,2,1,0,0,0
1992408305764008217,"Sun, Nov 23, 2025","My X account just got doxxed by the new X feature ""About This Account Globally."" You can now find my exact address and information on how to identify me. This is a massive invasion of privacy. https://t.co/X7XyX5yt0h",https://x.com/Tuteth_/status/1992408305764008217,8673,66,873,4,1,0,33,1,276,153,0,0,0
2010451717545234549,"Sun, Jan 11, 2026","@mpozzecco yes, having so much fun with these palettes.",https://x.com/Tuteth_/status/2010451717545234549,18,1,6,0,0,0,1,0,0,4,0,0,0
1989037482348834913,"Thu, Nov 13, 2025",@WatcherGuru how nice https://t.co/v576QBjFOV,https://x.com/Tuteth_/status/1989037482348834913,417,4,12,0,0,0,0,0,0,4,0,0,0
2011980845083484531,"Fri, Jan 16, 2026",@SOLsesame @stayloudio I just noticed that too It's over. I'm moving on,https://x.com/Tuteth_/status/2011980845083484531,209,2,6,0,0,0,1,0,1,2,0,0,0
2012580998236491837,"Sat, Jan 17, 2026",@pawnie_ excited to read them,https://x.com/Tuteth_/status/2012580998236491837,35,1,1,0,0,0,0,0,0,0,0,0,0
2014413021196529985,"Thu, Jan 22, 2026",@joe_the_ET @deadbitnation yeeeeee,https://x.com/Tuteth_/status/2014413021196529985,88,2,10,0,0,0,2,0,1,5,0,0,0
2003247458173010055,"Mon, Dec 22, 2025",@SickAssPen hired,https://x.com/Tuteth_/status/2003247458173010055,431,3,14,0,0,0,1,0,10,0,0,0,0
2012525625852977377,"Sat, Jan 17, 2026",@EleanorTerrett @coinbase But I thought trump was pro crypto,https://x.com/Tuteth_/status/2012525625852977377,6251,1,13,2,0,0,2,0,4,6,0,0,0
2011836105587311015,"Thu, Jan 15, 2026",@0x_Lens ooof DEAD,https://x.com/Tuteth_/status/2011836105587311015,855,0,1,0,0,0,0,0,0,1,0,0,0
2014500349365653532,"Fri, Jan 23, 2026",@0xjuggernaut_ you're welcome,https://x.com/Tuteth_/status/2014500349365653532,32,1,1,0,0,0,0,0,0,0,0,0,0
2013259106094559504,"Mon, Jan 19, 2026","@JSVaughn1 @Zeneca Sure, but no",https://x.com/Tuteth_/status/2013259106094559504,33,0,2,0,0,0,1,0,0,1,0,0,0
2014430677366620611,"Thu, Jan 22, 2026",@maccurated @deadbitnation https://t.co/gDCqtI8NCG,https://x.com/Tuteth_/status/2014430677366620611,64,1,5,0,0,0,0,0,0,4,0,0,0
2009989369785160139,"Sat, Jan 10, 2026",@R3birth @xeetdotai ON,https://x.com/Tuteth_/status/2009989369785160139,41,1,1,0,0,0,0,0,0,0,0,0,0
2014460613947224189,"Thu, Jan 22, 2026",@Soathefirstt thank you Soa,https://x.com/Tuteth_/status/2014460613947224189,157,0,3,0,0,0,0,0,1,2,0,0,0
1988997015116640554,"Thu, Nov 13, 2025",@AbstractChain this is massive - you guys are doing it man,https://x.com/Tuteth_/status/1988997015116640554,361,6,32,0,0,0,0,0,1,25,0,0,0
2012287408151162999,"Fri, Jan 16, 2026",@icobeast Can't wait for AI Slop Bot Articles,https://x.com/Tuteth_/status/2012287408151162999,94,0,1,0,0,0,0,0,1,0,0,0,0
2014778796298129779,"Fri, Jan 23, 2026",@nics_off @telisxyz @TopStrikeIO @hitdotone @thewarren_app @fasterdotfun @kumbaya_xyz @brix_money Wait until tut adds to this list 🫣,https://x.com/Tuteth_/status/2014778796298129779,237,6,11,0,0,0,3,0,2,0,0,0,0
2014004294769332295,"Wed, Jan 21, 2026",@JohnnotJon Airport,https://x.com/Tuteth_/status/2014004294769332295,76,0,0,0,0,0,0,0,0,0,0,0,0
1989036408372359497,"Thu, Nov 13, 2025","So @fantasy_top_ is shutting down Core. I went from so excited and turbo bullish to be a hero 2 weeks ago &gt; to seeing my favourtie web3 game ever shutting down. The community is actually in shambles - people are sad, they all fell in love with the game and believed in it.",https://x.com/Tuteth_/status/1989036408372359497,4389,28,128,0,0,0,8,2,18,72,0,0,0
2013046916657918091,"Mon, Jan 19, 2026",@R3birth Nice! Go see how you rank on my article dashboard 👀,https://x.com/Tuteth_/status/2013046916657918091,52,2,8,0,0,0,1,0,4,1,0,0,0
2009626958095900680,"Fri, Jan 9, 2026",@0xbeiu Just about to change how we experience art forever,https://x.com/Tuteth_/status/2009626958095900680,25,1,1,0,0,0,0,0,0,0,0,0,0
2011615753230041249,"Thu, Jan 15, 2026",@merheb @craigscoinpurse @TheCarpenter HOT,https://x.com/Tuteth_/status/2011615753230041249,18,3,3,0,0,0,0,0,0,0,0,0,0
2013716733991784923,"Tue, Jan 20, 2026",@0x_degenola Yes - sounds good!,https://x.com/Tuteth_/status/2013716733991784923,47,0,2,0,0,0,1,0,1,0,0,0,0
2004673504747421744,"Fri, Dec 26, 2025","@askofemma @xeetdotai @man_versus_coin @0xdort I am, you just haven't picked it up yet.",https://x.com/Tuteth_/status/2004673504747421744,33,2,5,0,0,0,1,0,0,2,0,0,0
2011827865663230382,"Thu, Jan 15, 2026",@ezcontra Bespoke applications to do exactly what I want it to do.,https://x.com/Tuteth_/status/2011827865663230382,22641,21,205,3,4,0,2,0,15,167,0,0,0
2010054172000072005,"Sat, Jan 10, 2026",@MeltedMindz gm,https://x.com/Tuteth_/status/2010054172000072005,85,1,1,0,0,0,0,0,0,0,0,0,0
1999271640136573307,"Fri, Dec 12, 2025",@Pons_ETH Plague community are so wholesome. Love the frogs,https://x.com/Tuteth_/status/1999271640136573307,119,5,6,0,0,0,0,0,1,0,0,0,0
2014769182597120084,"Fri, Jan 23, 2026",@thebluepantherr @badbunnz_ @0xAlphaGEMs @deadbitnation THE PLEDGE,https://x.com/Tuteth_/status/2014769182597120084,65,1,1,0,0,0,0,0,0,0,0,0,0
1998918907525214306,"Thu, Dec 11, 2025","@pons @serpinxbt wtf did you do to my account, my reach is ded.",https://x.com/Tuteth_/status/1998918907525214306,418,5,29,0,0,0,1,0,15,8,0,0,0
1998868036896645608,"Wed, Dec 10, 2025",@metabloxx @Pons_ETH You missed one Sherlock. https://t.co/ze9UF91RDP,https://x.com/Tuteth_/status/1998868036896645608,323,3,12,0,0,0,0,0,7,2,0,0,0
1996653150737219586,"Thu, Dec 4, 2025","The tut™ family has been building like crazy on megaETH. We are now advising @deadbitnation, @ meowkillmoew, and @DingOnchain. We have our own collection: Legend of Breadio in collaboration with the breadman himself. And we’re super excited to be partnering with all the top https://t.co/VMdEOS2xwf",https://x.com/Tuteth_/status/1996653150737219586,5728,139,565,2,0,4,38,11,111,228,0,0,0
2013356741774196909,"Mon, Jan 19, 2026",@adamagb Are you serious? holy fuk,https://x.com/Tuteth_/status/2013356741774196909,409,3,3,0,0,0,0,0,0,0,0,0,0
1988347940419555437,"Tue, Nov 11, 2025",@vibesforreal1 makes me so happy! @dyli_io check it out,https://x.com/Tuteth_/status/1988347940419555437,180,4,10,0,0,0,1,0,2,3,0,0,0
2011845648941719552,"Thu, Jan 15, 2026",@Legendaryy I'm so curious what our replies are going to be like now.,https://x.com/Tuteth_/status/2011845648941719552,72,0,0,0,0,0,0,0,0,0,0,0,0
2012255350003470801,"Fri, Jan 16, 2026",@fetemi_12 @opensea more tbh,https://x.com/Tuteth_/status/2012255350003470801,49,0,1,0,0,0,0,0,1,0,0,0,0
2000387801410621934,"Mon, Dec 15, 2025","@CryptoUsopp It's harder than you think, so be ready to face difficult emotions. It's more love than you think, so be ready to fall more deeply in love than ever before in your life.",https://x.com/Tuteth_/status/2000387801410621934,197,4,7,0,0,0,2,0,0,1,0,0,0
2014535303734636596,"Fri, Jan 23, 2026",@shaqxbt we got you shaq,https://x.com/Tuteth_/status/2014535303734636596,107,1,1,0,0,0,0,0,0,0,0,0,0
2010761681895641199,"Mon, Jan 12, 2026",@FlourishBello_ @xeetdotai big time,https://x.com/Tuteth_/status/2010761681895641199,28,1,1,0,0,0,0,0,0,0,0,0,0
1999844272913142215,"Sat, Dec 13, 2025",I really believe all creators who hone their craft can 100x from here. The best risk-reward is betting on yourself.,https://x.com/Tuteth_/status/1999844272913142215,1838,33,65,1,0,0,15,1,3,13,0,0,0
2011935951056978284,"Thu, Jan 15, 2026",@SOLsesame @tapdotfun Which chain would you like to send the funds on ser? https://t.co/CeJmzdcZhr,https://x.com/Tuteth_/status/2011935951056978284,878,8,62,0,0,0,0,0,13,9,0,0,0
2008328045338251341,"Tue, Jan 6, 2026","@KamalaHarris I'm so confused, is this from the somali daycare stuff?",https://x.com/Tuteth_/status/2008328045338251341,4919,4,9,0,0,0,0,0,5,0,0,0,0
2009388201270546432,"Thu, Jan 8, 2026",@craigscoinpurse craig g,https://x.com/Tuteth_/status/2009388201270546432,77,1,2,0,0,0,1,0,0,0,0,0,0
2014464355069313211,"Thu, Jan 22, 2026",@nixxyeth madness,https://x.com/Tuteth_/status/2014464355069313211,94,2,6,0,0,0,0,0,2,2,0,0,0
2010002190912630825,"Sat, Jan 10, 2026",@Pons_ETH https://t.co/HE7zFsGDL3,https://x.com/Tuteth_/status/2010002190912630825,30,0,0,0,0,0,0,0,0,0,0,0,0
2009377496030965846,"Thu, Jan 8, 2026",@everyonebpup that's amazing.,https://x.com/Tuteth_/status/2009377496030965846,6,1,2,0,0,0,0,0,0,1,0,0,0
2008923526804238699,"Wed, Jan 7, 2026","@waleswoosh 100%, been making articles about how to get into position on mega get on fluffle tools to start strategizing on apps. https://t.co/lsJLuGxtOW",https://x.com/Tuteth_/status/2008923526804238699,83,4,11,0,0,1,0,0,0,6,0,0,0
2001337830199742631,"Wed, Dec 17, 2025",@MezoNetwork Just wrote a post about this. Will be digging in deeper. Love what you guys are doing.,https://x.com/Tuteth_/status/2001337830199742631,230,3,12,0,0,0,0,0,8,1,0,0,0
2012383804116042112,"Sat, Jan 17, 2026",@710_eth lmao -,https://x.com/Tuteth_/status/2012383804116042112,122,2,5,0,0,0,0,0,2,1,0,0,0
2015238235174117642,"Sun, Jan 25, 2026",@SHL_eth Lmao,https://x.com/Tuteth_/status/2015238235174117642,3135,1,7,0,0,0,0,0,6,0,0,0,0
2009373771434463432,"Thu, Jan 8, 2026",@everyonebpup what did you make?!,https://x.com/Tuteth_/status/2009373771434463432,40,2,6,0,0,0,1,0,1,2,0,0,0
2009645962663489827,"Fri, Jan 9, 2026","@levithefirst @EIP7503 this is exciting, i want to my my art on it",https://x.com/Tuteth_/status/2009645962663489827,29,1,4,0,0,0,1,0,2,0,0,0,0
2013057874126103032,"Mon, Jan 19, 2026",@based16z you should lower the entry so people can just f around.,https://x.com/Tuteth_/status/2013057874126103032,335,4,6,0,0,0,0,0,0,2,0,0,0
2011612916236370421,"Thu, Jan 15, 2026",@xerocooleth sigh,https://x.com/Tuteth_/status/2011612916236370421,57,0,0,0,0,0,0,0,0,0,0,0,0
2005352067419021484,"Sun, Dec 28, 2025",A friendly reminder: Xeet has about 500k in tournament rewards right now. I just got 700 USD from the GVC campaign and will be looking at the @MezoNetwork and @SantaBrowser campaign. The goal is to make good content; the rewards are the cherry on top.,https://x.com/Tuteth_/status/2005352067419021484,902,24,73,0,0,1,11,0,5,32,0,0,0
2011157728815878275,"Tue, Jan 13, 2026","@lol_c4tz yeah, needed some review, but not a lot",https://x.com/Tuteth_/status/2011157728815878275,40,1,3,0,0,0,1,0,0,1,0,0,0
2008708948627779914,"Wed, Jan 7, 2026",@onchainmo I agree with everyone here - we are going to crush it friend.,https://x.com/Tuteth_/status/2008708948627779914,113,2,4,0,0,1,0,0,1,0,0,0,0
2007456417939120346,"Sat, Jan 3, 2026","@michaelbeer01 So cool, will it be available for public use? I can add it to my site",https://x.com/Tuteth_/status/2007456417939120346,27660,25,1290,2,0,5,1,0,1159,100,0,0,0
2011900859806892522,"Thu, Jan 15, 2026","@emrizblaq that's not the point - infoFI was decentralizing the whole process on a path to a better timeline. Now it's gatekept again by a lot of people who dgaf about marketing garbage to their followers, aka you. Not saying they are all like that, but there are a lot of KOLs who DGAF at",https://x.com/Tuteth_/status/2011900859806892522,19,1,7,0,0,0,1,0,0,5,0,0,0
2011840215292219758,"Thu, Jan 15, 2026",Xeet now with a statement. It's really over. WOW https://t.co/Xcyi98FuXB,https://x.com/Tuteth_/status/2011840215292219758,141,4,18,0,0,0,0,0,1,1,0,0,0
1997857495361212847,"Mon, Dec 8, 2025","@SadraWeb3 same, just let the guy create.",https://x.com/Tuteth_/status/1997857495361212847,325,3,6,0,0,0,0,0,3,0,0,0,0
2009094388769775859,"Thu, Jan 8, 2026",Is the United States the only country where the victim of a murder is blamed for being murdered? https://t.co/JNIP0jb2cf,https://x.com/Tuteth_/status/2009094388769775859,2352,29,103,1,0,0,16,0,1,45,0,0,0
2009609580012290133,"Fri, Jan 9, 2026",@lorden_eth Zoom in read the code,https://x.com/Tuteth_/status/2009609580012290133,30,2,8,0,0,0,0,0,0,6,0,0,0
2008600424220414289,"Tue, Jan 6, 2026",@web3melon It’s so good!,https://x.com/Tuteth_/status/2008600424220414289,69,2,3,0,0,0,0,0,1,0,0,0,0
2011412669065302480,"Wed, Jan 14, 2026",@thepeengwin Handsome man,https://x.com/Tuteth_/status/2011412669065302480,50,2,4,0,0,0,2,0,0,0,0,0,0
2012584081272217995,"Sat, Jan 17, 2026",@waleswoosh ohh this gave me an idea......................,https://x.com/Tuteth_/status/2012584081272217995,74,1,1,0,0,0,0,0,0,0,0,0,0
2010189425557242343,"Sun, Jan 11, 2026",@Gamejudge_ @MezoNetwork I got the smolest amount lol,https://x.com/Tuteth_/status/2010189425557242343,99,1,2,0,0,0,0,0,0,1,0,0,0
2010916667254337890,"Tue, Jan 13, 2026",@claudeai just upgraded my plan testing it rn,https://x.com/Tuteth_/status/2010916667254337890,849,0,0,0,0,0,0,0,0,0,0,0,0
2002151614535147623,"Fri, Dec 19, 2025","Dropping a new art collection. The Epstein Files. Bidding begins at: $100,000/piece. This is the most significant artwork of our generation. https://t.co/FudfTlrENa",https://x.com/Tuteth_/status/2002151614535147623,1901,47,166,0,2,0,14,0,11,42,0,0,0
2014461366615060662,"Thu, Jan 22, 2026",@ric_ethX so hyped,https://x.com/Tuteth_/status/2014461366615060662,87,2,2,0,0,0,0,0,0,0,0,0,0
2006537635465216430,"Thu, Jan 1, 2026",This is a must-read. An incredibly inspiring story based on a simple thesis: You can just build things,https://x.com/Tuteth_/status/2006537635465216430,1626,40,92,12,0,0,18,2,8,24,0,0,0
2005068992180842664,"Sun, Dec 28, 2025","@textrnr Made this move a year ago and it was the best decision ever. More broadly, just growing my account and using my artistic creativity to do so with no limits. The medium is irrelevant for me now, and the world is our stage - no reason not to set your distribution net as wide as",https://x.com/Tuteth_/status/2005068992180842664,206,2,7,0,0,0,0,0,5,0,0,0,0
2012269055059669104,"Fri, Jan 16, 2026",@CryptoGorilla @opensea nice man - Trading looks like good again. Going to start dipping my toes back in.,https://x.com/Tuteth_/status/2012269055059669104,39,1,1,0,0,0,0,0,0,0,0,0,0
2013062684095230460,"Mon, Jan 19, 2026",@MindBranches this is less helpful than the article lol,https://x.com/Tuteth_/status/2013062684095230460,1009,8,11,1,0,0,0,0,1,2,0,0,0
2010048565843009708,"Sat, Jan 10, 2026","@Gamejudge_ @xeetdotai just like my ex, build me up, then take me down this is the cycle of abuse you know.",https://x.com/Tuteth_/status/2010048565843009708,70,1,7,0,0,0,0,0,3,3,0,0,0
2012531419986247840,"Sat, Jan 17, 2026",@SwizzyOnChain What skills do you have?,https://x.com/Tuteth_/status/2012531419986247840,29,1,2,0,0,0,1,0,0,0,0,0,0
2004892513832935689,"Sat, Dec 27, 2025",@AzFlin That’s me lmao,https://x.com/Tuteth_/status/2004892513832935689,227,4,6,0,0,0,1,0,0,1,0,0,0
2011889821762142306,"Thu, Jan 15, 2026",@0xwakes It does negate that fact... lol,https://x.com/Tuteth_/status/2011889821762142306,14,0,1,0,0,0,0,0,1,0,0,0,0
2010048450558361724,"Sat, Jan 10, 2026",@Disob340 @xeetdotai I'm fine okay https://t.co/kBEpAp26qx,https://x.com/Tuteth_/status/2010048450558361724,64,1,2,0,0,0,1,0,0,0,0,0,0
2014045513516023915,"Wed, Jan 21, 2026",@BetmanJoe @megaeth @badbunnz_ They ain’t ready,https://x.com/Tuteth_/status/2014045513516023915,103,1,1,0,0,0,0,0,0,0,0,0,0
2004673986760945724,"Fri, Dec 26, 2025",@askofemma @xeetdotai @man_versus_coin @0xdort ty friend.,https://x.com/Tuteth_/status/2004673986760945724,22,2,2,0,0,0,0,0,0,0,0,0,0
2015358093769445795,"Sun, Jan 25, 2026",@ratoshi21 Fucked up,https://x.com/Tuteth_/status/2015358093769445795,334,1,1,0,0,0,0,0,0,0,0,0,0
,,,https://x.com/Tuteth_/status/undefined,0,0,0,0,0,0,0,0,0,0,0,0,0
2011415218534985967,"Wed, Jan 14, 2026",@walsxbt @xeetdotai Nice work brother. Welcome to the club,https://x.com/Tuteth_/status/2011415218534985967,39,0,1,0,0,0,0,0,1,0,0,0,0
2013255646418776478,"Mon, Jan 19, 2026",@Legendaryy that's awesome man. it's so fun building these bespoke personal mini apps.,https://x.com/Tuteth_/status/2013255646418776478,108,0,0,0,0,0,0,0,0,0,0,0,0
2013950529643110632,"Wed, Jan 21, 2026",@Soathefirstt Thanks Soa,https://x.com/Tuteth_/status/2013950529643110632,40,0,0,0,0,0,0,0,0,0,0,0,0
2009378608163271120,"Thu, Jan 8, 2026",tagging here as per the requirement: @EIP7503,https://x.com/Tuteth_/status/2009378608163271120,250,4,6,0,0,0,0,0,2,0,0,0,0
2013630514352050222,"Tue, Jan 20, 2026",@MtroX207 thank you,https://x.com/Tuteth_/status/2013630514352050222,10,0,0,0,0,0,0,0,0,0,0,0,0
2010063311057105359,"Sat, Jan 10, 2026",@Yasmeen07765101 I'm so excited tbh,https://x.com/Tuteth_/status/2010063311057105359,32,1,3,0,0,0,1,0,0,1,0,0,0
2003497155290619956,"Tue, Dec 23, 2025","@Amordeev holy smokes, which one was that?",https://x.com/Tuteth_/status/2003497155290619956,280,2,3,0,0,0,1,0,0,0,0,0,0
1987949465114996942,"Mon, Nov 10, 2025","@millyy_eth @icobeast @megaeth People have said my content is very ""fud"". But in all honesty is grounded in growth - and people really struggle to accept that.",https://x.com/Tuteth_/status/1987949465114996942,321,4,9,0,0,0,1,0,1,3,0,0,0
2003464533470511187,"Tue, Dec 23, 2025",Get your free cookie and Christmas present here: https://t.co/6lsfIm19ZR,https://x.com/Tuteth_/status/2003464533470511187,1153,23,600,3,1,0,4,0,5,253,315,0,0
1988452271735103664,"Wed, Nov 12, 2025",ok gn https://t.co/EQDWwhxbKL,https://x.com/Tuteth_/status/1988452271735103664,695,21,60,0,1,0,13,1,2,16,0,0,0
2012500514894676250,"Sat, Jan 17, 2026","@pawnie_ Mine won't be like other agencies, way more curated",https://x.com/Tuteth_/status/2012500514894676250,18,2,5,0,0,0,1,0,2,0,0,0,0
2008248846917538066,"Mon, Jan 5, 2026","@Jampzey Before enlightenment, chop wood, carry water. After enlightenment, chop wood, carry water. that's all that matters to me",https://x.com/Tuteth_/status/2008248846917538066,87,3,6,0,0,0,1,0,2,0,0,0,0
1999215260650070522,"Thu, Dec 11, 2025","@BigFloppaEth @itsafwog Honestly, it's the market. Launching in possibly the worst market conditions in years.",https://x.com/Tuteth_/status/1999215260650070522,594,3,10,0,0,0,1,0,4,2,0,0,0
2009275521041895718,"Thu, Jan 8, 2026",@thebluepantherr haha you're right.,https://x.com/Tuteth_/status/2009275521041895718,9,1,1,0,0,0,0,0,0,0,0,0,0
2011998083761258912,"Fri, Jan 16, 2026","@icobeast I don't know, ICO, did you not hear? The return of REAL AND ETHICAL marketing is back.",https://x.com/Tuteth_/status/2011998083761258912,69,2,14,0,0,0,1,0,4,7,0,0,0
2009317144018796822,"Thu, Jan 8, 2026","Hearing some buzz around the new token standard EIP-7503 (Zero-Knowledge Wormholes). What is it? Essentially, assets stored in burned ETH addresses for privacy. A token is launching soon, and they are minting 7503 cypherpunk WORMs. Feels like one that could pop off. Will",https://x.com/Tuteth_/status/2009317144018796822,6139,112,381,3,5,1,34,10,41,183,0,0,0
1994061065441755195,"Thu, Nov 27, 2025",@BetmanJoe all i see is bread https://t.co/OodrX9cyLr,https://x.com/Tuteth_/status/1994061065441755195,124,4,9,0,0,0,1,1,3,0,0,0,0
2011652886384820696,"Thu, Jan 15, 2026",@GoldenBronny @opensea @MetaMask i like my odds,https://x.com/Tuteth_/status/2011652886384820696,67,1,1,0,0,0,0,0,0,0,0,0,0
2012239987643761092,"Fri, Jan 16, 2026",@icobeast oh fuk me,https://x.com/Tuteth_/status/2012239987643761092,50,0,0,0,0,0,0,0,0,0,0,0,0
2013437616192991437,"Tue, Jan 20, 2026",https://t.co/fXTd1dYOaA,https://x.com/Tuteth_/status/2013437616192991437,479,23,92,0,0,0,9,0,1,59,0,0,0
1994795197914284456,"Sat, Nov 29, 2025",@0xKaps esteemed member,https://x.com/Tuteth_/status/1994795197914284456,98,3,7,0,0,0,0,0,0,4,0,0,0
2014391496485622111,"Thu, Jan 22, 2026",@megaeth Let's gooooooo https://t.co/ZaZNrKXCL1,https://x.com/Tuteth_/status/2014391496485622111,1843,9,232,1,0,0,2,0,6,9,0,0,0
2010902665769721974,"Tue, Jan 13, 2026",@xeetdotai mad fast nice work brooooos,https://x.com/Tuteth_/status/2010902665769721974,127,0,0,0,0,0,0,0,0,0,0,0,0
1987511990613377458,"Sun, Nov 9, 2025","@icobeast my friend - ""Airdrop farmers are the single worst possible foundation for a community (except for maybe 'gaming' airdrop farmers)"" I summarized this as ""bad"" Am I wrong to do that?",https://x.com/Tuteth_/status/1987511990613377458,939,11,39,0,0,0,3,0,6,19,0,0,0
2013315253866475921,"Mon, Jan 19, 2026",@DjaniWhaleSkul @stogolp That’s because it is lmao,https://x.com/Tuteth_/status/2013315253866475921,82,0,0,0,0,0,0,0,0,0,0,0,0
2010821337292427674,"Mon, Jan 12, 2026",@Yasmeen07765101 @xeetdotai tons on there! It's an incredible mix tbh,https://x.com/Tuteth_/status/2010821337292427674,89,0,1,0,0,0,0,0,1,0,0,0,0
1988995795639759259,"Thu, Nov 13, 2025",@batzdu gm you disappeared from my feed and had to put notis on to get you back. lol - hope all is well brother,https://x.com/Tuteth_/status/1988995795639759259,223,4,8,0,0,0,1,0,1,2,0,0,0
2010769062708613421,"Mon, Jan 12, 2026",@meowkillmeow @deadbitnation deadbitnation = $homie,https://x.com/Tuteth_/status/2010769062708613421,184,9,10,0,0,0,0,0,1,0,0,0,0
2010003795233980451,"Sat, Jan 10, 2026","@DeeZe I’m super open about my journey, all the good and the bad. It’s a lifestyle. Love seeing you lean in to it!",https://x.com/Tuteth_/status/2010003795233980451,149,4,5,0,0,0,0,0,1,0,0,0,0
2002147878614282337,"Fri, Dec 19, 2025",@ChrisJourdan 198 here,https://x.com/Tuteth_/status/2002147878614282337,98,3,5,0,0,0,2,0,0,0,0,0,0
1996635601974747265,"Thu, Dec 4, 2025",@Tyleryapler @ethos_network 100% - but what is true is serpin is legit and trying to make it better.,https://x.com/Tuteth_/status/1996635601974747265,157,4,6,0,0,0,1,0,0,1,0,0,0
2014929575453618574,"Sat, Jan 24, 2026",@sayinshallah Thank you,https://x.com/Tuteth_/status/2014929575453618574,160,1,1,0,0,0,0,0,0,0,0,0,0
1996418788347228170,"Thu, Dec 4, 2025",@ItTakesElevenBD I hereby revoke your TUT™ on-chain assets in perpetuity.,https://x.com/Tuteth_/status/1996418788347228170,178,5,10,0,0,0,1,0,2,2,0,0,0
2009735107796475974,"Fri, Jan 9, 2026","@CrypSaf dude, was just chatting about you. going to send you some teasers",https://x.com/Tuteth_/status/2009735107796475974,54,2,5,0,0,0,1,0,0,2,0,0,0
2013798158065717504,"Wed, Jan 21, 2026","Parenting There is no other endeavor that challenges man like it. Here's the wild night I just had with my 4yo: 5:00pm pick up daughter from daycare, we go on a pizza date, having a blast. 10/10 vibes 5:30pm grocery shopping, she's picking fruit and veggies and putting them https://t.co/0ElKRbgAJU",https://x.com/Tuteth_/status/2013798158065717504,960,30,108,0,0,0,17,0,3,44,0,0,0
2005280846492627412,"Sun, Dec 28, 2025","@icobeast Hang on, so where are we landing here with NFTs? Foregone conclusion? Is it a monolith? Are all NFTs, regardless of classification or intent, dead? I don’t agree with Timso, but are we saying the entire thing is dead, as in no use cases ever again?",https://x.com/Tuteth_/status/2005280846492627412,325,3,8,0,0,0,1,0,2,2,0,0,0
2008707760498897334,"Wed, Jan 7, 2026",@nics_off stick it in my veins,https://x.com/Tuteth_/status/2008707760498897334,79,2,2,0,0,0,0,0,0,0,0,0,0
1987928420773171692,"Mon, Nov 10, 2025","Story time, As a college professor, there’s a classroom tactic called the sacrificial lamb. When a student tries to dominate or mock the class to show control, you make a clear, public example early or risk losing the room. It's not fun, I'm never proud or enjoy doing this,",https://x.com/Tuteth_/status/1987928420773171692,6486,52,196,0,0,1,19,2,28,94,0,0,0
1996627563490562126,"Thu, Dec 4, 2025",@serpinxbt max comments on slash before? Am I breaking records yet? https://t.co/FrjuhobMZO,https://x.com/Tuteth_/status/1996627563490562126,403,7,29,0,0,0,2,0,2,6,0,0,0
1987301124173373912,"Sat, Nov 8, 2025",@icobeast going to be a long 12 months ser,https://x.com/Tuteth_/status/1987301124173373912,3736,13,31,0,0,0,1,0,2,15,0,0,0
2013048383573782991,"Mon, Jan 19, 2026",@fimmonaci VibeFI,https://x.com/Tuteth_/status/2013048383573782991,64,0,0,0,0,0,0,0,0,0,0,0,0
2013326541447418139,"Mon, Jan 19, 2026",@Lennart_up @base 🙏🏼,https://x.com/Tuteth_/status/2013326541447418139,132,4,4,0,0,0,0,0,0,0,0,0,0
2014743939471884777,"Fri, Jan 23, 2026",@kolkrypt @badbunnz_ @0xAlphaGEMs Show me,https://x.com/Tuteth_/status/2014743939471884777,125,1,2,0,0,0,1,0,0,0,0,0,0
2011996702123966548,"Fri, Jan 16, 2026","@RealDuckMaster @Pons_ETH @scottybmitch @tolibear_ @CarloGarcia @xeetdotai impossible, I rode that wave baby, massive regrets.",https://x.com/Tuteth_/status/2011996702123966548,35,0,0,0,0,0,0,0,0,0,0,0,0
2013993555082072477,"Wed, Jan 21, 2026",@Joestar_sann I’m going to try today I think.,https://x.com/Tuteth_/status/2013993555082072477,12,1,1,0,0,0,0,0,0,0,0,0,0
1997329487113924875,"Sat, Dec 6, 2025","Be like tut™ - Down $50 on the Myriad bet - Lost 80 Ethos pts - Got my first negative review on Ethos ×3 - My Ethos slash on Monad experiment was defended - Got COVID - Lost sense of taste - Bedridden 3 days How am I doing, chat? https://t.co/gwUaSEUT7p",https://x.com/Tuteth_/status/1997329487113924875,3312,90,270,1,0,1,53,1,28,78,0,0,0
2014555797816999945,"Fri, Jan 23, 2026",@imthatdexter my man,https://x.com/Tuteth_/status/2014555797816999945,88,2,6,0,0,0,1,0,0,3,0,0,0
2012572384620933562,"Sat, Jan 17, 2026","@le699a unfortunately, you can't buy a fugz with 0.05 eth lmao",https://x.com/Tuteth_/status/2012572384620933562,182,6,26,0,0,0,2,0,4,14,0,0,0
2014404118547227012,"Thu, Jan 22, 2026",@kolkrypt honestly start simple,https://x.com/Tuteth_/status/2014404118547227012,26,1,1,0,0,0,0,0,0,0,0,0,0
2011092849182568597,"Tue, Jan 13, 2026","@nics_off if you know of any under the radar ones, lmk",https://x.com/Tuteth_/status/2011092849182568597,64,0,4,0,0,0,1,0,1,2,0,0,0
1992076102865739828,"Sat, Nov 22, 2025",@camolNFT This is actually hilarious,https://x.com/Tuteth_/status/1992076102865739828,179,7,7,0,0,0,0,0,0,0,0,0,0
1998148093481803858,"Mon, Dec 8, 2025",@EJR_NFT Tg baby,https://x.com/Tuteth_/status/1998148093481803858,270,4,10,0,0,0,2,0,3,1,0,0,0
2010428055437955462,"Sun, Jan 11, 2026",@bread_ you don't know about the hebrew megaETH contingent?,https://x.com/Tuteth_/status/2010428055437955462,318,4,8,0,0,0,1,0,0,3,0,0,0
2007184222948106717,"Fri, Jan 2, 2026","Major announcement. I built the CoinMarketCap for prediction markets. It’s called ThePredictionMarket. The goal is simple: a 100% free home base for everything prediction markets: &gt; Platforms like polymarket, kalshi, and myriad. &gt; Tools, top traders, and eventually a https://t.co/8ByKzGuc3o",https://x.com/Tuteth_/status/2007184222948106717,5689,138,642,28,1,1,47,15,20,235,0,0,0
,,,https://x.com/Tuteth_/status/undefined,0,0,0,0,0,0,0,0,0,0,0,0,0
1993417937848250480,"Tue, Nov 25, 2025",@0xWalido thank you my friend,https://x.com/Tuteth_/status/1993417937848250480,163,3,3,0,0,0,0,0,0,0,0,0,0
2011790990160359841,"Thu, Jan 15, 2026",@0xPiracyData ty,https://x.com/Tuteth_/status/2011790990160359841,33,1,1,0,0,0,0,0,0,0,0,0,0
2010875469626024067,"Tue, Jan 13, 2026","@Pons_ETH oh man, I'm the same, and I'm finding AI is unlocking that workflow for me too.",https://x.com/Tuteth_/status/2010875469626024067,130,0,0,0,0,0,0,0,0,0,0,0,0
2012583193841369581,"Sat, Jan 17, 2026",@AndrewAsksHow haha this is why I'm just doing it on my own.,https://x.com/Tuteth_/status/2012583193841369581,136,5,10,0,0,0,1,0,4,0,0,0,0
2010054138621767914,"Sat, Jan 10, 2026",@AndrewAsksHow good. time for us to run it back,https://x.com/Tuteth_/status/2010054138621767914,114,1,1,0,0,0,0,0,0,0,0,0,0
2009118838860726281,"Thu, Jan 8, 2026","@MeltedMindz As a non-coder using AI dev tools every day, my mind is in a constant state of being blown and deep fomo.",https://x.com/Tuteth_/status/2009118838860726281,325,3,11,0,0,0,1,0,3,4,0,0,0
1990868646143447459,"Tue, Nov 18, 2025","You came here for the easy money. You bought some NFTs in 2022 for $250 off a friend's recommendation. A month later they sold for $10,000 and you thought, yeah, I can do this, I'm good at this, if I can keep this up I can upgrade the house for my family. Your internet friends https://t.co/8II0suPR0k",https://x.com/Tuteth_/status/1990868646143447459,11597,178,666,16,1,0,59,12,31,293,0,0,0
2012286488986137007,"Fri, Jan 16, 2026",@cabenX infoFI was just a cherry on top to what we are building here.,https://x.com/Tuteth_/status/2012286488986137007,13,0,0,0,0,0,0,0,0,0,0,0,0
2008727206928019924,"Wed, Jan 7, 2026",play with me everyone who signs up gets a free $2' https://t.co/EnAhj3af50,https://x.com/Tuteth_/status/2008727206928019924,226,4,23,0,0,1,0,0,0,6,12,0,0
2011820404118110256,"Thu, Jan 15, 2026",@EIP7503 when tut mint his own art on worm?,https://x.com/Tuteth_/status/2011820404118110256,156,0,5,0,0,0,0,0,3,2,0,0,0
2008243100435788129,"Mon, Jan 5, 2026",https://t.co/2uwAa79Tl1,https://x.com/Tuteth_/status/2008243100435788129,4106,122,1083,32,2,0,35,17,22,615,272,0,0
1990986594812104754,"Wed, Nov 19, 2025",@opensea @dfinzer @crypto gg os - S2 chests was a hit as well,https://x.com/Tuteth_/status/1990986594812104754,237,3,5,0,0,0,0,0,1,1,0,0,0
2002044788292669873,"Fri, Dec 19, 2025",I'm so bullish on what we're building with Dead Bit Nation on @megaeth. There are some massive nuggets to speculate on in this video. Can you find them? You're not ready for this. Every Activation is an Innovation tut™ https://t.co/I4Al7zx2ng,https://x.com/Tuteth_/status/2002044788292669873,6600,178,630,4,0,5,74,21,36,315,0,0,0
2013077434124403089,"Mon, Jan 19, 2026",@MisterPonX got u https://t.co/HV3spksM5d,https://x.com/Tuteth_/status/2013077434124403089,62,1,2,0,0,0,0,0,0,0,0,0,0
2011603363356688410,"Thu, Jan 15, 2026",@kkelebek76 @0xxbeacon When mainnet goes live,https://x.com/Tuteth_/status/2011603363356688410,95,0,0,0,0,0,0,0,0,0,0,0,0
2011841039410008536,"Thu, Jan 15, 2026",@icobeast never did it make it to the inner circle. RIP,https://x.com/Tuteth_/status/2011841039410008536,717,5,12,0,0,0,1,0,2,4,0,0,0
1993347000428093596,"Tue, Nov 25, 2025",UPDATE &gt; MegaETH IMPORTANT The cap will be raised to 1B and opens in 10 minutes at 11 AM. Verified by @Moonshot211 in MegaETH Discord. Why are people doing this? USDm depositors can participate in the 2.5% MegaETH mainnet rewards. https://t.co/OIgpWFFgqj,https://x.com/Tuteth_/status/1993347000428093596,2052,18,128,0,0,0,4,1,13,86,0,0,0
1992979728605790311,"Mon, Nov 24, 2025",@0xwakes me irl,https://x.com/Tuteth_/status/1992979728605790311,169,4,5,0,0,0,0,0,1,0,0,0,0
1999582857333793070,"Fri, Dec 12, 2025",@WatcherGuru how many people actually believe this?,https://x.com/Tuteth_/status/1999582857333793070,1353,11,18,0,0,0,2,1,2,2,0,0,0
2014404176139223245,"Thu, Jan 22, 2026",@imthatdexter thats the best way to start.,https://x.com/Tuteth_/status/2014404176139223245,21,1,2,0,0,0,0,0,0,1,0,0,0
2013800612224209215,"Wed, Jan 21, 2026","@thebluepantherr thanks friend, I'm trying.",https://x.com/Tuteth_/status/2013800612224209215,11,1,1,0,0,0,0,0,0,0,0,0,0
1988715952004083718,"Wed, Nov 12, 2025",@bread_ USDTUT incoming,https://x.com/Tuteth_/status/1988715952004083718,296,8,17,0,0,0,2,0,3,4,0,0,0
1994411874633351491,"Fri, Nov 28, 2025",@megaeth buy secondary here: https://t.co/VFErAZ4lgz,https://x.com/Tuteth_/status/1994411874633351491,1622,12,474,2,1,0,1,0,6,132,323,0,0
2011134281977131208,"Tue, Jan 13, 2026",@BawsaXBT Seriously?,https://x.com/Tuteth_/status/2011134281977131208,34,1,1,0,0,0,0,0,0,0,0,0,0
1993395904305676733,"Tue, Nov 25, 2025",Abstract Chain finally staying out of Twitter drama while MegaETH and Monad get roasted. https://t.co/mnm80VrHjW,https://x.com/Tuteth_/status/1993395904305676733,1915,50,164,1,1,0,16,1,11,60,0,0,0
2011614774925418498,"Thu, Jan 15, 2026",@AzFlin that friend is AzFlin https://t.co/e7MR7dFGYL,https://x.com/Tuteth_/status/2011614774925418498,117,1,3,0,0,0,0,0,1,1,0,0,0
2010023573117968436,"Sat, Jan 10, 2026",@munchPRMR I timed the interaction in Minnesota. 5 seconds from her backing the car up to flee and her being shot. 5 seconds,https://x.com/Tuteth_/status/2010023573117968436,87,0,4,0,0,0,0,0,2,2,0,0,0
2013047109193269507,"Mon, Jan 19, 2026",@emilios_eth 4D chess. Also learned today x doesn’t even have api for articles,https://x.com/Tuteth_/status/2013047109193269507,110,1,1,0,0,0,0,0,0,0,0,0,0
2005736287446393209,"Mon, Dec 29, 2025","Only 2 days left in the first official Xeet tournament. I remember ICOBeast getting six figures from kaitoAI for being a top creator. I'm super curious to see what the payout looks like for the top @xeetdotai creators, considering I'm one of them :) On the other hand, I'm https://t.co/KxDALLCZ6J",https://x.com/Tuteth_/status/2005736287446393209,2380,85,298,1,0,1,47,5,12,76,0,0,0
2007815116499366254,"Sun, Jan 4, 2026","@adamagb @moonbirds @spencer You’re a mad man, and I love it!",https://x.com/Tuteth_/status/2007815116499366254,479,4,11,0,0,0,1,0,4,2,0,0,0
1999563115843690964,"Fri, Dec 12, 2025",@Smokey_ Where can I read more about the payment strategy?,https://x.com/Tuteth_/status/1999563115843690964,255,4,7,0,0,0,1,0,0,2,0,0,0
2013438960475800044,"Tue, Jan 20, 2026",@0xZhao888 thank you!,https://x.com/Tuteth_/status/2013438960475800044,28,1,3,0,0,0,1,0,0,1,0,0,0
1995943403008524455,"Tue, Dec 2, 2025",UPDATE: bought my 3 favourite. cheeto is clearly going to be the recursive winner. $CHEETOSTR https://t.co/t7NSdQZS9R,https://x.com/Tuteth_/status/1995943403008524455,1309,19,86,0,0,1,3,0,11,48,0,0,0
2011562274121805881,"Wed, Jan 14, 2026",https://t.co/jQZ7EhaOAZ,https://x.com/Tuteth_/status/2011562274121805881,4794,125,798,39,2,2,25,14,16,566,50,0,0
2009438511951208513,"Fri, Jan 9, 2026",@ruimiguelopes claude or cursor.,https://x.com/Tuteth_/status/2009438511951208513,18,1,4,0,0,0,1,0,0,2,0,0,0
2003245166006816951,"Mon, Dec 22, 2025",@tdkimber you are the ideal member,https://x.com/Tuteth_/status/2003245166006816951,482,3,20,0,0,0,1,0,14,2,0,0,0
1999162921641742666,"Thu, Dec 11, 2025",URGENT: X is sunsetting unencrypted chats in 48 hours. Your group chat is at risk. Here's how to easily set up a new encrypted group chat before your community is lost forever. https://t.co/P9rY0QjY87,https://x.com/Tuteth_/status/1999162921641742666,2848,24,279,6,5,0,7,4,6,80,0,0,0
2013817431857201444,"Wed, Jan 21, 2026","@Zeneca I would argue the best days, should be the days you are living. :)",https://x.com/Tuteth_/status/2013817431857201444,80,0,0,0,0,0,0,0,0,0,0,0,0
2014408349719150806,"Thu, Jan 22, 2026",@BetmanJoe @deadbitnation I can't Joe! lets see your memes,https://x.com/Tuteth_/status/2014408349719150806,210,1,6,0,0,0,1,0,3,1,0,0,0
2011566890783818130,"Wed, Jan 14, 2026",@Kerna_01 Got you,https://x.com/Tuteth_/status/2011566890783818130,54,1,1,0,0,0,0,0,0,0,0,0,0
2011639035757019462,"Thu, Jan 15, 2026",@Jampzey show me your special badge,https://x.com/Tuteth_/status/2011639035757019462,44,2,2,0,0,0,0,0,0,0,0,0,0
2012267508321960438,"Fri, Jan 16, 2026",@SHL_eth I think you could summarize this a: take a cold plunge everyday lol,https://x.com/Tuteth_/status/2012267508321960438,45,0,0,0,0,0,0,0,0,0,0,0,0
2008195149604463099,"Mon, Jan 5, 2026",I have a feeling @xeetdotai is about to announce some crazy bullish update. Something that breaks the current decentralized marketing model. And the creators who have positioned themselves are about to level up well beyond their current position. The team has been really quiet https://t.co/TKUglE8jm8,https://x.com/Tuteth_/status/2008195149604463099,1224,42,128,0,0,1,23,1,13,36,0,0,0
2008597272268075453,"Tue, Jan 6, 2026",You can access fluffle tools here: https://t.co/BIUUSl4xuY,https://x.com/Tuteth_/status/2008597272268075453,312,9,64,0,0,0,0,0,0,18,37,0,0
2006044824693063850,"Tue, Dec 30, 2025","@Lennart_up @base love it man, I still think about that convo from time to time, and I'm still bullish as ever.",https://x.com/Tuteth_/status/2006044824693063850,36,2,4,0,0,0,1,0,1,0,0,0,0
2010922296156819902,"Tue, Jan 13, 2026",@thebluepantherr hopefully nobody is keeping seed phrases on their desktop!,https://x.com/Tuteth_/status/2010922296156819902,97,1,2,0,0,0,1,0,0,0,0,0,0
1998912738840490483,"Thu, Dec 11, 2025",This type of wah-wah is why we will never win. I was tagged in a post today from someone dunking on @Pons and me for the Good Vibes Club campaign on Xeet. What people don’t understand is that posting like this without due diligence is 100% net negative for everyone. Nobody https://t.co/LcZSV4u4lV,https://x.com/Tuteth_/status/1998912738840490483,2728,56,315,0,0,1,25,2,22,91,0,0,0
1995661142610641259,"Tue, Dec 2, 2025","@ika_xbt @badbunnz_ @WCNetizens it's going to happen, and honestly some healthy competition is okay, and ,maybe even good. just don't get all baseless fud",https://x.com/Tuteth_/status/1995661142610641259,178,5,11,0,0,0,1,0,2,3,0,0,0
2013801210923352476,"Wed, Jan 21, 2026","@meodik24 I was like that, it does get easier tho. 0-1 is relentless.",https://x.com/Tuteth_/status/2013801210923352476,3,0,0,0,0,0,0,0,0,0,0,0,0
2010065638816186754,"Sat, Jan 10, 2026",@Gamejudge_ the best on for x users ever.,https://x.com/Tuteth_/status/2010065638816186754,18,1,4,0,0,0,0,0,0,3,0,0,0
2008932465436418060,"Wed, Jan 7, 2026","I know this is satire. But the culture of hating is really sad. Humans are learning new skills with technology never before available, and it upsets people just because it's a trend. Realistically, as a creative, nothing has inspired me more in my entire life than vibe coding.",https://x.com/Tuteth_/status/2008932465436418060,557,19,41,0,0,0,5,1,1,15,0,0,0
2003244846333722668,"Mon, Dec 22, 2025",Fck it. I'm launching a marketing agency. True creatives are the most valuable - and largely untapped resource in this space. Artists are best positioned to leverage these skills; they just don't know it yet. It's time to level up marketing in this space. Who wants to cook? https://t.co/itzRblDIF2,https://x.com/Tuteth_/status/2003244846333722668,18091,392,1490,38,2,17,175,9,477,328,0,0,0
2013457665700118890,"Tue, Jan 20, 2026",@Joestar_sann down,https://x.com/Tuteth_/status/2013457665700118890,11,1,2,0,0,0,0,0,0,1,0,0,0
2003505136401023045,"Tue, Dec 23, 2025",@camolNFT so complicated. had you asked me 6 months ago yes the new algo is a massive adjustment.,https://x.com/Tuteth_/status/2003505136401023045,123,4,5,0,0,0,0,0,0,1,0,0,0
2010443549540855998,"Sun, Jan 11, 2026",@cfc_anie well thank you,https://x.com/Tuteth_/status/2010443549540855998,18,1,1,0,0,0,0,0,0,0,0,0,0
1995859536910123310,"Tue, Dec 2, 2025",@0x_ultra 1Billion big?,https://x.com/Tuteth_/status/1995859536910123310,255,5,7,0,0,0,1,0,0,1,0,0,0